time,body,x,y,z,vx,vy,vz,energy_error,angular_momentum_error
0,Body1,-5000000,0,0,0,-20,0,0,0
0,Body2,5000000,0,0,0,20,0,0,0
0,Body3,0,8000000,0,-25,0,0,0,0
1000,Body1,-4999966.430239162,-19999.63740348666,0,0.06713899499831594,-19.99923016346706,0,2.711303833646727e-15,6.531752244213863e-16
1000,Body2,4999966.429420518,20000.27333507717,0,-0.06714145119819143,20.00050202576576,0,2.711303833646727e-15,6.531752244213863e-16
1000,Body3,-24999.91813488108,7999936.406840948,0,-24.99975438001247,-0.1271862298696552,0,2.711303833646727e-15,6.531752244213863e-16
2000,Body1,-4999865.723297427,-39998.37106887378,0,0.1342741273454537,-19.99819252629563,0,5.422607667293453e-15,2.177250748071287e-16
2000,Body2,4999865.716747723,40000.91478994305,0,-0.1342839521655853,20.00073624030745,0,5.422607667293453e-15,2.177250748071287e-16
2000,Body3,-49999.34502909948,7999745.627893074,0,-24.99901751798686,-0.2543714011803252,0,5.422607667293453e-15,2.177250748071287e-16
3000,Body1,-4999697.883740646,-59995.93320461714,0,0.201403990656088,-19.99688710828633,0,1.446028711278254e-14,2.177250748071287e-16
3000,Body2,4999697.861635029,60001.65655717462,0,-0.2014260965787392,20.00070265283903,0,1.446028711278254e-14,2.177250748071287e-16
3000,Body3,-74997.78943786676,7999427.664744251,0,-24.99778940773491,-0.3815544552717782,0,1.446028711278254e-14,2.177250748071287e-16
4000,Body1,-4999462.91754099,-79992.05604380854,0,0.2685271786974721,-19.99531393891055,0,2.651052637343466e-14,8.70900299228515e-16
4000,Body2,4999462.865142071,80002.23084339734,0,-0.2685664783080232,20.0004012822434,0,2.651052637343466e-14,8.70900299228515e-16
4000,Body3,-99994.76010814443,7998982.520041115,0,-24.99607003894496,-0.5087343332812998,0,2.651052637343466e-14,8.70900299228515e-16
5000,Body1,-4999160.832076743,-99986.47185384599,0,0.3356422854760234,-19.99347305730893,0,4.03683015231846e-14,4.354501496142575e-16
5000,Body2,4999160.729734488,100002.369878953,0,-0.3357036915041697,19.99983215706937,0,4.03683015231846e-14,4.354501496142575e-16
5000,Body3,-124989.7657745218,7998410.19748929,0,-24.99385939718548,-0.6359099760424611,0,4.03683015231846e-14,4.354501496142575e-16
6000,Body1,-4998791.63613204,-119978.9129461015,0,0.4027479053238757,-19.99136451228825,0,5.512984461748345e-14,2.177250748071287e-16
6000,Body2,4998791.459283587,120001.8059275635,0,-0.4028363306847807,19.99899531552811,0,5.512984461748345e-14,2.177250748071287e-16
6000,Body3,-149982.3151550988,7997710.70185378,0,-24.99115746390953,-0.7630803239839179,0,5.512984461748345e-14,2.177250748071287e-16
7000,Body1,-4998355.339896468,-139969.1116855854,0,0.4698426329853911,-19.98898836231798,0,7.531399537907574e-14,8.70900299228515e-16
7000,Body2,4998355.059065937,140000.2712959913,0,-0.4699629908207821,19.99789080548824,0,7.531399537907574e-14,8.70900299228515e-16
7000,Body3,-174971.9169473729,7996884.038959403,0,-24.98796421646088,-0.8902443170282192,0,7.531399537907574e-14,8.70900299228515e-16
8000,Body1,-4997851.954964647,-159956.8005006072,0,0.5369250637036185,-19.98634467552528,0,1.036320576416082e-13,1.088625374035644e-15
8000,Body2,4997851.53576289,159997.4983436937,0,-0.5370822674228033,19.99651868447017,0,1.036320576416082e-13,1.088625374035644e-15
8000,Body3,-199958.0798241339,7995930.215691333,0,-24.9842796280814,-1.01740089449066,0,1.036320576416082e-13,1.088625374035644e-15
9000,Body1,-4997281.494335652,-179941.7118924298,0,0.6039937933066835,-19.98343352968959,0,1.295400720520103e-13,4.354501496142575e-16
9000,Body2,4997280.897459948,179993.2194924716,0,-0.604192756627485,19.99487901963931,0,1.295400720520103e-13,4.354501496142575e-16
9000,Body3,-224940.3124293659,7994849.239995787,0,-24.98010366791955,-1.144548994978168,0,1.295400720520103e-13,4.354501496142575e-16
10000,Body1,-4996643.97241241,-199923.5784449191,0,0.6710474182941009,-19.98025501223598,0,1.611719501112221e-13,6.531752244213863e-16
10000,Body2,4996643.153646152,199987.167236111,0,-0.6712930552836924,19.99297188779885,0,1.611719501112221e-13,6.531752244213863e-16
10000,Body3,-249918.1233741592,7993641.120880778,0,-24.97543630104054,-1.271687556288228,0,1.611719501112221e-13,6.531752244213863e-16
11000,Body1,-4995939.405000969,-219902.1328341857,0,0.7380845359229969,-19.9768092202277,0,1.928038281704339e-13,0
11000,Body2,4995938.315213304,219979.0741500159,0,-0.7383817610386166,19.99079737538074,0,1.928038281704339e-13,0
11000,Body3,-274891.0212326323,7992305.868416945,0,-24.97027748843767,-1.398815515307868,0,1.928038281704339e-13,0
12000,Body1,-4995167.809309726,-239877.1078382191,0,0.8051037442942254,-19.9730962603576,0,2.274482660448087e-13,6.531752244213863e-16
12000,Body2,4995166.394455112,239968.6729008332,0,-0.8054574724237742,19.9883555784367,0,2.274482660448087e-13,6.531752244213863e-16
12000,Body3,-299858.5145378663,7990843.493738564,0,-24.96462718704491,-1.525931807912691,0,2.274482660448087e-13,6.531752244213863e-16
13000,Body1,-4994329.203948489,-259848.2363465129,0,0.8721036424383735,-19.96911624893893,0,2.708291273831564e-13,4.354501496142575e-16
13000,Body2,4994327.405066282,259955.6962560668,0,-0.8725187889408613,19.98564660262758,0,2.708291273831564e-13,4.354501496142575e-16
13000,Body3,-324820.1117778512,7989254.009044567,0,-24.95848534975105,-1.653035368865976,0,2.708291273831564e-13,4.354501496142575e-16
14000,Body1,-4993423.608927561,-279815.2513696793,0,0.9390828304016382,-19.96486931189484,0,3.133062207769551e-13,4.354501496142575e-16
14000,Body2,4993421.362141486,279939.8770936816,0,-0.9395643111474853,19.98267056321198,0,3.133062207769551e-13,4.354501496142575e-16
14000,Body3,-349775.3213914516,7987537.427599722,0,-24.95185192541497,-1.780125131717853,0,3.133062207769551e-13,4.354501496142575e-16
15000,Body1,-4992451.045656644,-299777.8860490543,0,1.00603990933156,-19.96035558474719,0,3.60904665856531e-13,8.70900299228515e-16
15000,Body2,4992448.282174297,299920.948411695,0,-1.006592640742732,19.97942758503418,0,3.60904665856531e-13,8.70900299228515e-16
15000,Body3,-374723.6517643815,7985693.763735906,0,-24.94472685888265,-1.907200028704539,0,3.60904665856531e-13,8.70900299228515e-16
16000,Body1,-4991411.536943699,-319735.8736662905,0,1.072973481562615,-19.95557521260443,0,4.127206946773351e-13,1.306350448842773e-15
16000,Body2,4991408.183055961,319898.6433377553,0,-1.073602380652563,19.97591780251084,0,4.127206946773351e-13,1.306350448842773e-15
16000,Body3,-399664.6112252026,7983723.032853443,0,-24.9371100910049,-2.034258990647675,0,4.127206946773351e-13,1.306350448842773e-15
17000,Body1,-4990305.106993735,-339688.9476529356,0,1.139882150701632,-19.95052835014836,0,4.627291876090414e-13,8.70900299228515e-16
17000,Body2,4990301.084074159,339872.6951387088,0,-1.140592135115061,19.97214135961683,0,4.627291876090414e-13,8.70900299228515e-16
17000,Body3,-424597.7080413377,7981625.251422605,0,-24.92900155865706,-2.161300946853745,0,4.627291876090414e-13,8.70900299228515e-16
18000,Body1,-4989131.781407483,-359636.8416000011,0,1.206764521713048,-19.94521516162028,0,5.175577762450085e-13,6.531752244213863e-16
18000,Body2,4989127.005911639,359842.837230149,0,-1.207560509765454,19.96809840987029,0,5.175577762450085e-13,6.531752244213863e-16
18000,Body3,-449522.450415105,7979400.436985129,0,-24.9204011947596,-2.288324825013598,0,5.175577762450085e-13,6.531752244213863e-16
19000,Body1,-4987891.58717998,-379579.2892675132,0,1.273619201003965,-19.93963582080579,0,5.772064605852365e-13,8.70900299228515e-16
19000,Body2,4987885.970644789,379808.8031859528,0,-1.274506111720963,19.9637891163167,0,5.772064605852365e-13,8.70900299228515e-16
19000,Body3,-474438.3464797764,7977048.608155937,0,-24.91130892830045,-2.415329551102058,0,5.772064605852365e-13,8.70900299228515e-16
20000,Body1,-4986584.552699117,-399516.0245940486,0,1.340444796509014,-19.93379051101912,0,6.389639367960786e-13,6.531752244213863e-16
20000,Body2,4986578.001742087,399770.3267477991,0,-1.341427549665432,19.95921365151179,0,6.389639367960786e-13,6.531752244213863e-16
20000,Body3,-499344.9042956542,7974569.784624863,0,-24.90172468435847,-2.542314049277668,0,6.389639367960786e-13,6.531752244213863e-16
21000,Body1,-4985210.707744045,-419446.7817062565,0,1.407239917775008,-19.92767942508622,0,7.058427646926978e-13,1.306350448842773e-15
21000,Body2,4985203.12406252,419727.1418346699,0,-1.408323433933726,19.95437219750395,0,7.058427646926978e-13,1.306350448842773e-15
21000,Body3,-524241.6318461756,7971963.987158535,0,-24.89164838412837,-2.669277241782539,0,7.058427646926978e-13,1.306350448842773e-15
22000,Body1,-4983770.083483526,-439371.2949283594,0,1.474003176045372,-19.92130276532705,0,7.772404323120616e-13,2.177250748071287e-15
22000,Body2,4983761.363853876,439678.9825523347,0,-1.4751923765959,19.9492649458154,0,7.772404323120616e-13,2.177250748071287e-15
22000,Body3,-549128.0370340418,7969231.237602339,0,-24.88107994494701,-2.796218048842324,0,7.772404323120616e-13,2.177250748071287e-15
23000,Body1,-4982262.712474195,-459289.2987916403,0,1.540733184344346,-19.91466074353702,0,8.519519157281048e-13,3.701326271721188e-15
23000,Body2,4982252.748750977,459625.5832028143,0,-1.542032991541135,19.94389209742259,0,8.519519157281048e-13,3.701326271721188e-15
23000,Body3,-574003.6276773715,7966371.558882483,0,-24.87001928032099,-2.923135388566338,0,8.519519157281048e-13,3.701326271721188e-15
24000,Body1,-4980688.62865874,-479200.5280439067,0,1.607428557560935,-19.90775358096732,0,9.266633991441479e-13,3.701326271721188e-15
24000,Body2,4980677.307773802,479566.6782938237,0,-1.608843894561373,19.93825386273571,0,9.266633991441479e-13,3.701326271721188e-15
24000,Body3,-598867.9115058895,7963384.975008175,0,-24.85846629995581,-3.050028176847798,0,9.266633991441479e-13,3.701326271721188e-15
25000,Body1,-4979047.867363984,-499104.7176589362,0,1.674087912532594,-19.9005815083047,0,1.001374882560191e-12,2.394975822878416e-15
25000,Body2,4979035.071325555,499502.0025481963,0,-1.675623703434729,19.93235046157725,0,1.001374882560191e-12,2.394975822878416e-15
25000,Body3,-623720.3961571369,7960271.511073858,0,-24.8464209097861,-3.176895327264243,0,1.001374882560191e-12,2.394975822878416e-15
26000,Body1,-4977340.465298918,-519001.6028459033,0,1.740709868128675,-19.89314476565002,0,1.08542530140324e-12,3.701326271721188e-15
26000,Body2,4977326.071190633,519431.2909132855,0,-1.742371038008593,19.92618212315971,0,1.08542530140324e-12,3.701326271721188e-15
26000,Body3,-648560.5891727173,7957031.193261623,0,-24.83388301200774,-3.303735750978094,0,1.08542530140324e-12,3.701326271721188e-15
27000,Body1,-4975566.460552597,-538890.9190587794,0,1.807293045333561,-19.88544360249591,0,1.168270696320223e-12,3.48360119691406e-15
27000,Body2,4975550.340532525,539354.2785703419,0,-1.809084520282446,19.91974908606219,0,1.168270696320223e-12,3.48360119691406e-15
27000,Body3,-673387.9979945744,7953664.048843629,0,-24.82085250511091,-3.430548356637357,0,1.168270696320223e-12,3.48360119691406e-15
28000,Body1,-4973725.892592014,-558772.4020057172,0,1.873836067329522,-19.87747827770392,0,1.258647490775114e-12,4.572226570949704e-15
28000,Body2,4973707.913891611,559270.7009438688,0,-1.875762774490368,19.91305159820654,0,1.258647490775114e-12,4.572226570949704e-15
28000,Body3,-698202.1299613037,7950170.106184696,0,-24.80732928391475,-3.557332050276545,0,1.258647490775114e-12,4.572226570949704e-15
29000,Body1,-4971818.802259832,-578645.7876584032,0,1.94033755957928,-19.86924905948021,0,1.352036845045168e-12,6.096302094599605e-15
29000,Body2,4971798.827182872,579180.293710952,0,-1.94240442718324,19.90608991683226,0,1.352036845045168e-12,6.096302094599605e-15
29000,Body3,-723002.4923044997,7946549.394744948,0,-24.79331323960341,-3.684085735217763,0,1.352036845045168e-12,6.096302094599605e-15
30000,Body1,-4969845.231772094,-598510.8122613927,0,2.006796149908243,-19.86075622535096,0,1.447534991185836e-12,6.531752244213862e-15
30000,Body2,4969823.117693532,599082.792810566,0,-2.009008107310604,19.8988643084705,0,1.447534991185836e-12,6.531752244213862e-15
30000,Body3,-747788.5921451385,7942801.945082592,0,-24.77880425976361,-3.810808311971962,0,1.447534991185836e-12,6.531752244213862e-15
31000,Body1,-4967805.224715784,-618367.212341418,0,2.073210468586429,-19.8520000621363,0,1.545141929197118e-12,6.96720239382812e-15
31000,Body2,4967780.824080676,618977.9344528487,0,-2.075572446302189,19.89137504891755,0,1.545141929197118e-12,6.96720239382812e-15
31000,Body3,-772559.9364900008,7938927.788856762,0,-24.76380222842344,-3.937498678140429,0,1.545141929197118e-12,6.96720239382812e-15
32000,Body1,-4965698.826046375,-638214.7247166651,0,2.139579148410039,-19.84298086592398,0,1.641845099263851e-12,5.878577019792476e-15
32000,Body2,4965671.986368648,638865.4551283589,0,-2.142096078149104,19.88362242320694,0,1.641845099263851e-12,5.878577019792476e-15
32000,Body3,-797316.0322281326,7934926.958830499,0,-24.7483070260928,-4.064155728316481,0,1.641845099263851e-12,5.878577019792476e-15
33000,Body1,-4963526.082085238,-658053.0865060312,0,2.205900824782699,-19.83369894204161,0,1.743067109053329e-12,5.443126870178218e-15
33000,Body2,4963496.645946505,658745.0916172917,0,-2.208577639484642,19.87560672558131,0,1.743067109053329e-12,5.443126870178218e-15
33000,Body3,-822056.3861273489,7930799.488873783,0,-24.73231852980499,-4.190778353987334,0,1.743067109053329e-12,5.443126870178218e-15
34000,Body1,-4961287.040517013,-677882.0351383499,0,2.272174135796341,-19.82415460502848,0,1.849410470528584e-12,5.660851944985347e-15
34000,Body2,4961254.845565316,678616.5809986808,0,-2.275015769664729,19.86732825946271,0,1.849410470528584e-12,5.660851944985347e-15
34000,Body3,-846780.5048307752,7926545.413966713,0,-24.7158366131602,-4.317365443436261,0,1.849410470528584e-12,5.660851944985347e-15
35000,Body1,-4958981.750386857,-697701.3083615863,0,2.338397722311703,-19.81434817860623,0,1.959368903782035e-12,6.314027169406733e-15
35000,Body2,4958946.62933539,698479.6606595564,0,-2.341409110847992,19.85878733742257,0,1.959368903782035e-12,6.314027169406733e-15
35000,Body3,-871487.8948534419,7922164.770202732,0,-24.69886114636993,-4.443915881644987,0,1.959368903782035e-12,6.314027169406733e-15
36000,Body1,-4956610.262097652,-717510.6442520072,0,2.404570228038469,-19.80427999564885,0,2.074749944702778e-12,7.838102693056634e-15
36000,Body2,4956572.042723439,718334.0683040848,0,-2.407756308075424,19.84998428115066,0,2.074749944702778e-12,7.838102693056634e-15
36000,Body3,-896178.0625789149,7917657.594792009,0,-24.6813919963032,-4.570428550196224,0,2.074749944702778e-12,7.838102693056634e-15
37000,Body1,-4954172.627407118,-737309.7812233166,0,2.470690299615021,-19.79395039815154,0,2.185913401882294e-12,6.531752244213862e-15
37000,Body2,4954131.132549672,738179.5419626652,0,-2.474056009349664,19.84091942142312,0,2.185913401882294e-12,6.531752244213862e-15
37000,Body3,-920850.5142559775,7913023.926064863,0,-24.66342902653426,-4.696902327176641,0,2.185913401882294e-12,6.531752244213862e-15
38000,Body1,-4951668.899424834,-757098.4580357599,0,2.536756586687756,-19.78335973719928,0,2.305813282525783e-12,7.402652543442377e-15
38000,Body2,4951623.946984785,758015.8200010041,0,-2.540306865713825,19.83159309806991,0,2.305813282525783e-12,7.402652543442377e-15
38000,Body3,-945504.7559953601,7908263.803475304,0,-24.64497209739156,-4.823336087079955,0,2.305813282525783e-12,7.402652543442377e-15
39000,Body1,-4949099.1326092,-776876.4138052004,0,2.60276774199005,-19.77250837293402,0,2.424809395224722e-12,6.749477319020991e-15
39000,Body2,4949050.53554686,777842.6411291509,0,-2.606507531329952,19.82200565994091,0,2.424809395224722e-12,6.749477319020991e-15
39000,Body3,-970140.2937665194,7903377.267604707,0,-24.62602106600831,-4.949728700710363,0,2.424809395224722e-12,6.749477319020991e-15
40000,Body1,-4946463.382764297,-796643.3880121566,0,2.66872242142075,-19.7613966745213,0,2.547721835683374e-12,6.531752244213862e-15
40000,Body2,4946410.94909824,797659.7444104986,0,-2.672656663556987,19.81215746487194,0,2.547721835683374e-12,6.531752244213862e-15
40000,Body3,-994756.6333944697,7898364.360165514,0,-24.60657578637462,-5.07607903508627,0,2.547721835683374e-12,6.531752244213862e-15
41000,Body1,-4943761.707036708,-816399.1205108105,0,2.734619284122265,-19.75002502011598,0,2.674851859883254e-12,6.314027169406733e-15
41000,Body2,4943705.239842271,817466.8692707572,0,-2.738752923028341,19.80204887964926,0,2.674851859883254e-12,6.314027169406733e-15
41000,Body3,-1019353.280556666,7893225.124005085,0,-24.58663610939102,-5.202385953344296,0,2.674851859883254e-12,6.314027169406733e-15
42000,Body1,-4940994.163912207,-836143.35153798,0,2.800456992558208,-19.73839379682727,0,2.802584396046166e-12,5.878577019792476e-15
42000,Body2,4940933.461320002,837263.7555068814,0,-2.804794973728959,19.79168027997354,0,2.802584396046166e-12,5.878577019792476e-15
42000,Body3,-1043929.740779942,7887959.603109616,0,-24.56620188292345,-5.32864831464364,0,2.802584396046166e-12,5.878577019792476e-15
43000,Body1,-4938160.813212422,-855875.821722054,0,2.86623421259058,-19.72650340068277,0,2.940258379599117e-12,7.838102693056634e-15
43000,Body2,4938095.668406786,857050.143295969,0,-2.870781483071969,19.78105205042334,0,2.940258379599117e-12,7.838102693056634e-15
43000,Body3,-1068485.519437503,7882567.84260818,0,-24.54527295185999,-5.454864974070713,0,2.940258379599117e-12,7.838102693056634e-15
44000,Body1,-4935261.71609137,-875596.2720918912,0,2.931949613556511,-19.7143542365918,0,3.078233619133584e-12,8.70900299228515e-15
44000,Body2,4935191.917308819,876825.7732041196,0,-2.93671112197482,19.77016458441708,0,3.078233619133584e-12,8.70900299228515e-15
44000,Body3,-1093020.121745979,7877049.888776846,0,-24.52384915816882,-5.581034782544114,0,3.078233619133584e-12,8.70900299228515e-15
45000,Body1,-4932296.935031969,-895304.4440856873,0,2.99760186834453,-19.70194671830791,0,3.214100066797436e-12,7.838102693056634e-15
45000,Body2,4932222.265559589,896590.3861952553,0,-3.002582564934943,19.75901828417496,0,3.214100066797436e-12,7.838102693056634e-15
45000,Body3,-1117533.052762532,7871405.789042875,0,-24.50193034095807,-5.707156586720039,0,3.214100066797436e-12,7.838102693056634e-15
46000,Body1,-4929266.533842453,-915000.0795597965,0,3.063189653470313,-19.68928126839076,0,3.353882842221001e-12,7.184927468635249e-15
46000,Body2,4929186.772016272,916343.7236399027,0,-3.068394490104938,19.74761356067956,0,3.353882842221001e-12,7.184927468635249e-15
46000,Body3,-1142023.817382026,7865635.59198905,0,-24.4795163365368,-5.833229228897936,0,3.353882842221001e-12,7.184927468635249e-15
47000,Body1,-4926170.577652691,-934682.9207975199,0,3.128711649152004,-19.67635831816689,0,3.496376921478212e-12,6.531752244213862e-15
47000,Body2,4926085.496856032,936085.5273239353,0,-3.134145579367223,19.73595083363594,0,3.496376921478212e-12,6.531752244213862e-15
47000,Body3,-1166491.920334267,7859739.347358065,0,-24.45660697847791,-5.959251546926639,0,3.496376921478212e-12,6.531752244213862e-15
48000,Body1,-4923009.132910441,-954352.7105178525,0,3.194166539385008,-19.66317830769006,0,3.644594864384233e-12,6.749477319020991e-15
48000,Body2,4922918.501572255,955815.5394572767,0,-3.199834518408178,19.72403053143093,0,3.644594864384233e-12,6.749477319020991e-15
48000,Body3,-1190936.866181283,7853717.10605704,0,-24.43320209768246,-6.085222374110811,0,3.644594864384233e-12,6.749477319020991e-15
49000,Body1,-4919782.267377549,-974009.1918841877,0,3.259553012016253,-19.64974168570052,0,3.794319087197836e-12,6.749477319020991e-15
49000,Body2,4919685.848970704,975533.5026825609,0,-3.265459996791799,19.71185309109145,0,3.794319087197836e-12,6.749477319020991e-15
49000,Body3,-1215358.159314702,7847568.920162096,0,-24.40930152244549,-6.211140539117847,0,3.794319087197836e-12,6.749477319020991e-15
50000,Body1,-4916490.050126068,-993652.1085129877,0,3.324869758817993,-19.6360489095838,0,3.944043310011438e-12,5.443126870178218e-15
50000,Body2,4916387.603165605,995239.1600837514,0,-3.331020708032757,19.69941895824237,0,3.944043310011438e-12,5.443126870178218e-15
50000,Body3,-1239755.303953167,7841294.842923041,0,-24.38490507852352,-6.337004865885191,0,3.944043310011438e-12,5.443126870178218e-15
51000,Body1,-4913132.55153427,-1013281.204482404,0,3.390115475561009,-19.62210044532858,0,4.099491396473851e-12,5.22540179537109e-15
51000,Body2,4913023.82957568,1014932.255194717,0,-3.396515349668973,19.68672858706354,0,4.099491396473851e-12,5.22540179537109e-15
51000,Body3,-1264127.804139843,7834894.928768151,0,-24.36001258920369,-6.462814173528038,0,4.099491396473851e-12,5.22540179537109e-15
52000,Body1,-4909709.843282647,-1032896.224340861,0,3.455288862087353,-19.60789676748373,0,4.260362090603557e-12,5.443126870178218e-15
52000,Body2,4909594.594920053,1034612.532007764,0,-3.461942623333615,19.67378244024591,0,4.260362090603557e-12,5.443126870178218e-15
52000,Body3,-1288475.163739972,7828369.233309031,0,-24.33462387537438,-6.588567276247544,0,4.260362090603557e-12,5.443126870178218e-15
53000,Body1,-4906221.998349765,-1052496.913115594,0,3.520388622382499,-19.59343835911487,0,4.420027760807197e-12,4.789951645756833e-15
53000,Body2,4906099.967214157,1054279.734982131,0,-3.527301234826526,19.66058098894699,0,4.420027760807197e-12,4.789951645756833e-15
53000,Body3,-1312796.886438515,7821717.813345597,0,-24.30873875559756,-6.71426298323948,0,4.420027760807197e-12,4.789951645756833e-15
54000,Body1,-4902669.091008115,-1072083.016321144,0,3.585413464646931,-19.5787257117601,0,4.586622318585713e-12,5.878577019792476e-15
54000,Body2,4902540.015765498,1073933.609052425,0,-3.592589894185106,19.64712471274583,0,4.586622318585713e-12,5.878577019792476e-15
54000,Body3,-1337092.475737865,7814940.72687109,0,-24.28235704618266,-6.839900098603326,0,4.586622318585713e-12,5.878577019792476e-15
55000,Body1,-4899051.196819834,-1091654.279967805,0,3.650362101367231,-19.56375932538475,0,4.754421900290293e-12,5.878577019792476e-15
55000,Body2,4898914.811169392,1093573.899637025,0,-3.657807315754611,19.63341409959699,0,4.754421900290293e-12,5.878577019792476e-15
55000,Body3,-1361361.434955627,7808038.033077247,0,-24.25547856126217,-6.965477421251917,0,4.754421900290293e-12,5.878577019792476e-15
56000,Body1,-4895368.392632411,-1111210.450570037,0,3.715233249386526,-19.54853970833587,0,4.924330273865488e-12,5.660851944985347e-15
56000,Body2,4895224.425304646,1113200.352646433,0,-3.722952218257837,19.6194496457838,0,4.924330273865488e-12,5.660851944985347e-15
56000,Body3,-1385603.267222485,7801009.792359521,0,-24.22810311286899,-7.090993744821614,0,4.924330273865488e-12,5.660851944985347e-15
57000,Body1,-4891620.756574294,-1130751.275154813,0,3.780025629974402,-19.53306737729562,0,5.096347439311298e-12,5.443126870178218e-15
57000,Body2,4891468.931329101,1132812.714491579,0,-3.788023324864254,19.60523185587118,0,5.096347439311298e-12,5.443126870178218e-15
57000,Body3,-1409817.475480138,7793856.066322406,0,-24.20023051101497,-7.216447857582891,0,5.096347439311298e-12,5.443126870178218e-15
58000,Body1,-4887808.368050399,-1150276.501269935,0,3.84473796889623,-19.51734285723425,0,5.272280932516818e-12,5.660851944985347e-15
58000,Body2,4887648.403675203,1152410.732092077,0,-3.853019363258511,19.59076124265749,0,5.272280932516818e-12,5.660851944985347e-15
58000,Body3,-1434003.562479317,7786576.917784846,0,-24.17186056377188,-7.341838542351616,0,5.272280932516818e-12,5.660851944985347e-15
59000,Body1,-4883931.307737616,-1169785.876992307,0,3.909368996481873,-19.50136668136212,0,5.448515681703855e-12,4.789951645756833e-15
59000,Body2,4883762.918045407,1171994.152884439,0,-3.917939065708336,19.57603832712587,0,5.448515681703855e-12,4.789951645756833e-15
59000,Body3,-1458161.030777893,7779172.410785727,0,-24.14299307735319,-7.467164576400779,0,5.448515681703855e-12,4.789951645756833e-15
60000,Body1,-4879989.657580188,-1189279.150936137,0,3.973917447693804,-19.48513939108136,0,5.630474294539702e-12,5.22540179537109e-15
60000,Body2,4879812.551407593,1191562.72483023,0,-3.98278116913182,19.56106363839486,0,5.630474294539702e-12,5.22540179537109e-15
60000,Body3,-1482289.382739055,7771642.61058948,0,-24.11362785619837,-7.592424731372887,0,5.630474294539702e-12,5.22540179537109e-15
61000,Body1,-4875983.500785057,-1208756.07226111,0,4.038382062194636,-19.46866153593655,0,5.814541699246163e-12,5.22540179537109e-15
61000,Body2,4875797.381990365,1211116.196424183,0,-4.047544415164049,19.5458377136682,0,5.814541699246163e-12,5.22540179537109e-15
61000,Body3,-1506388.120529576,7763987.583691738,0,-24.08376470305844,-7.717617773192893,0,5.814541699246163e-12,5.22540179537109e-15
62000,Body1,-4871912.921817116,-1228216.390680511,0,4.102761584413986,-19.45193367356487,0,6.001621663767787e-12,5.22540179537109e-15
62000,Body2,4871717.489278303,1230654.31670225,0,-4.112227550223153,19.53036109818439,0,6.001621663767787e-12,5.22540179537109e-15
62000,Body3,-1530456.746118179,7756207.3978251,0,-24.05340341908304,-7.842742461981783,0,6.001621663767787e-12,5.22540179537109e-15
63000,Body1,-4867778.006394411,-1247659.856469283,0,4.167054763614777,-19.43495636964569,0,6.19291921203064e-12,5.878577019792476e-15
63000,Body2,4867572.95400716,1250176.835249624,0,-4.176829325575681,19.51463434516512,0,6.19291921203064e-12,5.878577019792476e-15
63000,Body3,-1554494.761273969,7748302.121964989,0,-24.02254380390976,-7.967797551970844,0,6.19291921203064e-12,5.878577019792476e-15
64000,Body1,-4863578.8414833,-1267086.220472051,0,4.231260353958852,-19.41773019784936,0,6.385120528238041e-12,5.660851944985347e-15
64000,Body2,4863363.858158963,1269683.502208684,0,-4.241348497401298,19.49865801576324,0,6.385120528238041e-12,5.660851944985347e-15
64000,Body3,-1578501.667564971,7740271.826335574,0,-23.99118565575491,-8.092781791416449,0,6.385120528238041e-12,5.660851944985347e-15
65000,Body1,-4859315.515293494,-1286495.23411108,0,4.295377114571964,-19.40025573978546,0,6.579731892297573e-12,5.660851944985347e-15
65000,Body2,4859090.284957076,1289174.068286912,0,-4.305783826856896,19.48243267901027,0,6.579731892297573e-12,5.660851944985347e-15
65000,Body3,-1602476.966356752,7732116.582415793,0,-23.95932877150604,-8.217693922515672,0,6.579731892297573e-12,5.660851944985347e-15
66000,Body1,-4854988.117273063,-1305886.6493942,0,4.359403809608152,-19.38253358495026,0,6.774644512338621e-12,4.789951645756833e-15
66000,Body2,4854752.318861198,1308648.284764735,0,-4.370134080139989,19.46595891176317,0,6.774644512338621e-12,4.789951645756833e-15
66000,Body3,-1626420.158811145,7723836.462945454,0,-23.92697294681631,-8.342532681322616,0,6.774644512338621e-12,4.789951645756833e-15
67000,Body1,-4850596.738103394,-1325260.21892265,0,4.423339208313421,-19.36456433067398,0,6.974678484065446e-12,4.572226570949704e-15
67000,Body2,4850350.045562274,1328105.903503326,0,-4.434398028551415,19.44923729865028,0,6.974678484065446e-12,4.572226570949704e-15
67000,Body3,-1650330.745885059,7715431.541931408,0,-23.89411797620048,-8.467296797665286,0,6.974678484065446e-12,4.572226570949704e-15
68000,Body1,-4846141.469694051,-1344615.695898902,0,4.48718208508879,-19.3463485820668,0,7.176519991681369e-12,4.136776421335446e-15
68000,Body2,4845883.55197737,1347546.676952352,0,-4.498574448557449,19.4322684320171,0,7.176519991681369e-12,4.136776421335446e-15
68000,Body3,-1674208.228329384,7706901.894653839,0,-23.86076365313283,-8.591984995063394,0,7.176519991681369e-12,4.136776421335446e-15
69000,Body1,-4841622.405177589,-1363952.834134398,0,4.550931219552652,-19.3278869519649,0,7.382277827057005e-12,4.572226570949704e-15
69000,Body2,4841352.926244492,1366970.358157662,0,-4.562662121851162,19.41505291187106,0,7.382277827057005e-12,4.572226570949704e-15
69000,Body3,-1698052.106688011,7698247.597672577,0,-23.82690977014695,-8.716595990646827,0,7.382277827057005e-12,4.572226570949704e-15
70000,Body1,-4837039.638904311,-1383271.38805726,0,4.614585396602479,-19.30918006087547,0,7.589240686358704e-12,3.919051346528317e-15
70000,Body2,4836758.257717306,1386376.700768914,0,-4.626659835413085,19.3975913458259,0,7.589240686358704e-12,3.919051346528317e-15
70000,Body3,-1721861.881296935,7689468.728833574,0,-23.79255611893709,-8.841128495074965,0,7.589240686358704e-12,3.919051346528317e-15
71000,Body1,-4832393.266436961,-1402571.112719933,0,4.678143406475845,-19.29022853692139,0,7.796806057623437e-12,2.612700897685545e-15
71000,Body2,4832099.63695982,1405765.459047167,0,-4.690566381571212,19.37988434904563,0,7.796806057623437e-12,2.612700897685545e-15
71000,Body3,-1745637.052283469,7680565.367275377,0,-23.75770249046151,-8.965581212456783,0,7.796806057623437e-12,2.612700897685545e-15
72000,Body1,-4827683.384545358,-1421851.76380676,0,4.741604044810769,-19.2710330157852,0,8.009492780573947e-12,2.830425972492674e-15
72000,Body2,4827377.155741032,1425136.387872391,0,-4.754380558060277,19.36193254418756,0,8.009492780573947e-12,2.830425972492674e-15
72000,Body3,-1769377.119565557,7671537.59343574,0,-23.72234867504765,-9.089952840271804,0,8.009492780573947e-12,2.830425972492674e-15
73000,Body1,-4822910.091200936,-1441113.097641532,0,4.804966112705344,-19.25159414065258,0,8.225192063339621e-12,2.612700897685545e-15
73000,Body2,4822590.907029469,1444489.242750938,0,-4.818101168080346,19.34373656134509,0,8.225192063339621e-12,2.612700897685545e-15
73000,Body3,-1793081.582851204,7662385.489058276,0,-23.68649446249902,-9.214242069291963,0,8.225192063339621e-12,2.612700897685545e-15
74000,Body1,-4818073.485571292,-1460354.871194953,0,4.868228416776666,-19.23191256215523,0,8.443000137975907e-12,2.830425972492674e-15
74000,Body2,4817740.984987687,1463823.779822947,0,-4.881727020354614,19.32529703798988,0,8.443000137975907e-12,2.830425972492674e-15
74000,Body3,-1816749.941637996,7653109.137199228,0,-23.65013964220415,-9.338447583504166,0,8.443000137975907e-12,2.830425972492674e-15
75000,Body1,-4813173.668014619,-1479576.84209205,0,4.931389769219121,-19.21198893831332,0,8.66351951644584e-12,2.394975822878416e-15
75000,Body2,4812827.484966765,1483139.755869694,0,-4.945256929186637,19.30661461891325,0,8.66351951644584e-12,2.394975822878416e-15
75000,Body3,-1840381.695212754,7643708.622234257,0,-23.61328400324735,-9.462568060034075,0,8.66351951644584e-12,2.394975822878416e-15
76000,Body1,-4808210.740074106,-1498778.768619545,0,4.994448987861882,-19.19182393447717,0,8.885545174823356e-12,1.959525673264159e-15
76000,Body2,4807850.503500641,1502436.92832088,0,-5.008689714516651,19.28768995616749,0,8.885545174823356e-12,1.959525673264159e-15
76000,Body3,-1863976.34265127,7634184.029865369,0,-23.57592733452115,-9.586602169070613,0,8.885545174823356e-12,1.959525673264159e-15
77000,Body1,-4803184.804472275,-1517960.409733156,0,5.05740489622574,-19.17141822326878,0,9.113595952831198e-12,2.612700897685545e-15
77000,Body2,4802810.138300478,1521715.055261864,0,-5.072024201977313,19.26852370900632,0,9.113595952831198e-12,2.612700897685545e-15
77000,Body3,-1887533.382818185,7624535.447127891,0,-23.53806942484079,-9.710548573791453,0,9.113595952831198e-12,2.612700897685545e-15
78000,Body1,-4798095.965105245,-1537121.525064824,0,5.120256323579242,-19.15077248452242,0,9.342249242802071e-12,2.830425972492674e-15
78000,Body2,4797706.488248933,1540973.895440839,0,-5.135259222948621,19.24911654382491,0,9.342249242802071e-12,2.830425972492674e-15
78000,Body3,-1911052.314366966,7614762.962397485,0,-23.49971006306078,-9.834405930289657,0,9.342249242802071e-12,2.830425972492674e-15
79000,Body1,-4792944.327036974,-1556261.874929915,0,5.183002104994007,-19.12988740522501,0,9.577228908384788e-12,4.354501496142575e-15
79000,Body2,4792539.653394395,1560213.208275931,0,-5.198393614612042,19.22946913409964,0,9.577228908384788e-12,4.354501496142575e-15
79000,Body3,-1934532.635739996,7604866.665397312,0,-23.46084903819303,-9.958172887501163,0,9.577228908384788e-12,4.354501496142575e-15
80000,Body1,-4787729.99649343,-1575381.220334327,0,5.245641081399405,-19.1087636794559,0,9.808593502189308e-12,3.919051346528317e-15
80000,Body2,4787309.734945137,1579432.753862263,0,-5.2614262200041,19.20958216032687,0,9.808593502189308e-12,3.919051346528317e-15
80000,Body3,-1957973.845168809,7594846.647205203,0,-23.42148613952722,-10.0818480871334,0,9.808593502189308e-12,3.919051346528317e-15
81000,Body1,-4782453.080856698,-1594479.32298156,0,5.308172099636492,-19.08740200832626,0,1.004176563188293e-11,2.830425972492674e-15
81000,Body2,4782016.835263465,1598632.292978938,0,-5.324355888068937,19.18945630996183,0,1.004176563188293e-11,2.830425972492674e-15
81000,Body3,-1981375.440674411,7584703.000260917,0,-23.38162115675279,-10.20543016359506,0,1.004176563188293e-11,2.830425972492674e-15
82000,Body1,-4777113.688659042,-1613555.945279717,0,5.370594012511154,-19.06580309991794,0,1.028126413718839e-11,3.265876122106931e-15
82000,Body2,4776661.057859741,1617811.587095969,0,-5.387181473710283,19.16909227735676,0,1.028126413718839e-11,3.265876122106931e-15
82000,Body3,-2004736.920067751,7574435.818373486,0,-23.34125388008325,-10.32891774392683,0,1.028126413718839e-11,3.265876122106931e-15
83000,Body1,-4771711.929576914,-1632610.850348443,0,5.432905678846569,-19.04396766922158,0,1.051835259464172e-11,2.612700897685545e-15
83000,Body2,4771242.507386444,1636970.398381141,0,-5.449901837842704,19.14849076369844,0,1.051835259464172e-11,2.612700897685545e-15
83000,Body3,-2028057.780950307,7564045.196728623,0,-23.30038410038217,-10.45230944773348,0,1.051835259464172e-11,2.612700897685545e-15
84000,Body1,-4766247.91442492,-1651643.802025797,0,5.495105963534876,-19.02189643807494,0,1.075875486789173e-11,1.306350448842773e-15
84000,Body2,4765761.289632089,1656108.489706818,0,-5.512515847441914,19.12765247694562,0,1.075875486789173e-11,1.306350448842773e-15
84000,Body3,-2051337.520714799,7553531.231896169,0,-23.25901160929113,-10.57560388711689,0,1.075875486789173e-11,1.306350448842773e-15
85000,Body1,-4760721.755149708,-1670654.564875078,0,5.557193737588085,-18.99959013510012,0,1.10003621650678e-11,2.177250748071287e-16
85000,Body2,4760217.511515189,1675225.624656684,0,-5.575022375594449,19.10657813176573,0,1.10003621650678e-11,2.177250748071287e-16
85000,Body3,-2074575.636546029,7542894.021837646,0,-23.21713619936009,-10.69879966661049,0,1.10003621650678e-11,2.177250748071287e-16
86000,Body1,-4755133.564823844,-1689642.904191571,0,5.619167878188335,-18.97704949564075,0,1.124257197420691e-11,1.524075523649901e-15
86000,Body2,4754611.281078081,1694321.567532417,0,-5.637420301546514,19.08526844947135,0,1.124257197420691e-11,1.524075523649901e-15
86000,Body3,-2097771.625421862,7532133.665913857,0,-23.17475766417898,-10.82189538311483,0,1.124257197420691e-11,1.524075523649901e-15
87000,Body1,-4749483.457639596,-1708608.586009243,0,5.681027268737262,-18.95427526169855,0,1.149050564699483e-11,1.74180059845703e-15
87000,Body2,4748942.707480758,1713396.083360301,0,-5.699708510752104,19.06372415795633,0,1.149050564699483e-11,1.74180059845703e-15
87000,Body3,-2120924.984114325,7521250.264892538,0,-23.131875798512,-10.94488962583449,0,1.149050564699483e-11,1.74180059845703e-15
88000,Body1,-4743771.548902706,-1727551.377107361,0,5.742770798904637,-18.93126818186957,0,1.174235564754246e-11,1.959525673264159e-15
88000,Body2,4743211.900994634,1732448.937897783,0,-5.761885894920263,19.04194599163118,0,1.174235564754246e-11,1.959525673264159e-15
88000,Body3,-2144035.209190852,7510243.920956114,0,-23.08849039843367,-11.06778097621629,0,1.174235564754246e-11,1.959525673264159e-15
89000,Body1,-4737997.955026091,-1746471.04501706,0,5.804397364676301,-18.90802901128006,0,1.199691695192373e-11,1.959525673264159e-15
89000,Body2,4737418.972996265,1751479.897639948,0,-5.823951352061591,19.01993469135838,0,1.199691695192373e-11,1.959525673264159e-15
89000,Body3,-2167101.797015671,7499114.737709444,0,-23.04460126146679,-11.19056800788882,0,1.199691695192373e-11,1.959525673264159e-15
90000,Body1,-4732162.7935235,-1765367.358027838,0,5.865905868401284,-18.88455851152181,0,1.225358704817562e-11,1.959525673264159e-15
90000,Body2,4731564.035961038,1770488.729825944,0,-5.885903786534024,18.99769100438727,0,1.225358704817562e-11,1.959525673264159e-15
90000,Body3,-2190124.243751307,7487862.820187707,0,-23.00020818672265,-11.31324928660338,0,1.225358704817562e-11,1.959525673264159e-15
91000,Body1,-4726266.183003149,-1784240.085193994,0,5.927295218838126,-18.86085745058728,0,1.251296844826116e-11,1.524075523649901e-15
91000,Body2,4725647.203456774,1789475.202445334,0,-5.947742109087669,18.97521568428851,0,1.251296844826116e-11,1.524075523649901e-15
91000,Body3,-2213102.045360255,7476488.274864293,0,-22.95531097504303,-11.43582337017634,0,1.251296844826116e-11,1.524075523649901e-15
92000,Body1,-4720308.243161246,-1803088.996340988,0,5.988564331200496,-18.83692660280427,0,1.276843352058698e-11,3.48360119691406e-15
92000,Body2,4719668.590137341,1808439.084244382,0,-6.009465236909024,18.9525094908881,0,1.276843352058698e-11,3.48360119691406e-15
92000,Body3,-2236034.697606774,7464991.20965875,0,-22.90990942914464,-11.55828880843297,0,1.276843352058698e-11,3.48360119691406e-15
93000,Body1,-4714289.094775558,-1821913.862071752,0,6.049712127201934,-18.8127667487703,0,1.303414129628436e-11,2.830425972492674e-15
93000,Body2,4713628.311736177,1827380.144732284,0,-6.071072093664265,18.9295731902014,0,1.303414129628436e-11,2.830425972492674e-15
93000,Body3,-2258921.696058841,7453371.73394485,0,-22.8640033537652,-11.68064414315273,0,1.303414129628436e-11,2.830425972492674e-15
94000,Body1,-4708208.859698869,-1840714.453772918,0,6.110737535099917,-18.78837867528645,0,1.329894530403719e-11,2.830425972492674e-15
94000,Body2,4707526.4850598,1846298.154187313,0,-6.132561609541779,18.90640755436617,0,1.329894530403719e-11,2.830425972492674e-15
94000,Body3,-2281762.536090245,7441629.958558595,0,-22.8175925558118,-11.80288790801614,0,1.329894530403719e-11,2.830425972492674e-15
95000,Body1,-4702067.660852403,-1859490.543621,0,6.171639489739037,-18.76376317529103,0,1.356314679982699e-11,3.919051346528317e-15
95000,Body2,4701363.22798126,1865192.883662915,0,-6.193932721293909,18.88301336157611,0,1.356314679982699e-11,3.919051346528317e-15
95000,Body3,-2304556.712882821,7429765.9958064,0,-22.77067684451149,-11.92501862855322,0,1.356314679982699e-11,3.919051346528317e-15
96000,Body1,-4695865.622219239,-1878241.904588487,0,6.232416932593503,-18.73892104779299,0,1.383277090328408e-11,3.701326271721188e-15
96000,Body2,4695138.659433559,1884064.104993734,0,-6.255184372277857,18.8593913960135,0,1.383277090328408e-11,3.701326271721188e-15
96000,Body3,-2327303.721428859,7417779.959473245,0,-22.72325603156356,-12.04703482209356,0,1.383277090328408e-11,3.701326271721188e-15
97000,Body1,-4689602.86883765,-1896968.310449885,0,6.29306881180876,-18.71385309780482,0,1.410631133450089e-11,3.265876122106931e-15
97000,Body2,4688852.899403014,1902911.590801554,0,-6.316315512495807,18.83554244778155,0,1.410631133450089e-11,3.265876122106931e-15
97000,Body3,-2350003.056533654,7405671.964830894,0,-22.67532993129426,-12.16893499771799,0,1.410631133450089e-11,3.265876122106931e-15
98000,Body1,-4683279.526794407,-1915669.535787685,0,6.35359408224233,-18.68856013627519,0,1.438226181356982e-11,2.612700897685545e-15
98000,Body2,4682506.068922613,1921735.114501202,0,-6.377325098634202,18.81146731283687,0,1.438226181356982e-11,2.612700897685545e-15
98000,Body3,-2372654.212818196,7393442.128646178,0,-22.62689836081353,-12.29071765621202,0,1.438226181356982e-11,2.612700897685545e-15
99000,Body1,-4676895.723218044,-1934345.35599827,0,6.413991705503959,-18.66304298002141,0,1.465851354862027e-11,2.177250748071287e-15
99000,Body2,4676098.290065296,1940534.450306355,0,-6.438212094102227,18.78716679292122,0,1.465851354862027e-11,2.177250748071287e-15
99000,Body3,-2395256.68472205,7381090.569189305,0,-22.57796114017381,-12.41238129002094,0,1.465851354862027e-11,2.177250748071287e-15
100000,Body1,-4670451.586272113,-1952995.547297741,0,6.474260649994806,-18.6373024516616,0,1.493958537937498e-11,1.088625374035644e-15
100000,Body2,4669629.685937198,1959309.373235297,0,-6.498975469069508,18.76264169549328,0,1.493958537937498e-11,1.088625374035644e-15
100000,Body3,-2417809.966506368,7368617.406242229,0,-22.52851809253094,-12.53392438320687,0,1.493958537937498e-11,1.088625374035644e-15
101000,Body1,-4663947.245148326,-1971619.886727695,0,6.534399890945971,-18.61133937954631,0,1.522005469816666e-11,8.70900299228515e-16
101000,Body2,4663100.380670922,1978059.659116604,0,-6.559614200502928,18.73789283365996,0,1.522005469816666e-11,8.70900299228515e-16
101000,Body3,-2440313.552257078,7356022.761107058,0,-22.47856904430727,-12.65534541140742,0,1.522005469816666e-11,8.70900299228515e-16
102000,Body1,-4657382.830059759,-1990218.152160914,0,6.594408410456202,-18.58515459769016,0,1.550203029686592e-11,6.531752244213863e-16
102000,Body2,4656510.499418665,1996785.084594749,0,-6.620127272202656,18.71292102610771,0,1.550203029686592e-11,6.531752244213863e-16
102000,Body3,-2462766.935888238,7343306.756614476,0,-22.42811382535687,-12.7766428417965,0,1.550203029686592e-11,6.531752244213863e-16
103000,Body1,-4650758.472233912,-2008790.122306998,0,6.654285197528695,-18.55874894570329,0,1.578400589556518e-11,1.524075523649901e-15
103000,Body2,4649860.168345397,2015485.427135657,0,-6.680513674837386,18.68772709703331,0,1.578400589556518e-11,1.524075523649901e-15
103000,Body3,-2485169.611145537,7330469.517132248,0,-22.3771522691328,-12.8978151330467,0,1.578400589556518e-11,1.524075523649901e-15
104000,Body1,-4644074.303905844,-2027335.576717929,0,6.714029248107253,-18.53212326872214,0,1.606869279809808e-11,2.177250748071287e-15
104000,Body2,4643149.514621977,2034160.465032171,0,-6.740772405978712,18.66231187607464,0,1.606869279809808e-11,2.177250748071287e-15
104000,Body3,-2507521.071609992,7317511.168573734,0,-22.32568421285668,-13.01886073529407,0,1.606869279809808e-11,2.177250748071287e-15
105000,Body1,-4637330.458311174,-2045854.295793555,0,6.773639565111559,-18.50527841734048,0,1.635669351642767e-11,1.959525673264159e-15
105000,Body2,4636378.666418221,2052809.97740947,0,-6.800902470134683,18.63667619824112,0,1.635669351642767e-11,1.959525673264159e-15
105000,Body3,-2529820.810701799,7304431.838406433,0,-22.27370949769018,-13.13977809010451,0,1.635669351642767e-11,1.959525673264159e-15
106000,Body1,-4630527.069679093,-2064346.060787022,0,6.833115158471607,-18.47821524753996,0,1.66474055385909e-11,1.74180059845703e-15
106000,Body2,4629547.752895964,2071433.744230394,0,-6.860902878782544,18.61082090384396,0,1.66474055385909e-11,1.74180059845703e-15
106000,Body3,-2552068.32168435,7291231.655660588,0,-22.22122796890897,-13.26056563044257,0,1.66474055385909e-11,1.74180059845703e-15
107000,Body1,-4623664.273225345,-2082810.65381012,0,6.89245504516142,-18.45093462062039,0,1.694263640047688e-11,4.354501496142575e-16
107000,Body2,4622656.904202057,2090031.546300719,0,-6.920772650400659,18.58474683842642,0,1.694263640047688e-11,4.354501496142575e-16
107000,Body3,-2574263.09766845,7277910.750937783,0,-22.16823947607848,-13.38122178064211,0,1.694263640047688e-11,4.354501496142575e-16
108000,Body1,-4616742.205145169,-2101247.85783857,0,6.951658249231929,-18.42343740312999,0,1.723364967862163e-11,1.306350448842773e-15
108000,Body2,4615706.251461358,2108603.16527435,0,-6.980510810499628,18.55845485269339,0,1.723364967862163e-11,1.306350448842773e-15
108000,Body3,-2596404.631616687,7264469.256419596,0,-22.114743873232,-13.50174495637934,0,1.723364967862163e-11,1.306350448842773e-15
109000,Body1,-4609761.002606194,-2119657.456717234,0,7.010723801843008,-18.39572446679544,0,1.752767551658154e-11,1.524075523649901e-15
109000,Body2,4608695.926769698,2127148.383658448,0,-7.040116391652501,18.53194580244151,0,1.752767551658154e-11,1.524075523649901e-15
109000,Body3,-2618492.416347991,7250907.305876265,0,-22.06074101905107,-13.6221335646479,0,1.752767551658154e-11,1.524075523649901e-15
110000,Body1,-4602720.803741331,-2138039.235165262,0,7.069650741294732,-18.36779668845157,0,1.782622019426419e-11,1.524075523649901e-15
110000,Body2,4601626.063186776,2145666.984818484,0,-7.09958843352425,18.50522054848852,0,1.782622019426419e-11,1.524075523649901e-15
110000,Body3,-2640525.944542374,7237225.034675391,0,-22.00623077704769,-13.74238600373634,0,1.782622019426419e-11,1.524075523649901e-15
111000,Body1,-4595621.747641597,-2156392.978781166,0,7.128438113057889,-18.33965494997105,0,1.812536738390988e-11,1.088625374035644e-15
111000,Body2,4594496.794729078,2164158.752983233,0,-7.158925982900402,18.47827995660265,0,1.812536738390988e-11,1.088625374035644e-15
111000,Body3,-2662504.708745847,7223422.579790641,0,-21.95121301574894,-13.86250066320787,0,1.812536738390988e-11,1.088625374035644e-15
112000,Body1,-4588463.974348948,-2174718.474047818,0,7.187084969803597,-18.31130013819368,0,1.842571959748164e-11,1.524075523649901e-15
112000,Body2,4587308.256362726,2182623.47324969,0,-7.218128093714753,18.45112489743209,0,1.842571959748164e-11,1.524075523649901e-15
112000,Body3,-2684428.201375544,7209500.079810495,0,-21.89568760888375,-13.98247592388258,0,1.842571959748164e-11,1.524075523649901e-15
113000,Body1,-4581247.624849063,-2193015.508337385,0,7.245590371432145,-18.28273314485607,0,1.872757809096097e-11,1.959525673264159e-15
113000,Body2,4580060.583996331,2201060.931587888,0,-7.277193827076422,18.42375624643389,0,1.872757809096097e-11,1.959525673264159e-15
113000,Body3,-2706295.914724997,7195457.674946985,0,-21.8396544355717,-14.10231015782196,0,1.872757809096097e-11,1.959525673264159e-15
114000,Body1,-4573972.841064071,-2211283.869916188,0,7.303953385101069,-18.25395486652051,0,1.903455793612609e-11,1.088625374035644e-15
114000,Body2,4572753.914473792,2219470.914845716,0,-7.336122251295919,18.39617488380326,0,1.903455793612609e-11,1.088625374035644e-15
114000,Body3,-2728107.340969636,7181295.507044476,0,-21.7831133805141,-14.222001728316,0,1.903455793612609e-11,1.088625374035644e-15
115000,Body1,-4566639.765845331,-2229523.347949496,0,7.362173085252371,-18.224966204504,0,1.934123652530968e-11,8.70900299228515e-16
115000,Body2,4565388.385567084,2237853.210753581,0,-7.394912441910485,18.36838169440229,0,1.934123652530968e-11,8.70900299228515e-16
115000,Body3,-2749861.97217247,7167013.719588418,0,-21.72606433418714,-14.34154898987284,0,1.934123652530968e-11,8.70900299228515e-16
116000,Body1,-4559248.542966097,-2247733.732506236,0,7.420248553638957,-18.19576806480728,0,1.965122893028996e-11,2.177250748071287e-16
116000,Body2,4557964.135969025,2256207.607929065,0,-7.453563481708571,18.34037756768898,0,1.965122893028996e-11,2.177250748071287e-16
116000,Body3,-2771559.300289938,7152612.45771417,0,-21.66850719303735,-14.46095028821103,0,1.965122893028996e-11,2.177250748071287e-16
117000,Body1,-4551799.317114192,-2265914.814563655,0,7.478178879350289,-18.16636135804364,0,1.995911254339962e-11,8.70900299228515e-16
117000,Body2,4550481.305286001,2274533.895881468,0,-7.512074460753492,18.31216339764578,0,1.995911254339962e-11,8.70900299228515e-16
117000,Body3,-2793198.81717801,7138091.868215743,0,-21.61044185967894,-14.58020396025446,0,1.995911254339962e-11,8.70900299228515e-16
118000,Body1,-4544292.233884689,-2284066.386011891,0,7.535963158837219,-18.13674699936757,0,2.027091248426899e-11,6.531752244213863e-16
118000,Body2,4542940.0340307,2292831.865016312,0,-7.570444476406267,18.28374008270846,0,2.027091248426899e-11,6.531752244213863e-16
118000,Body3,-2814780.014598425,7123452.099554646,0,-21.55186824309347,-14.69930833412998,0,2.027091248426899e-11,6.531752244213863e-16
119000,Body1,-4536727.439772503,-2302188.239658472,0,7.593600495935993,-18.10692590840334,0,2.058241116915685e-11,8.70900299228515e-16
119000,Body2,4535340.463614778,2311101.306639752,0,-7.628672633347668,18.25510852569457,0,2.058241116915685e-11,8.70900299228515e-16
119000,Body3,-2836302.384225174,7108693.30186864,0,-21.49278625883179,-14.81826172916785,0,2.058241116915685e-11,8.70900299228515e-16
120000,Body1,-4529105.08216502,-2320280.169232755,0,7.651090001891518,-18.07689900917351,0,2.089451236600774e-11,1.959525673264159e-15
120000,Body2,4527682.736341554,2329342.012962915,0,-7.686758043599333,18.22626963373216,0,2.089451236600774e-11,1.959525673264159e-15
120000,Body3,-2857765.417651175,7093815.626980557,0,-21.43319582921774,-14.93706245590507,0,2.089451236600774e-11,1.959525673264159e-15
121000,Body1,-4521425.309334662,-2338341.969390294,0,7.708430795379784,-18.04666723002754,0,2.121113240258138e-11,1.959525673264159e-15
121000,Body2,4519966.995398642,2347553.777106189,0,-7.74469982654424,18.19722431818806,0,2.121113240258138e-11,1.959525673264159e-15
121000,Body3,-2879168.60639513,7078819.228407099,0,-21.37309688355428,-15.0557088160915,0,2.121113240258138e-11,1.959525673264159e-15
122000,Body1,-4513688.270431465,-2356373.435717124,0,7.765622002529494,-18.01623150356998,0,2.153046374298866e-11,1.088625374035644e-15
122000,Body2,4512193.384850578,2365736.393103414,0,-7.802497108946179,18.16797349459657,0,2.153046374298866e-11,1.088625374035644e-15
122000,Body3,-2900511.441908633,7063704.261367599,0,-21.31248935833163,-15.17419910269914,0,2.153046374298866e-11,1.088625374035644e-15
123000,Body1,-4505894.115475583,-2374374.364733982,0,7.822662756942915,-17.98559276658883,0,2.1851000107322e-11,1.306350448842773e-15
123000,Body2,4504362.049631449,2383889.655906023,0,-7.860149024968536,18.13851808258778,0,2.1851000107322e-11,1.306350448842773e-15
123000,Body3,-2921793.415583439,7048470.8827928,0,-21.25137319743761,-15.29253159993432,0,2.1851000107322e-11,1.306350448842773e-15
124000,Body1,-4498042.995349831,-2392344.553900453,0,7.879552199715923,-17.95475195998399,0,2.217033144772928e-11,1.524075523649901e-15
124000,Body2,4496473.135537456,2402013.361387084,0,-7.917654716192228,18.10885900581613,0,2.217033144772928e-11,1.524075523649901e-15
124000,Body3,-2943014.018758985,7033119.251333618,0,-21.1897483523699,-15.41070458325299,0,2.217033144772928e-11,1.524075523649901e-15
125000,Body1,-4490135.061792169,-2410283.801619048,0,7.936289479457274,-17.92371002869536,0,2.248996404411808e-11,2.612700897685545e-15
125000,Body2,4488526.789219503,2420107.30634532,0,-7.97501333163278,18.0789971918888,0,2.248996404411808e-11,2.612700897685545e-15
125000,Body3,-2964172.742730095,7017649.527369885,0,-21.12761478245054,-15.52871631937936,0,2.248996404411808e-11,2.612700897685545e-15
126000,Body1,-4482170.467388193,-2428191.907239212,0,7.992873752307052,-17.89246792163118,0,2.28174292960263e-11,1.524075523649901e-15
126000,Body2,4480523.158175777,2438171.288508995,0,-8.032224027756634,18.0489335722941,0,2.28174292960263e-11,1.524075523649901e-15
126000,Body3,-2985269.078754921,7002061.873019058,0,-21.0649724550424,-15.64656506632751,0,2.28174292960263e-11,1.524075523649901e-15
127000,Body1,-4474149.36556358,-2446068.671061249,0,8.049304181954325,-17.86102659159608,0,2.31406769641933e-11,2.177250748071287e-15
127000,Body2,4472462.390744241,2456205.106539774,0,-8.089285968496638,18.01866908232995,0,2.31406769641933e-11,2.177250748071287e-15
127000,Body3,-3006302.518063088,6986356.452144925,0,-21.00182134576791,-15.76424907342656,0,2.31406769641933e-11,2.177250748071287e-15
128000,Body1,-4466071.910576526,-2463913.89434019,0,8.105579939654065,-17.8293869952195,0,2.347025100797213e-11,1.306350448842773e-15
128000,Body2,4464344.636095208,2474208.5600365,0,-8.146198325266768,17.9882046610326,0,2.347025100797213e-11,1.306350448842773e-15
128000,Body3,-3027272.551864064,6970533.430366285,0,-20.93816143872951,-15.88176658134909,0,2.347025100797213e-11,1.306350448842773e-15
129000,Body1,-4457938.257510206,-2481727.379289573,0,8.161700204243298,-17.7975500928837,0,2.379741500389884e-11,1.74180059845703e-15
129000,Body2,4456170.044223805,2492181.449538887,0,-8.202960276975949,17.95754125110475,0,2.379741500389884e-11,1.74180059845703e-15
129000,Body3,-3048178.671355753,6954592.975065562,0,-20.87399272673241,-15.99911582214301,0,2.379741500389884e-11,1.74180059845703e-15
130000,Body1,-4449748.562265133,-2499508.929085164,0,8.217664162156288,-17.76551684865225,0,2.412578402375161e-11,2.394975822878416e-15
130000,Body2,4447938.765942512,2510123.576531159,0,-8.259571010041165,17.92667979884453,0,2.412578402375161e-11,2.394975822878416e-15
130000,Body3,-3069020.367733308,6938535.255397452,0,-20.80931521150924,-16.116295019267,0,2.412578402375161e-11,2.394975822878416e-15
131000,Body1,-4441502.981551616,-2517258.347868609,0,8.273471007439261,-17.733288230198,0,2.445716560341954e-11,2.177250748071287e-15
131000,Body2,4439650.952873637,2528034.743445604,0,-8.316029718399745,17.89562125407388,0,2.445716560341954e-11,2.177250748071287e-15
131000,Body3,-3089797.132198179,6922360.44229745,0,-20.74412890394671,-16.23330238762955,0,2.445716560341954e-11,2.177250748071287e-15
132000,Body1,-4433201.672882066,-2534975.440750996,0,8.329119941764018,-17.70086520873154,0,2.479035471897657e-11,2.177250748071287e-15
132000,Body2,4431306.757441781,2545914.753666064,0,-8.372335603520831,17.86436657006741,0,2.479035471897657e-11,2.177250748071287e-15
132000,Body3,-3110508.455967364,6906068.708490424,0,-20.67843382431423,-16.35013613363166,0,2.479035471897657e-11,2.177250748071287e-15
133000,Body1,-4424844.794563432,-2552660.013816366,0,8.384610174441042,-17.66824875892943,0,2.512233881060754e-11,2.830425972492674e-15
133000,Body2,4422906.332866298,2563763.411531349,0,-8.42848787441606,17.83291670348112,0,2.512233881060754e-11,2.830425972492674e-15
133000,Body3,-3131153.830282926,6889660.228499057,0,-20.6122300024944,-16.46679445521312,0,2.512233881060754e-11,2.830425972492674e-15
134000,Body1,-4416432.50568952,-2570311.874125139,0,8.439940922431672,-17.63543985886271,0,2.54579379740167e-11,2.612700897685545e-15
134000,Body2,4414449.833153767,2581580.522338593,0,-8.484485747649469,17.80127261428125,0,2.54579379740167e-11,2.612700897685545e-15
134000,Body3,-3151732.746421711,6873135.178652297,0,-20.54551747821579,-16.58327554190294,0,2.54579379740167e-11,2.612700897685545e-15
135000,Body1,-4407964.966133337,-2587930.829717477,0,8.495111410359531,-17.60243948992512,0,2.579624844125951e-11,1.959525673264159e-15
135000,Body2,4405937.41309042,2599365.892346516,0,-8.54032844734663,17.76943526567337,0,2.579624844125951e-11,1.959525673264159e-15
135000,Body3,-3172244.695705314,6856493.737093762,0,-20.47829630128707,-16.69957757487339,0,2.579624844125951e-11,1.959525673264159e-15
136000,Body1,-4399442.336539442,-2605516.689616561,0,8.550120870521285,-17.56924863676181,0,2.613817398028051e-11,1.088625374035644e-15
136000,Body2,4397369.228234575,2617119.328778639,0,-8.596015205202935,17.73740562403129,0,2.613817398028051e-11,1.088625374035644e-15
136000,Body3,-3192689.169510277,6839736.083790042,0,-20.41056653183355,-16.8156987269981,0,2.613817398028051e-11,1.088625374035644e-15
137000,Body1,-4390864.778316249,-2623069.263831816,0,8.604968542896527,-17.53586828719777,0,2.647949700733848e-11,4.354501496142575e-16
137000,Body2,4388745.434909062,2634840.639826402,0,-8.651545260491153,17.70518465882639,0,2.647949700733848e-11,4.354501496142575e-16
137000,Body3,-3213065.659278528,6822862.400538984,0,-20.34232824053507,-16.9316371629142,0,2.647949700733848e-11,4.354501496142575e-16
138000,Body1,-4382232.453628353,-2640588.363362051,0,8.659653675156932,-17.5022994321665,0,2.681871124252584e-11,6.531752244213863e-16
138000,Body2,4380066.190193657,2652529.634652246,0,-8.706917860068263,17.67277334255689,0,2.681871124252584e-11,6.531752244213863e-16
138000,Body3,-3233373.656528048,6805872.870977882,0,-20.27358150886615,-17.0473910390886,0,2.681871124252584e-11,6.531752244213863e-16
139000,Body1,-4373545.525388825,-2658073.800198535,0,8.714175522674731,-17.46854306563892,0,2.716033552556533e-11,6.531752244213863e-16
139000,Body2,4371331.651917482,2670186.123392593,0,-8.76213225838133,17.64017265067732,0,2.716033552556533e-11,6.531752244213863e-16
139000,Body3,-3253612.652863791,6788767.680591626,0,-20.20432642933756,-17.16295850388846,0,2.716033552556533e-11,6.531752244213863e-16
140000,Body1,-4364804.157251506,-2675525.387327992,0,8.768533348530283,-17.43460018455203,0,2.750105604066026e-11,1.74180059845703e-15
140000,Body2,4362541.978651417,2687809.917160759,0,-8.817187717472867,17.60738356152811,0,2.750105604066026e-11,1.74180059845703e-15
140000,Body3,-3273782.139988843,6771547.016720749,0,-20.13456310574016,-17.27833769765602,0,2.750105604066026e-11,1.74180059845703e-15
141000,Body1,-4356008.513603316,-2692942.938735547,0,8.822726423519095,-17.40047178873799,0,2.784298157968127e-11,2.177250748071287e-15
141000,Body2,4353697.329700492,2705400.828049827,0,-8.872083506985184,17.57440705626536,0,2.784298157968127e-11,2.177250748071287e-15
141000,Body3,-3293881.609715824,6754211.068569432,0,-20.06429165338979,-17.39352675278755,0,2.784298157968127e-11,2.177250748071287e-15
142000,Body1,-4347158.75955649,-2710326.269407564,0,8.876754026157917,-17.36615888085315,0,2.818550963066531e-11,3.048151047299802e-15
142000,Body2,4344797.865096297,2722958.669135405,0,-8.926818904164159,17.54124411879084,0,2.818550963066531e-11,3.048151047299802e-15
142000,Body3,-3313910.553978534,6736760.027213385,0,-19.99351219937428,-17.50852379381714,0,2.818550963066531e-11,3.048151047299802e-15
143000,Body1,-4338255.060940914,-2727675.195334454,0,8.930615442690165,-17.33166246630733,0,2.852803768164934e-11,4.572226570949704e-15
143000,Body2,4335843.745589366,2740483.254478351,0,-8.981393193862143,17.50789573568194,0,2.852803768164934e-11,4.572226570949704e-15
143000,Body3,-3333868.464843847,6719194.085607688,0,-19.92222488280221,-17.62332693750458,0,2.852803768164934e-11,4.572226570949704e-15
144000,Body1,-4329297.584296343,-2744989.533513376,0,8.984309967090724,-17.29698355319315,0,2.887598834030067e-11,4.572226570949704e-15
144000,Body2,4326835.132641595,2757974.399127406,0,-9.035805668540199,17.474362896122,0,2.887598834030067e-11,4.572226570949704e-15
144000,Body3,-3353754.834523867,6701513.438594516,0,-19.85042985505284,-17.73793429292825,0,2.887598834030067e-11,4.572226570949704e-15
145000,Body1,-4320286.496864702,-2762269.101950904,0,9.037836901069749,-17.26212315221536,0,2.922152895109987e-11,5.878577019792476e-15
145000,Body2,4317772.188418594,2775431.919121772,0,-9.090055628269493,17.44064659183079,0,2.922152895109987e-11,5.878577019792476e-15
145000,Body3,-3373569.155388309,6683718.282910753,0,-19.77812728002792,-17.85234396158236,0,2.922152895109987e-11,5.878577019792476e-15
146000,Body1,-4311221.966582332,-2779513.719665591,0,9.091195554076029,-17.22708227662077,0,2.956767207386211e-11,7.184927468635249e-15
146000,Body2,4308655.075782114,2792855.631493609,0,-9.144142380731964,17.40674781699519,0,2.956767207386211e-11,7.184927468635249e-15
146000,Body3,-3393310.919977159,6665808.817195537,0,-19.70531733440519,-17.96655403747925,0,2.956767207386211e-11,7.184927468635249e-15
147000,Body1,-4302104.162072265,-2796723.206690468,0,9.144385243299384,-17.19186194212786,0,2.99168277564395e-11,7.620377618249506e-15
147000,Body2,4299483.958282406,2810245.354270469,0,-9.198065241220434,17.37266756820007,0,2.99168277564395e-11,7.620377618249506e-15
147000,Body3,-3412979.62101358,6647785.241997702,0,-19.6320002078927,-18.08056260725647,0,2.99168277564395e-11,7.620377618249506e-15
148000,Body1,-4292933.252636455,-2813897.384075506,0,9.197405293672546,-17.1564631668568,0,3.026929725481357e-11,7.402652543442377e-15
148000,Body2,4290259.000150627,2827600.906477654,0,-9.251823532637667,17.33840684435935,0,3.026929725481357e-11,7.402652543442377e-15
148000,Body3,-3432574.751417062,6629647.759783079,0,-19.55817610348536,-18.19436775028867,0,3.026929725481357e-11,7.402652543442377e-15
149000,Body1,-4283709.408248054,-2831036.073889961,0,9.250255037872146,-17.12088697125961,0,3.062146549720613e-11,7.838102693056634e-15
149000,Body2,4280980.366291229,2844922.108140522,0,-9.305416585494896,17.30396664664728,0,3.062146549720613e-11,7.838102693056634e-15
149000,Body3,-3452095.804316839,6611396.574941709,0,-19.48384523772239,-18.30796753880471,0,3.062146549720613e-11,7.838102693056634e-15
150000,Body1,-4274432.799543677,-2848139.099224679,0,9.302933816319168,-17.08513437805042,0,3.097514001950627e-11,7.402652543442377e-15
150000,Body2,4271648.222274343,2862208.780286705,0,-9.358843737909663,17.26934797843017,0,3.097514001950627e-11,7.402652543442377e-15
150000,Body3,-3471542.273065565,6593031.893794925,0,-19.40900784094614,-18.42136003800976,0,3.097514001950627e-11,7.402652543442377e-15
151000,Body1,-4265103.597815642,-2865206.28419432,0,9.35544097717848,-17.04920641213613,0,3.133062207769551e-11,7.620377618249506e-15
151000,Body2,4262262.734328184,2879460.74494827,0,-9.412104335602804,17.23455184519792,0,3.133062207769551e-11,7.620377618249506e-15
151000,Body3,-3490913.651253245,6574553.924602308,0,-19.33366415756239,-18.5345433062128,0,3.133062207769551e-11,7.620377618249506e-15
152000,Body1,-4255721.975004225,-2882237.453939518,0,9.407775876357888,-17.01310410054702,0,3.168851418373688e-11,6.96720239382812e-15
152000,Body2,4252824.069331446,2896677.825163804,0,-9.465197731894799,17.19957925449632,0,3.168851418373688e-11,6.96720239382812e-15
152000,Body3,-3510209.432721436,6555962.877568537,0,-19.25781444630154,-18.64751539495927,0,3.168851418373688e-11,6.96720239382812e-15
153000,Body1,-4246288.10368993,-2899232.434628975,0,9.459937877506329,-16.97682847236766,0,3.204339372996308e-11,7.402652543442377e-15
153000,Body2,4243332.394805711,2913859.844980443,0,-9.518123287701455,17.16443121585908,0,3.204339372996308e-11,7.402652543442377e-15
153000,Body3,-3529429.111577688,6537258.964850062,0,-19.18145898048139,-18.76027434916909,0,3.204339372996308e-11,7.402652543442377e-15
154000,Body1,-4236802.157085729,-2916191.053461468,0,9.511926352011473,-16.94038055866816,0,3.239797202020777e-11,8.273552842670892e-15
154000,Body2,4233787.878907844,2931006.629455821,0,-9.570880371528718,17.12910874074069,0,3.239797202020777e-11,8.273552842670892e-15
154000,Body3,-3548572.182210281,6518442.400561666,0,-19.10459804827057,-18.87281820728025,0,3.239797202020777e-11,8.273552842670892e-15
155000,Body1,-4227264.309029361,-2933113.138667819,0,9.563740678996549,-16.90376139243542,0,3.275375533437852e-11,9.144453141899407e-15
155000,Body2,4224190.690422407,2948118.004659961,0,-9.623468359466967,17.09361284244914,0,3.275375533437852e-11,9.144453141899407e-15
155000,Body3,-3567638.139303192,6499513.400782866,0,-19.02723195295337,-18.98514500139808,0,3.275375533437852e-11,9.144453141899407e-15
156000,Body1,-4217674.733975553,-2949998.51951276,0,9.615380245316556,-16.86697200850483,0,3.311345497630899e-11,9.144453141899407e-15
156000,Body2,4214540.998754082,2965193.79767709,0,-9.675886635184535,17.05794453607905,0,3.311345497630899e-11,9.144453141899407e-15
156000,Body3,-3586626.477851359,6480472.18356419,0,-18.94936101319541,-19.09725275744992,0,3.311345497630899e-11,9.144453141899407e-15
157000,Body1,-4208033.606988321,-2966847.026296756,0,9.666844445553727,-16.83001344349184,0,3.346984080244277e-11,1.066852866554931e-14
157000,Body2,4204838.973920106,2982233.836607394,0,-9.728134589920559,17.02210483844505,0,3.346984080244277e-11,1.066852866554931e-14
157000,Body3,-3605536.69317618,6461318.968933255,0,-18.87098556330999,-19.20913949534567,0,3.346984080244277e-11,1.066852866554931e-14
158000,Body1,-4198341.103733253,-2983658.490357746,0,9.718132682012445,-16.7928867357244,0,3.383285426016992e-11,1.023307851593505e-14
158000,Body2,4195084.786542686,2999237.95056871,0,-9.780211622477102,16.98609476801563,0,3.383285426016992e-11,1.023307851593505e-14
158000,Body3,-3624368.280941301,6442053.978900702,0,-18.7921059535257,-19.32080322914423,0,3.383285426016992e-11,1.023307851593505e-14
159000,Body1,-4188597.400469753,-3000432.744072829,0,9.769244364713348,-16.75559292517491,0,3.419375892602645e-11,1.066852866554931e-14
159000,Body2,4185278.607841456,3016205.969698142,0,-9.8321171392107,16.94991534484695,0,3.419375892602645e-11,1.066852866554931e-14
159000,Body3,-3643120.737168675,6422677.437465979,0,-18.71272255025438,-19.43224196722596,0,3.419375892602645e-11,1.066852866554931e-14
160000,Body1,-4178802.674043351,-3017169.620859871,0,9.820178911386817,-16.71813305339301,0,3.455647112777208e-11,1.045080359074218e-14
160000,Body2,4175420.609625918,3033137.725153612,0,-9.883850554023134,16.91356759051752,0,3.455647112777208e-11,1.045080359074218e-14
160000,Body3,-3661793.558254859,6403189.570622908,0,-18.63283573636014,-19.54345371247084,0,3.455647112777208e-11,1.045080359074218e-14
161000,Body1,-4168957.101878002,-3033868.955179043,0,9.870935747465916,-16.68050816343835,0,3.492249714531439e-11,9.579903291513665e-15
161000,Body2,4165510.964287901,3050033.049115363,0,-9.93541128835156,16.87705252806256,0,3.492249714531439e-11,9.579903291513665e-15
161000,Body3,-3680386.240987623,6383590.606365104,0,-18.55244591142853,-19.65443646244322,0,3.492249714531439e-11,9.579903291513665e-15
162000,Body1,-4159060.86196838,-3050530.582534308,0,9.921514306078461,-16.64271929981353,0,3.52867156269676e-11,9.579903291513665e-15
162000,Body2,4155549.844794033,3066891.774787366,0,-9.986798771158041,16.84037118190917,0,3.52867156269676e-11,9.579903291513665e-15
162000,Body3,-3698898.28256279,6363880.774691209,0,-18.47155349203668,-19.7651882095824,0,3.52867156269676e-11,9.579903291513665e-15
163000,Body1,-4149114.132872184,-3067154.339474824,0,9.971914028038675,-16.60476750839774,0,3.564822280478716e-11,1.110397881516357e-14
163000,Body2,4145537.424678223,3083713.736398694,0,-10.03801243891838,16.80352457781154,0,3.564822280478716e-11,1.110397881516357e-14
163000,Body3,-3717329.180601369,6344060.307609895,0,-18.39015891202354,-19.87570694139965,0,3.564822280478716e-11,1.110397881516357e-14
164000,Body1,-4139117.093702463,-3083740.063596288,0,10.02213436183804,-16.56665383638028,0,3.60184664060707e-11,9.579903291513665e-15
164000,Body2,4135473.878034155,3100498.76920481,0,-10.08905173561037,16.76651374278686,0,3.60184664060707e-11,9.579903291513665e-15
164000,Body3,-3735678.433166947,6324129.439144702,0,-18.30826262276069,-19.98599064068178,0,3.60184664060707e-11,9.579903291513665e-15
165000,Body1,-4129069.924119933,-3100287.593542214,0,10.07217476363555,-16.52837933219431,0,3.638479367959453e-11,9.362178216706535e-15
165000,Body2,4125359.379507789,3117246.709488794,0,-10.13991611270124,16.72933970505107,0,3.638479367959453e-11,9.362178216706535e-15
165000,Body3,-3753945.538783373,6304088.405338664,0,-18.22586509342329,-20.096037285701,0,3.638479367959453e-11,9.362178216706535e-15
166000,Body1,-4118972.804325325,-3116796.769005142,0,10.12203469724737,-16.48994504545141,0,3.675232597704441e-11,9.144453141899407e-15
166000,Body2,4115194.104289874,3133957.394562518,0,-10.19060502913469,16.69200349395543,0,3.675232597704441e-11,9.144453141899407e-15
166000,Body3,-3772129.996452676,6283937.444258708,0,-18.14296681126122,-20.20584485043136,0,3.675232597704441e-11,9.144453141899407e-15
167000,Body1,-4108825.915051732,-3133267.430727788,0,10.17171363413587,-16.45135202687587,0,3.711654445869762e-11,1.023307851593505e-14
167000,Body2,4104978.228108484,3150630.662767753,0,-10.24111795131708,16.65450613992323,0,3.711654445869762e-11,1.023307851593505e-14
167000,Body3,-3790231.30567329,6263676.795999845,0,-18.05956828187019,-20.31541130477222,0,3.711654445869762e-11,1.023307851593505e-14
168000,Body1,-4098629.437556963,-3149699.420504121,0,10.22121105339798,-16.41260132823957,0,3.748317298820296e-11,1.110397881516357e-14
168000,Body2,4094711.92722157,3167266.353477191,0,-10.29145435310325,16.61684867438699,0,3.748317298820296e-11,1.110397881516357e-14
168000,Body3,-3808248.966458527,6243306.702689126,0,-17.97567002946306,-20.42473461477795,0,3.748317298820296e-11,1.110397881516357e-14
169000,Body1,-4088383.553615921,-3166092.581180376,0,10.27052644175305,-16.37369400229723,0,3.785311533350499e-11,1.066852866554931e-14
169000,Body2,4084395.378409497,3183864.307095443,0,-10.34161371578155,16.57903212972582,0,3.785311533350499e-11,1.066852866554931e-14
169000,Body3,-3826182.479355338,6222827.408489373,0,-17.89127259714087,-20.5338127428951,0,3.785311533350499e-11,1.066852866554931e-14
170000,Body1,-4078088.445512981,-3182446.756656013,0,10.31965929352988,-16.33463110272171,0,3.822064763095487e-11,1.132170388997069e-14
170000,Body2,4074028.758967638,3200424.365059945,0,-10.39159552805814,16.54105753920337,0,3.822064763095487e-11,1.132170388997069e-14
170000,Body3,-3844031.345463327,6202239.159602665,0,-17.80637654716337,-20.64264364820602,0,3.822064763095487e-11,1.132170388997069e-14
171000,Body1,-4067744.296034395,-3198761.791884593,0,10.36860911065342,-16.29541368403987,0,3.859300002410902e-11,1.045080359074218e-14
171000,Body2,4063612.246698959,3216946.369841818,0,-10.44139928604114,16.50292593690627,0,3.859300002410902e-11,1.045080359074218e-14
171000,Body3,-3861795.066454055,6181542.204273569,0,-17.7209824612199,-20.75122528667988,0,3.859300002410902e-11,1.045080359074218e-14
172000,Body1,-4057351.288460691,-3215037.532874606,0,10.41737540263073,-16.25604280156863,0,3.896384613735559e-11,1.045080359074218e-14
172000,Body2,4053146.019906621,3233430.164946643,0,-10.49102449322363,16.46463835768257,0,3.896384613735559e-11,1.045080359074218e-14
172000,Body3,-3879473.144590599,6160736.792792142,0,-17.63509094069899,-20.8595556114306,0,3.896384613735559e-11,1.045080359074218e-14
173000,Body1,-4046909.606559109,-3231273.826690222,0,10.46595768653626,-16.21651951135153,0,3.933680104247278e-11,9.797628366320793e-15
173000,Body2,4042630.257386608,3249875.594915215,0,-10.54047066046657,16.42619583708101,0,3.933680104247278e-11,9.797628366320793e-15
173000,Body3,-3897065.082747382,6139823.177496635,0,-17.54870260695796,-20.96763257298227,0,3.933680104247278e-11,9.797628366320793e-15
174000,Body1,-4036419.434576035,-3247470.521452001,0,10.51435548699678,-16.17684487009537,0,3.970614087581176e-11,1.088625374035644e-14
174000,Body2,4032065.138420362,3266282.505324198,0,-10.58973730598076,16.38759941129042,0,3.970614087581176e-11,1.088625374035644e-14
174000,Body3,-3914570.384430283,6118801.612775971,0,-17.46181810159147,-21.07545411954174,0,3.970614087581176e-11,1.088625374035644e-14
175000,Body1,-4025880.957229462,-3263627.466337505,0,10.56256833617554,-16.13701993510735,0,4.007578196513227e-11,1.197487911439208e-14
175000,Body2,4021450.842767458,3282650.742786744,0,-10.63882395530845,16.34885011707973,0,4.007578196513227e-11,1.197487911439208e-14
175000,Body3,-3931988.55379701,6097672.35507189,0,-17.37443808669954,-21.1830181972786,0,4.007578196513227e-11,1.197487911439208e-14
176000,Body1,-4015294.359701451,-3279744.511581888,0,10.61059577375594,-16.09704576423261,0,4.044933938221248e-11,1.197487911439208e-14
176000,Body2,4010787.550658255,3298980.154953036,0,-10.68773014130431,16.30994899173838,0,4.044933938221248e-11,1.197487911439208e-14
176000,Body3,-3949319.095677727,6076435.662880878,0,-17.28656324515451,-21.29032275061286,0,4.044933938221248e-11,1.197487911439208e-14
177000,Body1,-4004659.827630639,-3295821.508478384,0,10.6584373469246,-16.05692341579203,0,4.082440307920028e-11,1.088625374035644e-14
177000,Body2,4000075.442786627,3315270.590510782,0,-10.73645540411586,16.27089707301676,0,4.082440307920028e-11,1.088625374035644e-14
177000,Body3,-3966561.515595973,6055091.796755744,0,-17.19819428086662,-21.39736572251013,0,4.082440307920028e-11,1.088625374035644e-14
178000,Body1,-3993977.547104722,-3311858.30937876,0,10.70609261035384,-16.01665394852032,0,4.119705672833595e-11,1.110397881516357e-14
178000,Body2,3989314.700302648,3331521.899185647,0,-10.78499929116329,16.23169539906776,0,4.119705672833595e-11,1.110397881516357e-14
178000,Body3,-3983715.319789825,6033641.019306934,0,-17.10933191904896,-21.5041450547845,0,4.119705672833595e-11,1.110397881516357e-14
179000,Body1,-3983247.704652987,-3327854.767693705,0,10.75356112618375,-15.97623842150468,0,4.157001163345313e-11,1.197487911439208e-14
179000,Body2,3978505.50480535,3347733.931741628,0,-10.83336135711886,16.19234500838835,0,4.157001163345313e-11,1.197487911439208e-14
179000,Body3,-4000780.015233333,6012083.595203526,0,-17.01997690648065,-21.61065868840905,0,4.157001163345313e-11,1.197487911439208e-14
180000,Body1,-3972470.487238867,-3343810.737893144,0,10.80084246400351,-15.93567789412365,0,4.194718412231154e-11,1.088625374035644e-14
180000,Body2,3967648.038335479,3363906.539981361,0,-10.88154116388576,16.1528469397616,0,4.194718412231154e-11,1.088625374035644e-14
180000,Body3,-4017755.109658223,5990419.791173921,0,-16.93013001176863,-21.7169045638347,0,4.194718412231154e-11,1.088625374035644e-14
181000,Body1,-3961646.082252475,-3359726.075506498,0,10.84793620083235,-15.89497342598641,0,4.232074153939176e-11,1.153942896477782e-14
181000,Body2,3956742.483368261,3380039.576746389,0,-10.9295382805762,16.11320223219916,0,4.232074153939176e-11,1.153942896477782e-14
181000,Body3,-4034640.111575843,5968649.876006179,0,-16.83979202560769,-21.82288062131649,0,4.232074153939176e-11,1.153942896477782e-14
182000,Body1,-3950774.677503206,-3375600.637122887,0,10.89484192109983,-15.85412607687245,0,4.269640774834259e-11,1.132170388997069e-14
182000,Body2,3945789.022806226,3396132.895917359,0,-10.97735228348941,16.07341192488449,0,4.269640774834259e-11,1.132170388997069e-14
182000,Body3,-4051434.530299393,5946774.120548082,0,-16.74896376103914,-21.92858480124819,0,4.269640774834259e-11,1.132170388997069e-14
183000,Body1,-3939856.461212326,-3391434.280391273,0,10.94155921662574,-15.81313690667152,0,4.307267646925645e-11,1.110397881516357e-14
183000,Body2,3934787.839972014,3412186.352414161,0,-11.02498275608863,16.03347705711617,0,4.307267646925645e-11,1.110397881516357e-14
183000,Body3,-4068137.875966392,5924792.797706788,0,-16.65764605370712,-22.0340150445051,0,4.307267646925645e-11,1.110397881516357e-14
184000,Body1,-3928891.622005593,-3407226.864020539,0,10.9880876865993,-15.7720069753242,0,4.344984895811486e-11,1.066852866554931e-14
184000,Body2,3923739.118601233,3428199.802196012,0,-11.07242928897814,15.99339866825176,0,4.344984895811486e-11,1.066852866554931e-14
184000,Body3,-4084749.659561412,5902706.182448209,0,-16.56583976211289,-22.13916929279489,0,4.344984895811486e-11,1.066852866554931e-14
185000,Body1,-3917880.348905905,-3422978.247779507,0,11.03442693755794,-15.73073734276262,0,4.382370763117659e-11,1.132170388997069e-14
185000,Body2,3912643.042835324,3444173.102261503,0,-11.11969147987923,15.95317779765237,0,4.382370763117659e-11,1.132170388997069e-14
185000,Body3,-4101269.392939062,5880514.551795969,0,-16.47354576786709,-22.24404548901679,0,4.382370763117659e-11,1.132170388997069e-14
186000,Body1,-3906822.831325956,-3438688.292496904,0,11.08057658336566,-15.68932906885167,0,4.420118137601652e-11,1.110397881516357e-14
186000,Body2,3901499.797214455,3460106.110648561,0,-11.16676893360622,15.91281548462753,0,4.420118137601652e-11,1.110397881516357e-14
186000,Body3,-4117696.588847216,5858218.184830059,0,-16.38076497593929,-22.34864157762922,0,4.420118137601652e-11,1.110397881516357e-14
187000,Body1,-3895719.259060919,-3454356.860061262,0,11.12653624519067,-15.6477832133306,0,4.457895637683796e-11,1.088625374035644e-14
187000,Body2,3890309.566670449,3475998.686434368,0,-11.21366126204156,15.87231276838044,0,4.457895637683796e-11,1.088625374035644e-14
187000,Body3,-4134030.760950504,5835817.362685069,0,-16.28749831490525,-22.45295550502586,0,4.457895637683796e-11,1.088625374035644e-14
188000,Body1,-3884569.822281155,-3469983.813420767,0,11.17230555148276,-15.60610083575506,0,4.495477321377955e-11,1.132170388997069e-14
188000,Body2,3879072.536519722,3491850.689735243,0,-11.26036808411076,15.83167068795385,0,4.495477321377955e-11,1.132170388997069e-14
188000,Body3,-4150271.423854034,5813312.368548065,0,-16.19374673719114,-22.55698521992015,0,4.495477321377955e-11,1.132170388997069e-14
189000,Body1,-3873374.711524951,-3485569.016583047,0,11.21788413794996,-15.56428299543951,0,4.533420512249933e-11,1.066852866554931e-14
189000,Body2,3867788.892456253,3507661.981706442,0,-11.30688902575671,15.79089028217648,0,4.533420512249933e-11,1.066852866554931e-14
189000,Body3,-4166418.093127363,5790703.487656079,0,-16.09951121931518,-22.66072867373879,0,4.533420512249933e-11,1.066852866554931e-14
190000,Body1,-3862134.117691261,-3501112.33461489,0,11.26327164753493,-15.52233075139996,0,4.571198012332078e-11,1.066852866554931e-14
190000,Body2,3856458.820544578,3523432.424541913,0,-11.35322371991358,15.74997258960978,0,4.571198012332078e-11,1.066852866554931e-14
190000,Body3,-4182470.285328719,5767991.007293199,0,-16.00479276212579,-22.76418382102332,0,4.571198012332078e-11,1.066852866554931e-14
191000,Body1,-3850848.23203249,-3516613.633641942,0,11.30846773039072,-15.48024516229729,0,4.609096014806829e-11,1.045080359074218e-14
191000,Body2,3845082.507212816,3539161.881474023,0,-11.39937180648025,15.7089186484953,0,4.609096014806829e-11,1.045080359074218e-14
191000,Body3,-4198427.518029434,5745175.216787225,0,-15.90959239103668,-22.86734861984085,0,4.609096014806829e-11,1.045080359074218e-14
192000,Body1,-3839517.246147296,-3532072.780848299,0,11.35347204385608,-15.43802728638083,0,4.646828326491746e-11,1.045080359074218e-14
192000,Body2,3833660.139245717,3554850.21677319,0,-11.44533293229338,15.66772949670249,0,4.646828326491746e-11,1.045080359074218e-14
192000,Body3,-4214289.309838641,5722256.40750597,0,-15.81391115625839,-22.97022103220377,0,4.646828326491746e-11,1.045080359074218e-14
193000,Body1,-3828141.351973417,-3547489.644476077,0,11.39828425243035,-15.39567818143248,0,4.684651014971117e-11,1.066852866554931e-14
193000,Body2,3822191.903777733,3570497.295747495,0,-11.49110675109999,15.62640617167711,0,4.684651014971117e-11,1.066852866554931e-14
193000,Body3,-4230055.180428173,5699234.872853076,0,-15.7177501330262,-23.07279902449798,0,4.684651014971117e-11,1.066852866554931e-14
194000,Body1,-3816720.741780519,-3562864.093824919,0,11.44290402774792,-15.35319890471115,0,4.722594205843096e-11,1.023307851593505e-14
194000,Body2,3810677.988286131,3586102.984742234,0,-11.53669292352957,15.58494971038999,0,4.722594205843096e-11,1.023307851593505e-14
194000,Body3,-4245724.650557706,5676110.908263439,0,-15.62111042182415,-23.17508056792035,0,4.722594205843096e-11,1.023307851593505e-14
195000,Body1,-3805255.608163076,-3578195.999251445,0,11.48733104855204,-15.31059051289767,0,4.760507271116923e-11,1.023307851593505e-14
195000,Body2,3799118.580584114,3601667.151139411,0,-11.58209111706589,15.54336114928654,0,4.760507271116923e-11,1.023307851593505e-14
195000,Body3,-4261297.242100112,5652884.811198159,0,-15.52399314860494,-23.27706363892503,0,4.760507271116923e-11,1.023307851593505e-14
196000,Body1,-3793746.144033283,-3593485.232168642,0,11.53156500066847,-15.26785406204009,0,4.79834502239537e-11,1.066852866554931e-14
196000,Body2,3787513.868813991,3617189.663357199,0,-11.62730100601831,15.50164152423652,0,4.79834502239537e-11,1.066852866554931e-14
196000,Body3,-4276772.478067044,5629556.881139061,0,-15.42639946500558,-23.37874621967904,0,4.79834502239537e-11,1.066852866554931e-14
197000,Body1,-3782192.54261397,-3608731.665045206,0,11.57560557697855,-15.22499060749954,0,4.836258087669197e-11,1.023307851593505e-14
197000,Body2,3775864.041440358,3632670.390849325,0,-11.67232227149285,15.45979187048443,0,4.836258087669197e-11,1.023307851593505e-14
197000,Body3,-4292149.88263472,5606127.41958276,0,-15.32833054855864,-23.480126298527,0,4.836258087669197e-11,1.023307851593505e-14
198000,Body1,-3770594.997431576,-3623935.171404829,0,11.61945247739167,-15.18200120389632,0,4.874125964545796e-11,1.001535344112792e-14
198000,Body2,3764169.287243316,3648109.204104431,0,-11.71715460136258,15.4178132226006,0,4.874125964545796e-11,1.001535344112792e-14
198000,Body3,-4307428.981169929,5582596.730034237,0,-15.22978760289866,-23.58120187046487,0,4.874125964545796e-11,1.001535344112792e-14
199000,Body1,-3758953.702309127,-3639095.625825426,0,11.66310540881763,-15.13888690505664,0,4.911963715824244e-11,1.088625374035644e-14
199000,Body2,3752429.795311728,3663505.974645369,0,-11.76179769023791,15.37570661443251,0,4.911963715824244e-11,1.088625374035644e-14
199000,Body3,-4322609.300256224,5558965.117999954,0,-15.13077185796369,-23.68197093762317,0,4.911963715824244e-11,1.088625374035644e-14
200000,Body1,-3747268.851359246,-3654212.903938327,0,11.70656408513842,-15.09564876395964,0,4.949861718298995e-11,1.066852866554931e-14
200000,Body2,3740645.755036485,3678860.575028463,0,-11.8062512394364,15.33347307905685,0,4.949861718298995e-11,1.066852866554931e-14
200000,Body3,-4337690.367720327,5535232.890980472,0,-15.0312845701918,-23.78243150975934,0,4.949861718298995e-11,1.066852866554931e-14
201000,Body1,-3735540.638977201,-3669286.882427393,0,11.74982822717946,-15.05228783268485,0,4.988091102353414e-11,9.579903291513665e-15
201000,Body2,3728817.356103827,3694172.878842704,0,-11.85051495695225,15.29111364873206,0,4.988091102353414e-11,9.579903291513665e-15
201000,Body3,-4352671.712658741,5511400.358462561,0,-14.93132702271208,-23.88258160475979,0,4.988091102353414e-11,9.579903291513665e-15
202000,Body1,-3723769.25983398,-3684317.439028085,0,11.79289756268068,-15.00880516236019,0,5.025958979230013e-11,1.001535344112792e-14
202000,Body2,3716944.788488663,3709442.760708913,0,-11.89458855742528,15.24862935485132,0,5.025958979230013e-11,1.001535344112792e-14
202000,Body3,-4367552.86546451,5487467.831910844,0,-14.83090052553008,-23.9824192491508,0,5.025958979230013e-11,1.001535344112792e-14
203000,Body1,-3711954.908869385,-3699304.452526506,0,11.83577182626699,-14.96520180311046,0,5.063646102517702e-11,1.110397881516357e-14
203000,Body2,3705028.242447964,3724670.096278851,0,-11.93847176210982,15.20602122789626,0,5.063646102517702e-11,1.110397881516357e-14
203000,Body3,-4382333.357854203,5463435.624758868,0,-14.73000641570746,-24.08194247861952,0,5.063646102517702e-11,1.110397881516357e-14
204000,Body1,-3700097.781285156,-3714247.802758354,0,11.87845075941854,-14.92147880400605,0,5.101408539800771e-11,1.153942896477782e-14
204000,Body2,3693067.908514147,3739854.762234289,0,-11.98216429884308,15.1632902973911,0,5.101408539800771e-11,1.153942896477782e-14
204000,Body3,-4397012.722895045,5439304.052399687,0,-14.62864605753552,-24.181149338544,0,5.101408539800771e-11,1.153942896477782e-14
205000,Body1,-3688198.072538145,-3729147.370607853,0,11.92093411044042,-14.8776372130123,0,5.139291479476446e-11,1.197487911439208e-14
205000,Body2,3681063.977488507,3754996.636286025,0,-12.02566590201328,15.12043759185725,0,5.139291479476446e-11,1.197487911439208e-14
205000,Body3,-4411590.495032243,5415073.432175931,0,-14.52682084270257,-24.28003788453281,0,5.139291479476446e-11,1.197487911439208e-14
206000,Body1,-3676255.978333499,-3744003.038006619,0,11.963221634432,-14.83367807693929,0,5.177219607549349e-11,1.197487911439208e-14
206000,Body2,3669016.640434701,3770095.597172854,0,-12.06897631252733,15.07746413876866,0,5.177219607549349e-11,1.197487911439208e-14
206000,Body3,-4426066.210116454,5390744.083369256,0,-14.42453219045435,-24.37860618297451,0,5.177219607549349e-11,1.197487911439208e-14
207000,Body1,-3664271.694617875,-3758814.687932473,0,12.00531309325602,-14.78960244139195,0,5.215057358827796e-11,1.219260418919921e-14
207000,Body2,3656926.08867223,3785151.524660508,0,-12.11209527777842,15.03437096450753,0,5.215057358827796e-11,1.219260418919921e-14
207000,Body3,-4440439.405431421,5366316.327189313,0,-14.32178154774813,-24.47685231159617,0,5.215057358827796e-11,1.219260418919921e-14
208000,Body1,-3652245.417572708,-3773582.204408225,0,12.04720825550723,-14.74541135072084,0,5.253121052092381e-11,1.197487911439208e-14
208000,Body2,3644792.513769967,3800164.299540531,0,-12.15502255161311,14.99115909432077,0,5.253121052092381e-11,1.197487911439208e-14
208000,Body3,-4454709.619721773,5341790.486762121,0,-14.21857038939935,-24.57477436003209,0,5.253121052092381e-11,1.197487911439208e-14
209000,Body1,-3640177.343607477,-3788305.472500386,0,12.08890689648056,-14.70110584797316,0,5.291154619758814e-11,1.153942896477782e-14
209000,Body2,3632616.107539728,3815133.803629132,0,-12.19775789429822,14.94782955227677,0,5.291154619758814e-11,1.153942896477782e-14
209000,Body3,-4468876.393220932,5317166.88711788,0,-14.11490021822118,-24.67237043040169,0,5.291154619758814e-11,1.153942896477782e-14
210000,Body1,-3628067.669353033,-3802984.37831784,0,12.13040879813914,-14.65668697484435,0,5.329052622233566e-11,1.153942896477782e-14
210000,Body2,3620397.062029867,3830059.919765982,0,-12.24030107248746,14.90438336122293,0,5.329052622233566e-11,1.153942896477782e-14
210000,Body3,-4482939.26767919,5292445.85517817,0,-14.01077256515628,-24.76963863789722,0,5.329052622233566e-11,1.153942896477782e-14
211000,Body1,-3615916.591654944,-3817618.809010475,0,12.17171374908182,-14.61215577163023,0,5.366890373512013e-11,1.175715403958495e-14
211000,Body2,3608135.569518903,3844942.531812971,0,-12.28265185918769,14.86082154274364,0,5.366890373512013e-11,1.175715403958495e-14
211000,Body3,-4496897.786391897,5267627.719742595,0,-13.90618898940089,-24.8665771113812,0,5.366890373512013e-11,1.175715403958495e-14
212000,Body1,-3603724.307566873,-3832208.652767752,0,12.21282154451037,-14.56751327717933,0,5.404697999192309e-11,1.219260418919921e-14
212000,Body2,3595831.822509192,3859781.524652923,0,-12.32481003372505,14.81714511711887,0,5.404697999192309e-11,1.219260418919921e-14
212000,Body3,-4510751.494227778,5242712.811474811,0,-13.80115107852055,-24.96318399399324,0,5.404697999192309e-11,1.219260418919921e-14
213000,Body1,-3591491.014343999,-3846753.798817234,0,12.25373198619639,-14.52276052884603,0,5.442671315662439e-11,1.175715403958495e-14
213000,Body2,3583486.013720612,3874576.784188275,0,-12.3667753817107,14.77335510328331,0,5.442671315662439e-11,1.175715403958495e-14
213000,Body3,-4524499.93765735,5217701.462887943,0,-13.69566044855763,-25.05945744376687,0,5.442671315662439e-11,1.175715403958495e-14
214000,Body1,-3579216.90943645,-3861254.137423081,0,12.29444488244778,-14.47789856244381,0,5.480614506534417e-11,1.197487911439208e-14
214000,Body2,3571098.336084301,3889328.197339704,0,-12.40854769500638,14.729452518786,0,5.480614506534417e-11,1.197487911439208e-14
214000,Body3,-4538142.664781454,5192594.008329376,0,-13.58971874413005,-25.1553956342557,0,5.480614506534417e-11,1.197487911439208e-14
215000,Body1,-3566902.190482794,-3875709.559884469,0,12.33496004807507,-14.4329284121993,0,5.518633011401775e-11,1.088625374035644e-14
215000,Body2,3558668.982736428,3904035.652044735,0,-12.45012677168976,14.68543837975062,0,5.518633011401775e-11,1.088625374035644e-14
215000,Body3,-4551679.225359874,5167390.783964911,0,-13.48332763852097,-25.25099675516941,0,5.518633011401775e-11,1.088625374035644e-14
216000,Body1,-3554547.055303555,-3890119.95853399,0,12.37527730435718,-14.3878511107065,0,5.556546076675602e-11,1.088625374035644e-14
216000,Body2,3546198.147011992,3918699.037256281,0,-12.49151241601947,14.64131370083632,0,5.556546076675602e-11,1.088625374035644e-14
216000,Body3,-4565109.170840044,5142092.12776229,0,-13.37648883375928,-25.34625901301926,0,5.556546076675602e-11,1.088625374035644e-14
217000,Body1,-3542151.701894759,-3904485.226735997,0,12.41539647900701,-14.34266768888174,0,5.594353702355898e-11,1.110397881516357e-14
217000,Body2,3533686.022438651,3933318.24294117,0,-12.53270443840003,14.59707949519909,0,5.594353702355898e-11,1.110397881516357e-14
217000,Body3,-4578432.054385832,5116698.379474081,0,-13.2692040606905,-25.44118063177341,0,5.594353702355898e-11,1.110397881516357e-14
218000,Body1,-3529716.32842151,-3918805.258884897,0,12.45531740613687,-14.29737917591888,0,5.631980574447284e-11,1.219260418919921e-14
218000,Body2,3521132.802730609,3947893.160078611,0,-12.57370265534641,14.5527367744537,0,5.631980574447284e-11,1.219260418919921e-14
218000,Body3,-4591647.430906381,5091209.880619871,0,-13.16147507903782,-25.53575985352141,0,5.631980574447284e-11,1.219260418919921e-14
219000,Body1,-3517241.133211622,-3933079.95040342,0,12.49503992622321,-14.25198659924511,0,5.669863514122959e-11,1.153942896477782e-14
219000,Body2,3508538.681782507,3962423.680658654,0,-12.6145068894486,14.5082865486362,0,5.669863514122959e-11,1.153942896477782e-14
219000,Body3,-4604754.857085018,5065626.974467822,0,-13.05330367745295,-25.62999493914871,0,5.669863514122959e-11,1.153942896477782e-14
220000,Body1,-3504726.314749262,-3947309.197740814,0,12.53456388607142,-14.20649098447718,0,5.707701265401407e-11,1.153942896477782e-14
220000,Body2,3495903.853663377,3976909.697680571,0,-12.65511696933575,14.46372982616698,0,5.707701265401407e-11,1.153942896477782e-14
220000,Body3,-4617753.891408211,5039950.006015524,0,-12.94469167355649,-25.72388416902056,0,5.707701265401407e-11,1.153942896477782e-14
221000,Body1,-3492172.07166864,-3961492.89837102,0,12.57388913878013,-14.16089335537811,0,5.745478765483551e-11,1.153942896477782e-14
221000,Body2,3483228.512610618,3991351.105151233,0,-12.69553272964037,14.41906761381443,0,5.745478765483551e-11,1.153942896477782e-14
221000,Body3,-4630644.094194536,5014179.321970168,0,-12.8356409139675,-25.81742584367505,0,5.745478765483551e-11,1.153942896477782e-14
222000,Body1,-3479578.602747736,-3975630.950790802,0,12.6130155437054,-14.11519473381434,0,5.783135763173089e-11,1.197487911439208e-14
222000,Body2,3470512.853024005,4005747.798083435,0,-12.73575401096208,14.37430091665918,0,5.783135763173089e-11,1.197487911439208e-14
222000,Body3,-4643425.027623693,4988315.270728036,0,-12.72615327432213,-25.91061828452593,0,5.783135763173089e-11,1.197487911439208e-14
223000,Body1,-3466946.106902068,-3989723.254517824,0,12.65194296642438,-14.06939613971343,0,5.821003640049688e-11,1.132170388997069e-14
223000,Body2,3457757.06945975,4020099.672494205,0,-12.77578065983146,14.32943073805879,0,5.821003640049688e-11,1.132170388997069e-14
223000,Body3,-4656096.25576555,4962358.202353265,0,-12.61623065928052,-26.00345983457491,0,5.821003640049688e-11,1.132170388997069e-14
224000,Body1,-3454274.783178469,-4003769.710088687,0,12.6906712786989,-14.02349859102217,0,5.858570260944772e-11,1.219260418919921e-14
224000,Body2,3444961.356624589,4034406.625403041,0,-12.81561252867359,14.28445807961308,0,5.858570260944772e-11,1.219260418919921e-14
224000,Body3,-4668657.344609126,4936308.468555889,0,-12.50587500252237,-26.09594885913273,0,5.858570260944772e-11,1.219260418919921e-14
225000,Body1,-3441564.830748945,-4017770.219056934,0,12.72920035843884,-13.97750310366509,0,5.896257384232461e-11,1.197487911439208e-14
225000,Body2,3432125.909369885,4048668.554830156,0,-12.85524947577145,14.23938394113016,0,5.896257384232461e-11,1.197487911439208e-14
225000,Body3,-4681107.86209163,4910166.422669169,0,-12.39508826673007,-26.1880837465501,0,5.896257384232461e-11,1.197487911439208e-14
226000,Body1,-3428816.448904522,-4031724.683991004,0,12.76753008966493,-13.93141069150364,0,5.933989695917377e-11,1.175715403958495e-14
226000,Body2,3419250.922685818,4062885.359794656,0,-12.89469136522925,14.19420932059281,0,5.933989695917377e-11,1.175715403958495e-14
226000,Body3,-4693447.37812744,4883932.419626204,0,-12.28387244355974,-26.2798629089574,0,5.933989695917377e-11,1.175715403958495e-14
227000,Body1,-3416029.837049173,-4045633.008472144,0,12.80566036247162,-13.88522236629567,0,5.971541254013385e-11,1.219260418919921e-14
227000,Body2,3406336.591695565,4077056.940312706,0,-12.93393806693555,14.14893521412541,0,5.971541254013385e-11,1.219260418919921e-14
227000,Body3,-4705675.46463706,4857606.815935746,0,-12.1722295535994,-26.37128478301364,0,5.971541254013385e-11,1.219260418919921e-14
228000,Body1,-3403205.194693755,-4059495.097092302,0,12.84359107298951,-13.83893913765546,0,6.009107874908468e-11,1.219260418919921e-14
228000,Body2,3393383.111649539,4091183.197395649,0,-12.97298945652631,14.10356261596172,0,6.009107874908468e-11,1.219260418919921e-14
228000,Body3,-4717791.695576041,4831189.969657308,0,-12.06016164631412,-26.46234783066436,0,6.009107874908468e-11,1.219260418919921e-14
229000,Body1,-3390342.72144999,-4073310.855451942,0,12.88132212334765,-13.7925620130142,0,6.046704621401702e-11,1.241032926400634e-14
229000,Body2,3380390.67791965,4105264.033048106,0,-13.0118454153478,14.05809251841291,0,6.046704621401702e-11,1.241032926400634e-14
229000,Body3,-4729795.646963785,4804682.240375502,0,-11.94767079997791,-26.55305053990846,0,6.046704621401702e-11,1.241032926400634e-14
230000,Body1,-3377442.617024491,-4087080.190157856,0,12.91885342163544,-13.74609199758094,0,6.084527309881074e-11,1.110397881516357e-14
230000,Body2,3367359.485993636,4119299.350266038,0,-13.05050583041949,14.0125259118363,0,6.084527309881074e-11,1.110397881516357e-14
230000,Body3,-4741686.896912351,4778083.989173591,0,-11.83475912159167,-26.643391425574,0,6.084527309881074e-11,1.110397881516357e-14
231000,Body1,-3364505.081212809,-4100803.008820914,0,12.95618488186453,-13.69953009430398,0,6.12204874237893e-11,1.110397881516357e-14
231000,Body2,3354289.731469383,4133289.053034769,0,-13.08897059439665,13.96686378460462,0,6.12204874237893e-11,1.110397881516357e-14
231000,Body3,-4753465.02565513,4751395.578606267,0,-11.72142874678733,-26.73336903010232,0,6.12204874237893e-11,1.110397881516357e-14
232000,Body1,-3351530.313893549,-4114479.220053789,0,12.99331642393024,-13.65287730383287,0,6.159524986479558e-11,1.132170388997069e-14
232000,Body2,3341181.610049324,4147233.046326991,0,-13.12723960553306,13.92110712307591,0,6.159524986479558e-11,1.132170388997069e-14
232000,Body3,-4765129.615575402,4724617.372671644,0,-11.60768183971739,-26.8229819243412,0,6.159524986479558e-11,1.132170388997069e-14
233000,Body1,-3338518.515022487,-4128108.733468642,0,13.03024797357293,-13.60613462448072,0,6.197061481776489e-11,1.132170388997069e-14
233000,Body2,3328035.317534856,4161131.236100737,0,-13.16531276764361,13.87525691156383,0,6.197061481776489e-11,1.132170388997069e-14
233000,Body3,-4776680.251234814,4697749.736782455,0,-11.49352059292983,-26.91222870834609,0,6.197061481776489e-11,1.132170388997069e-14
234000,Body1,-3325469.884626755,-4141691.459674761,0,13.06697946233904,-13.55930305218707,0,6.234341909489132e-11,1.153942896477782e-14
234000,Body2,3314851.049820795,4174983.529297314,0,-13.20318999006674,13.82931413230861,0,6.234341909489132e-11,1.153942896477782e-14
234000,Body3,-4788116.519401711,4670793.037736427,0,-11.37894722722794,-27.00110801219003,0,6.234341909489132e-11,1.153942896477782e-14
235000,Body1,-3312384.622799054,-4155227.310276174,0,13.10351082754203,-13.51238358048119,0,6.271682588398078e-11,1.219260418919921e-14
235000,Body2,3301629.002889871,4188789.833839227,0,-13.24087118762685,13.78327976544863,0,6.271682588398078e-11,1.219260418919921e-14
235000,Body3,-4799438.009079282,4643747.64368588,0,-11.26396399151458,-27.08961849678141,0,6.271682588398078e-11,1.219260418919921e-14
236000,Body1,-3299262.929691905,-4168716.197869209,0,13.13984201222303,-13.46537720044588,0,6.309414900082994e-11,1.066852866554931e-14
236000,Body2,3288369.372807261,4202550.05862806,0,-13.27835628059679,13.7371547889924,0,6.309414900082994e-11,1.066852866554931e-14
236000,Body3,-4810644.311533625,4616613.924106451,0,-11.14857316262075,-27.17775885469009,0,6.309414900082994e-11,1.066852866554931e-14
237000,Body1,-3286105.00551193,-4182158.036040047,0,13.17597296511122,-13.41828490068169,0,6.346559762603955e-11,1.110397881516357e-14
237000,Body2,3275072.355715166,4216264.113542312,0,-13.31564519466001,13.69094017879113,0,6.346559762603955e-11,1.110397881516357e-14
237000,Body3,-4821735.020321531,4589392.24976503,0,-11.03277704511802,-27.26552781098111,0,6.346559762603955e-11,1.110397881516357e-14
238000,Body1,-3272911.050514207,-4195552.739362216,0,13.21190364058429,-13.37110766727173,0,6.383825127517522e-11,1.153942896477782e-14
238000,Body2,3261738.147827409,4229931.909435262,0,-13.35273786087313,13.64463690851193,0,6.383825127517522e-11,1.153942896477782e-14
238000,Body3,-4832709.731318163,4562082.99268685,0,-10.91657797111433,-27.35292412405657,0,6.383825127517522e-11,1.153942896477782e-14
239000,Body1,-3259681.264996623,-4208900.223394049,0,13.24763399862831,-13.3238464837468,0,6.42122605762277e-11,1.088625374035644e-14
239000,Body2,3248366.945424087,4243553.358132748,0,-13.38963421562798,13.59824594961148,0,6.42122605762277e-11,1.088625374035644e-14
239000,Body3,-4843568.042744462,4534686.526121721,0,-10.79997830003314,-27.43994658650445,0,6.42122605762277e-11,1.088625374035644e-14
240000,Body1,-3246415.849294294,-4222200.404676116,0,13.28316400479771,-13.27650233105111,0,6.458416108540958e-11,1.066852866554931e-14
240000,Body2,3234958.944846255,4257128.372430937,0,-13.42633420061396,13.5517682713103,0,6.458416108540958e-11,1.066852866554931e-14
240000,Body3,-4854309.555194354,4507203.224509405,0,-10.68298041837513,-27.52659402595528,0,6.458416108540958e-11,1.066852866554931e-14
241000,Body1,-3233115.003774008,-4235453.200728629,0,13.318493630175,-13.22907618750835,0,6.495726661851752e-11,1.045080359074218e-14
241000,Body2,3221514.342490644,4270656.866094108,0,-13.46283776278037,13.50520484056745,0,6.495726661851752e-11,1.045080359074218e-14
241000,Body3,-4864933.871661697,4479633.463444165,0,-10.56558673946244,-27.61286530594598,0,6.495726661851752e-11,1.045080359074218e-14
242000,Body1,-3219778.928828731,-4248658.530048798,0,13.35362285133025,-13.18156902878831,0,6.532992026765318e-11,1.001535344112792e-14
242000,Body2,3208033.334804421,4284138.753852339,0,-13.49914485429858,13.45855662205585,0,6.532992026765318e-11,1.001535344112792e-14
242000,Body3,-4875440.597566974,4451977.6196384,0,-10.44779970316499,-27.69875932679045,0,6.532992026765318e-11,1.001535344112792e-14
243000,Body1,-3206407.82487213,-4261816.312108169,0,13.38855165028038,-13.133981827874,0,6.570001324094597e-11,1.045080359074218e-14
243000,Body2,3194516.118279987,4297573.951399235,0,-13.53525543252428,13.41182457813818,0,6.570001324094597e-11,1.045080359074218e-14
243000,Body3,-4885829.340783682,4424236.070885459,0,-10.32962177560838,-27.78427502645712,0,6.570001324094597e-11,1.045080359074218e-14
244000,Body1,-3193001.892333146,-4274926.467349906,0,13.42328001444854,-13.08631555502907,0,6.607010621423874e-11,1.066852866554931e-14
244000,Body2,3180962.889449809,4310962.375389606,0,-13.57116945995988,13.36500966884321,0,6.607010621423874e-11,1.066852866554931e-14
244000,Body3,-4896099.711664451,4396409.196021506,0,-10.21105544886328,-27.86941138145303,0,6.607010621423874e-11,1.066852866554931e-14
245000,Body1,-3179561.331650611,-4287988.917186056,0,13.4578079366229,-13.03857117776595,0,6.643959667556849e-11,1.088625374035644e-14
245000,Body2,3167373.844881298,4324303.943437107,0,-13.60688690421672,13.31811285184266,0,6.643959667556849e-11,1.088625374035644e-14
245000,Body3,-4906251.323066817,4368497.374886566,0,-10.09210324061565,-27.95416740771408,0,6.643959667556849e-11,1.088625374035644e-14
246000,Body1,-3166086.343267906,-4301003.58399481,0,13.49213541491566,-12.99074966081414,0,6.681059341680582e-11,1.066852866554931e-14
246000,Body2,3153749.181171712,4337598.574111877,0,-13.64240773797744,13.27113508242872,0,6.681059341680582e-11,1.066852866554931e-14
246000,Body3,-4916283.790378664,4340500.988284646,0,-9.972767693817671,-28.03854216150187,0,6.681059341680582e-11,1.066852866554931e-14
247000,Body1,-3152577.127627652,-4313970.391117662,0,13.52626245272163,-12.94285196608925,0,6.718038513411708e-11,1.088625374035644e-14
247000,Body2,3140089.094943107,4350846.186938155,0,-13.67773193895841,13.22407731349186,0,6.718038513411708e-11,1.088625374035644e-14
247000,Body3,-4926196.731543308,4312420.417942953,0,-9.853051376318858,-28.12253474030582,0,6.718038513411708e-11,1.088625374035644e-14
248000,Body1,-3139033.885166456,-4326889.262856619,0,13.5601890586769,-12.89487905266232,0,6.754927308348379e-11,1.045080359074218e-14
248000,Body2,3126393.782837321,4364046.702391843,0,-13.7128594898721,13.17694049549939,0,6.754927308348379e-11,1.045080359074218e-14
248000,Body3,-4935989.767084194,4284256.046470203,0,-9.732956880477095,-28.20614428375147,0,6.754927308348379e-11,1.045080359074218e-14
249000,Body1,-3125456.816309677,-4339760.124471323,0,13.59391524661717,-12.84683187672966,0,6.791876354481354e-11,1.066852866554931e-14
249000,Body2,3112663.441510996,4377200.041898107,0,-13.74779037838963,13.12972557647435,0,6.791876354481354e-11,1.066852866554931e-14
249000,Body3,-4945662.520129223,4256008.257314042,0,-9.612486822749149,-28.28936997451364,0,6.791876354481354e-11,1.066852866554931e-14
250000,Body1,-3111846.121466271,-4352582.902176149,0,13.62744103553599,-12.79871139158315,0,6.828614521427267e-11,1.088625374035644e-14
250000,Body2,3098898.267630642,4390306.127828896,0,-13.78252459710334,13.08243350197505,0,6.828614521427267e-11,1.088625374035644e-14
250000,Body3,-4955214.616434614,4227677.434717541,0,-9.491643843260455,-28.37221103923509,0,6.828614521427267e-11,1.088625374035644e-14
251000,Body1,-3098202.001023619,-4365357.523137312,0,13.66076644954297,-12.75051854758096,0,6.865443065167635e-11,1.088625374035644e-14
251000,Body2,3085098.457867731,4403364.883500491,0,-13.8170621434894,13.03506521507499,0,6.865443065167635e-11,1.088625374035644e-14
251000,Body3,-4964645.684408358,4199263.96367474,0,-9.370430605353533,-28.45466674944976,0,6.865443065167635e-11,1.088625374035644e-14
252000,Body1,-3084524.655342468,-4378083.915469904,0,13.69389151782169,-12.70225429211876,0,6.902256546108926e-11,1.088625374035644e-14
252000,Body2,3071264.208893831,4416376.233170977,0,-13.85140301987052,12.98762165634339,0,6.902256546108926e-11,1.088625374035644e-14
252000,Body3,-4973955.355133215,4170768.229885338,0,-9.248849795115039,-28.53673642251067,0,6.902256546108926e-11,1.088625374035644e-14
253000,Body1,-3070814.284751855,-4390762.008234914,0,13.72681627458759,-12.65391956960139,0,6.938783833867779e-11,1.153942896477782e-14
253000,Body2,3057395.717375781,4429340.102037754,0,-13.88554723337876,12.94010376382612,0,6.938783833867779e-11,1.153942896477782e-14
253000,Body3,-4983143.262389178,4142190.619708374,0,-9.126904120880733,-28.61841942252198,0,6.938783833867779e-11,1.153942896477782e-14
254000,Body1,-3057071.089544104,-4403391.731436234,0,13.75954075904575,-12.60551532141494,0,6.975446686818313e-11,1.153942896477782e-14
254000,Body2,3043493.179970896,4442256.416235006,0,-13.91949479591852,12.89251247302719,0,6.975446686818313e-11,1.153942896477782e-14
254000,Body3,-4992209.042675501,4113531.520115013,0,-9.004596312718327,-28.69971516127486,0,6.975446686818313e-11,1.153942896477782e-14
255000,Body1,-3043295.269969861,-4415973.016017618,0,13.79206501534837,-12.55704248589927,0,7.012079414170695e-11,1.153942896477782e-14
255000,Body2,3029556.79332222,4455125.102831141,0,-13.95324572412946,12.84484871689067,0,7.012079414170695e-11,1.153942896477782e-14
255000,Body3,-5001152.33523214,4084791.318640395,0,-8.881929121887516,-28.78062309918747,0,7.012079414170695e-11,1.153942896477782e-14
256000,Body1,-3029487.026233155,-4428505.793859633,0,13.82438909255243,-12.50850199832109,0,7.04848619953694e-11,1.241032926400634e-14
256000,Body2,3015586.754053799,4467946.089826206,0,-13.98680003934964,12.79711342578307,0,7.04848619953694e-11,1.241032926400634e-14
256000,Body3,-5009972.782060678,4055970.403334537,0,-8.758905320277254,-28.86114274624739,0,7.04848619953694e-11,1.241032926400634e-14
257000,Body1,-3015646.558486531,-4440989.99777655,0,13.85651304457698,-12.45989479084731,0,7.085028550094868e-11,1.262805433881347e-14
257000,Body2,3001583.258766014,4480719.30614935,0,-14.02015776757876,12.74930752747641,0,7.085028550094868e-11,1.262805433881347e-14
257000,Body3,-5018670.027944655,4027069.162712293,0,-8.635527699819569,-28.9412736629578,0,7.085028550094868e-11,1.262805433881347e-14
258000,Body1,-3001774.066826197,-4453425.561513265,0,13.88843693016041,-12.41122179251897,0,7.121314833068507e-11,1.328122956323485e-14
258000,Body2,2987546.504030929,4493444.681656162,0,-14.05331893944157,12.70143194713137,0,7.121314833068507e-11,1.328122956323485e-14
258000,Body3,-5027243.720469313,3998087.985702359,0,-8.511799071879738,-29.02101546128598,0,7.121314833068507e-11,1.328122956323485e-14
259000,Body1,-2987869.751287238,-4465812.419742133,0,13.92016081281762,-12.36248392922564,0,7.157932497621814e-11,1.262805433881347e-14
259000,Body2,2973476.686387682,4506122.147126096,0,-14.08628359015137,12.65348760728131,0,7.157932497621814e-11,1.262805433881347e-14
259000,Body3,-5035693.510040713,3969027.261595332,0,-8.387722266622452,-29.10036780561383,0,7.157932497621814e-11,1.262805433881347e-14
260000,Body1,-2973933.811838844,-4478150.508059803,0,13.95168476079714,-12.31368212367999,0,7.194158529399148e-11,1.328122956323485e-14
260000,Body2,2959374.002337923,4518751.634259807,0,-14.11905175947359,12.60547542781641,0,7.194158529399148e-11,1.328122956323485e-14
260000,Body3,-5044019.049904203,3939887.379990827,0,-8.26330013235359,-29.1793304136906,0,7.194158529399148e-11,1.328122956323485e-14
261000,Body1,-2959966.448379613,-4490439.762984049,0,13.98300884703806,-12.26481729539319,0,7.23058037756447e-11,1.306350448842772e-14
261000,Body2,2945238.648341272,4531333.075676527,0,-14.15162349168964,12.55739632596856,0,7.23058037756447e-11,1.306350448842772e-14
261000,Body3,-5052219.996162232,3910668.730743624,0,-8.138535534837377,-29.25790305758719,0,7.23058037756447e-11,1.306350448842772e-14
262000,Body1,-2945967.860732876,-4502680.121950547,0,14.01413314912681,-12.21589036065043,0,7.266987162930715e-11,1.28457794136206e-14
262000,Body2,2931070.820810829,4543866.404911373,0,-14.18399883556089,12.50925121629644,0,7.266987162930715e-11,1.28457794136206e-14
262000,Body3,-5060296.007791442,3881371.703908883,0,-8.013431356588436,-29.33608556465122,0,7.266987162930715e-11,1.28457794136206e-14
263000,Body1,-2931938.248642074,-4514871.523309623,0,14.0450577492541,-12.1669022324871,0,7.303152943511748e-11,1.349895463804198e-14
263000,Body2,2916870.716108701,4556351.556412669,0,-14.21617784429267,12.46104101067121,0,7.303152943511748e-11,1.349895463804198e-14
263000,Body3,-5068246.746659059,3851996.689686367,0,-7.887990496138515,-29.41387781846313,0,7.303152943511748e-11,1.349895463804198e-14
264000,Body1,-2917877.81176617,-4527013.906323018,0,14.07578273417147,-12.11785382066517,0,7.339378975289082e-11,1.328122956323485e-14
264000,Body2,2902638.530541589,4568788.46553929,0,-14.24816057549864,12.41276661826259,0,7.339378975289082e-11,1.328122956323485e-14
264000,Body3,-5076071.877538543,3822544.078363751,0,-7.762215867277512,-29.49127975979282,0,7.339378975289082e-11,1.328122956323485e-14
265000,Body1,-2903786.749675112,-4539107.211160576,0,14.10630819514795,-12.06874603165025,0,7.375484504673811e-11,1.393440478765624e-14
265000,Body2,2888374.460356388,4581177.068557895,0,-14.27994709116524,12.3644289455253,0,7.375484504673811e-11,1.393440478765624e-14
265000,Body3,-5083771.06812444,3793014.26025895,0,-7.636110398268531,-29.56829138755571,0,7.375484504673811e-11,1.393440478765624e-14
266000,Body1,-2889665.261845342,-4551151.378896959,0,14.13663422792663,-12.01957976858885,0,7.411635222455768e-11,1.415212986246337e-14
266000,Body2,2874078.701735837,4593517.302640247,0,-14.31153745761623,12.316028896186,0,7.411635222455768e-11,1.415212986246337e-14
266000,Body3,-5091343.989046459,3763407.625661484,0,-7.509677031036555,-29.64491275976893,0,7.411635222455768e-11,1.415212986246337e-14
267000,Body1,-2875513.547655339,-4563146.351508294,0,14.16676093268096,-11.97035593128621,0,7.447725689041421e-11,1.43698549372705e-14
267000,Body2,2859751.450794196,4605809.105860472,0,-14.34293174547761,12.26756737123072,0,7.447725689041421e-11,1.43698549372705e-14
267000,Body3,-5098790.313882721,3733724.564772912,0,-7.382918720330575,-29.72114399450612,0,7.447725689041421e-11,1.43698549372705e-14
268000,Body1,-2861331.806381211,-4575092.071868855,0,14.19668841397118,-11.92107541618453,0,7.483710716033543e-11,1.480530508688475e-14
268000,Body2,2845392.903572959,4618052.417192301,0,-14.37413002964255,12.21904526889247,0,7.483710716033543e-11,1.480530508688475e-14
268000,Body3,-5106109.719172145,3703965.467646293,0,-7.255838432858659,-29.79698527085116,0,7.483710716033543e-11,1.480530508688475e-14
269000,Body1,-2847120.237192328,-4586988.483747653,0,14.22641678070067,-11.87173911634156,0,7.519786119820121e-11,1.43698549372705e-14
269000,Body2,2831003.256036615,4630247.176506311,0,-14.40513238923668,12.17046348463951,0,7.519786119820121e-11,1.43698549372705e-14
269000,Body3,-5113301.884425965,3674130.724124702,0,-7.128439146395885,-29.87243682985025,0,7.519786119820121e-11,1.43698549372705e-14
270000,Body1,-2832879.039147009,-4598835.531805048,0,14.2559461460721,-11.82234792140971,0,7.555861523606698e-11,1.393440478765624e-14
270000,Body2,2816582.704068422,4642393.324567163,0,-14.43593890758343,12.12182291116377,0,7.555861523606698e-11,1.393440478765624e-14
270000,Body3,-5120366.492138346,3644220.723778785,0,-7.000723848864691,-29.94749897546152,0,7.555861523606698e-11,1.393440478765624e-14
271000,Body1,-2818608.411188235,-4610633.16158936,0,14.28527662754353,-11.77290271761543,0,7.591771236603442e-11,1.393440478765624e-14
271000,Body2,2802131.443466226,4654490.803030821,0,-14.46654967216965,12.07312443836989,0,7.591771236603442e-11,1.393440478765624e-14
271000,Body3,-5127303.227796055,3614235.855843385,0,-6.872695537387362,-30.02217207550203,0,7.591771236603442e-11,1.393440478765624e-14
272000,Body1,-2804308.552139421,-4622381.319533395,0,14.31440834678459,-11.72340438773918,0,7.627711075198336e-11,1.349895463804198e-14
272000,Body2,2787649.669938325,4666539.554441757,0,-14.49696477461148,12.02436895336453,0,7.627711075198336e-11,1.349895463804198e-14
272000,Body3,-5134111.779887171,3584176.509153205,0,-6.74435721731045,-30.09645656259183,0,7.627711075198336e-11,1.349895463804198e-14
273000,Body1,-2789979.660700221,-4634079.952951025,0,14.3433414296324,-11.67385381109564,0,7.663560536998776e-11,1.415212986246337e-14
273000,Body2,2773137.579099341,4678539.522230144,0,-14.52718431062039,11.975557340446,0,7.663560536998776e-11,1.415212986246337e-14
273000,Body3,-5140791.839908829,3554043.07207753,0,-6.615711901200822,-30.17035293509412,0,7.663560536998776e-11,1.415212986246337e-14
274000,Body1,-2775621.935442391,-4645729.010033689,0,14.3720760060476,-11.62425186351444,0,7.699364810401988e-11,1.415212986246337e-14
274000,Body2,2758595.366466162,4690490.650709044,0,-14.55720837996948,11.92669048109438,0,7.699364810401988e-11,1.415212986246337e-14
274000,Body3,-5147343.102373893,3523835.93245403,0,-6.486762607812967,-30.24386175805168,0,7.699364810401988e-11,1.415212986246337e-14
275000,Body1,-2761235.574805685,-4657328.439846907,0,14.40061221007022,-11.57459941732129,0,7.735349837394111e-11,1.328122956323485e-14
275000,Body2,2744023.227453885,4702392.885071588,0,-14.58703708645996,11.87776925396189,0,7.735349837394111e-11,1.328122956323485e-14
275000,Body3,-5153765.264816646,3493555.477521593,0,-6.357512361027449,-30.31698366411828,0,7.735349837394111e-11,1.328122956323485e-14
276000,Body1,-2746820.777093793,-4668878.192326755,0,14.42895017977547,-11.52489734131944,0,7.771033608404717e-11,1.328122956323485e-14
276000,Body2,2729421.357371799,4714246.171388132,0,-14.61667053788786,11.82879453486373,0,7.771033608404717e-11,1.328122956323485e-14
276000,Body3,-5160058.027797355,3463202.093852262,0,-6.22796418876013,-30.38971935448534,0,7.771033608404717e-11,1.328122956323485e-14
277000,Body1,-2732377.740470326,-4680378.218276363,0,14.45709005722956,-11.47514650077163,0,7.806702316616248e-11,1.328122956323485e-14
277000,Body2,2714789.951419417,4726050.456603437,0,-14.64610884601114,11.7797671967691,0,7.806702316616248e-11,1.328122956323485e-14
277000,Body3,-5166221.094905759,3432776.167282241,0,-6.098121121842008,-30.46206959980291,0,7.806702316616248e-11,1.328122956323485e-14
278000,Body1,-2717906.662954856,-4691828.469362331,0,14.48503198844544,-11.42534775738242,0,7.84240115042593e-11,1.328122956323485e-14
278000,Body2,2700129.204682525,4737805.688533798,0,-14.67535212651676,11.73068810979284,0,7.84240115042593e-11,1.328122956323485e-14
278000,Body3,-5172254.172763416,3402278.082841971,0,-5.967986192869314,-30.53403524109468,0,7.84240115042593e-11,1.328122956323485e-14
279000,Body1,-2703407.742418991,-4703228.898111168,0,14.51277612333847,-11.37550196928081,0,7.878054795838384e-11,1.28457794136206e-14
279000,Body2,2685439.312129272,4749511.815864205,0,-14.70440049898825,11.68155814118693,0,7.878054795838384e-11,1.28457794136206e-14
279000,Body3,-5178156.971024847,3371708.224685305,0,-5.837562435023754,-30.60561719066627,0,7.878054795838384e-11,1.28457794136206e-14
280000,Body1,-2688881.176582483,-4714579.457905742,0,14.54032261568202,-11.32560999100336,0,7.913723504049915e-11,1.262805433881347e-14
280000,Body2,2670720.468606293,4761168.788145459,0,-14.7332540868734,11.6323781553329,0,7.913723504049915e-11,1.262805433881347e-14
280000,Body3,-5183929.20237757,3341066.976017772,0,-5.70685288086256,-30.67681643300617,0,7.913723504049915e-11,1.262805433881347e-14
281000,Body1,-2674327.163009407,-4725880.102981639,0,14.56767162306304,-11.27567267347777,0,7.949241584270686e-11,1.241032926400634e-14
281000,Body2,2655972.868834849,4772776.555791301,0,-14.76191301745226,11.58314901373401,0,7.949241584270686e-11,1.241032926400634e-14
281000,Body3,-5189570.582540824,3310354.719023949,0,-5.575860561078248,-30.74763402567967,0,7.949241584270686e-11,1.241032926400634e-14
282000,Body1,-2659745.899104357,-4737130.788423564,0,14.59482330683763,-11.22569086400664,0,7.984518659706246e-11,1.328122956323485e-14
282000,Body2,2641196.707407024,4784335.070075527,0,-14.79037742180535,11.53387157500819,0,7.984518659706246e-11,1.328122956323485e-14
282000,Body3,-5195080.830263074,3279571.83479394,0,-5.444588503227722,-30.81807110021399,0,7.984518659706246e-11,1.328122956323485e-14
283000,Body1,-2645137.582108709,-4748331.470161713,0,14.6217778320865,-11.17566540625175,0,8.019780672342729e-11,1.415212986246337e-14
283000,Body2,2626392.178781928,4795844.283129123,0,-14.8186474347822,11.48454669488093,0,8.019780672342729e-11,1.415212986246337e-14
283000,Body3,-5200459.667318243,3248718.703248976,0,-5.313039730430649,-30.88812886297507,0,8.019780672342729e-11,1.415212986246337e-14
284000,Body1,-2630502.409096913,-4759482.10496811,0,14.64853536757044,-11.12559714021881,0,8.055223438568121e-11,1.393440478765624e-14
284000,Body2,2611559.477281955,4807304.147937348,0,-14.84672319497008,11.43517522617857,0,8.055223438568121e-11,1.393440478765624e-14
284000,Body3,-5205706.8185006,3217795.703066139,0,-5.181217260036872,-30.95780859603475,0,8.055223438568121e-11,1.393440478765624e-14
285000,Body1,-2615840.576972837,-4770582.650452947,0,14.67509608568568,-11.07548690224235,0,8.090801769985197e-11,1.306350448842772e-14
285000,Body2,2596698.797089058,4818714.618336823,0,-14.87460484466306,11.38575801882204,0,8.090801769985197e-11,1.306350448842772e-14
285000,Body3,-5210822.011618309,3186803.211602232,0,-5.049124102262636,-31.02711165802872,0,8.090801769985197e-11,1.306350448842772e-14
286000,Body1,-2601152.282466154,-4781633.06506091,0,14.70146016241924,-11.02533552497117,0,8.126184285014286e-11,1.28457794136206e-14
286000,Body2,2581810.332241047,4830075.649012643,0,-14.90229252983128,11.33629591982063,0,8.126184285014286e-11,1.28457794136206e-14
286000,Body3,-5215804.977485596,3155741.604816785,0,-4.916763258795489,-31.09603948500344,0,8.126184285014286e-11,1.28457794136206e-14
287000,Body1,-2586437.722128774,-4792633.308067495,0,14.72762777730427,-10.97514383735417,0,8.161506548847074e-11,1.28457794136206e-14
287000,Body2,2566894.276627946,4841387.195495447,0,-14.9297864000906,11.2867897732661,0,8.161506548847074e-11,1.28457794136206e-14
287000,Body3,-5220655.449913532,3124611.257194225,0,-4.784137721367701,-31.1645935912526,0,8.161506548847074e-11,1.28457794136206e-14
288000,Body1,-2571697.092331314,-4803583.339575275,0,14.75359911337535,-10.92491266462637,0,8.196693247488178e-11,1.262805433881347e-14
288000,Body2,2551950.823988346,4852649.214158518,0,-14.95708660867238,11.23724042032721,0,8.196693247488178e-11,1.262805433881347e-14
288000,Body3,-5225373.165699318,3093412.54166522,0,-4.651250470297948,-31.23277557014208,0,8.196693247488178e-11,1.262805433881347e-14
289000,Body1,-2556930.589259631,-4814483.120510213,0,14.77937435712368,-10.87464282829558,0,8.232000448521888e-11,1.241032926400634e-14
289000,Body2,2536980.167905813,4863861.662214831,0,-14.98419331239365,11.18764869924421,0,8.232000448521888e-11,1.241032926400634e-14
289000,Body3,-5229957.864614167,3062145.829527191,0,-4.518104473001257,-31.30058709492269,0,8.232000448521888e-11,1.241032926400634e-14
290000,Body1,-2542138.40891138,-4825332.612617896,0,14.80495369845225,-10.82433514612914,0,8.267157021564841e-11,1.262805433881347e-14
290000,Body2,2521982.501805318,4875024.49771414,0,-15.01110667162757,11.13801544532384,0,8.267157021564841e-11,1.262805433881347e-14
290000,Body3,-5234409.289389615,3030811.490364044,0,-4.384702682466941,-31.36802991953048,0,8.267157021564841e-11,1.262805433881347e-14
291000,Body1,-2527320.747092623,-4836131.77845981,0,14.8303373306311,-10.77399043214126,0,8.302388908603172e-11,1.197487911439208e-14
291000,Body2,2506958.018949687,4886137.679540047,0,-15.03782685027402,11.0883414909344,0,8.302388908603172e-11,1.197487911439208e-14
291000,Body3,-5238727.185702316,2999409.891965068,0,-4.251048035704437,-31.43510587937385,0,8.302388908603172e-11,1.197487911439208e-14
292000,Body1,-2512477.799414489,-4846880.581409574,0,14.85552545025231,-10.7236094965806,0,8.337650921239656e-11,1.175715403958495e-14
292000,Body2,2491906.912436099,4897201.167407031,0,-15.06435401573071,11.03862766550106,0,8.337650921239656e-11,1.175715403958495e-14
292000,Body3,-5242911.302157308,2967941.400243089,0,-4.117143452156932,-31.50181689210677,0,8.337650921239656e-11,1.175715403958495e-14
293000,Body1,-2497609.76128987,-4857578.985649159,0,14.88051825718519,-10.67319314591818,0,8.372641803492774e-11,1.262805433881347e-14
293000,Body2,2476829.375192605,4908214.92185753,0,-15.09068833886434,10.98887479550145,0,8.372641803492774e-11,1.262805433881347e-14
293000,Body3,-5246961.390269588,2936406.379151838,0,-3.982991832082647,-31.56816495838828,0,8.372641803492774e-11,1.262805433881347e-14
294000,Body1,-2482716.827930178,-4868226.95616513,0,14.9053159545313,-10.62274218283577,0,8.407632685745893e-11,1.219260418919921e-14
294000,Body2,2461725.599974657,4919178.904258993,0,-15.11682999398221,10.93908370446142,0,8.407632685745893e-11,1.219260418919921e-14
294000,Body3,-5250877.204444155,2904805.190602571,0,-3.848596054903629,-31.63415216262639,0,8.407632685745893e-11,1.219260418919921e-14
295000,Body1,-2467799.194342113,-4878824.458744824,0,14.92991874857936,-10.57225740621453,0,8.442849509985148e-11,1.197487911439208e-14
295000,Body2,2446595.779361696,4930093.076800911,0,-15.1427791588041,10.88925521295099,0,8.442849509985148e-11,1.197487911439208e-14
295000,Body3,-5254658.501954309,2873138.194379959,0,-3.713958977522086,-31.69978067370697,0,8.442849509985148e-11,1.197487911439208e-14
296000,Body1,-2452857.055324517,-4889371.45997255,0,14.95432684876035,-10.52173961112401,0,8.477750015443813e-11,1.175715403958495e-14
296000,Body2,2431440.105753742,4940957.402491864,0,-15.16853601443426,10.83939013858047,0,8.477750015443813e-11,1.175715403958495e-14
296000,Body3,-5258305.042918261,2841405.748057256,0,-3.579083432603971,-31.76505274570661,0,8.477750015443813e-11,1.175715403958495e-14
297000,Body1,-2437890.605465254,-4899867.927225781,0,14.97854046760236,-10.47118958881154,0,8.512755960496007e-11,1.175715403958495e-14
297000,Body2,2416258.771368038,4951771.845156566,0,-15.19410074533401,10.78948929599683,0,8.512755960496007e-11,1.175715403958495e-14
297000,Body3,-5261816.590274061,2809608.206910744,0,-3.443972226829907,-31.82997071858899,0,8.512755960496007e-11,1.175715403958495e-14
298000,Body1,-2422900.039138123,-4910313.82867133,0,15.0025598206855,-10.42060812669195,0,8.547792031146352e-11,1.153942896477782e-14
298000,Body2,2401051.968235694,4962536.369432881,0,-15.21947353929431,10.7395534968802,0,8.547792031146352e-11,1.153942896477782e-14
298000,Body3,-5265192.9097527,2777745.923833523,0,-3.30862813911328,-31.89453701888383,0,8.547792031146352e-11,1.153942896477782e-14
299000,Body1,-2407885.550499839,-4920709.133261491,0,15.02638512659674,-10.36999600833754,0,8.583023918184685e-11,1.023307851593505e-14
299000,Body2,2385819.888198378,4973250.940768886,0,-15.24465458740881,10.68958354994044,0,8.583023918184685e-11,1.023307851593505e-14
299000,Body3,-5268433.769849438,2745819.249248592,0,-3.173053918785489,-31.95875416034853,0,8.583023918184685e-11,1.023307851593505e-14
300000,Body1,-2392847.333487043,-4931053.810730208,0,15.0500166068847,-10.31935401346855,0,8.617879235246121e-11,1.001535344112792e-14
300000,Body2,2370562.722905019,4983915.525419874,0,-15.26964408404714,10.63958026091407,0,8.617879235246121e-11,1.001535344112792e-14
300000,Body3,-5271538.941793314,2713828.531021324,0,-3.037252283748236,-32.02262474461124,0,8.617879235246121e-11,1.001535344112792e-14
301000,Body1,-2377785.581813368,-4941347.831589226,0,15.07345448601444,-10.26868291794381,0,8.652644175513103e-11,1.023307851593505e-14
301000,Body2,2355280.663808559,4994530.090445388,0,-15.29444222682844,10.5895444325612,0,8.652644175513103e-11,1.023307851593505e-14
301000,Body3,-5274508.199514775,2681774.114371255,0,-2.901225918592872,-32.08615146179513,0,8.652644175513103e-11,1.023307851593505e-14
302000,Body1,-2362700.488966541,-4951591.167124199,0,15.09669899132222,-10.21798349375193,0,8.68724342499025e-11,1.088625374035644e-14
302000,Body2,2339973.902162698,5005094.603706239,0,-15.31904921659526,10.53947686466258,0,8.68724342499025e-11,1.088625374035644e-14
302000,Body3,-5277341.3196114,2649656.341783311,0,-2.764977472686689,-32.1493370911237,0,8.68724342499025e-11,1.088625374035644e-14
303000,Body1,-2347592.248205537,-4961783.789390836,0,15.1197503529701,-10.16725650900247,0,8.721857737266473e-11,1.197487911439208e-14
303000,Body2,2324642.629018695,5015609.033861529,0,-15.34346525738773,10.48937835401693,0,8.721857737266473e-11,1.197487911439208e-14
303000,Body3,-5280038.081311712,2617475.552918389,0,-2.628509558226164,-32.21218450150528,0,8.721857737266473e-11,1.197487911439208e-14
304000,Body1,-2332461.052557773,-4971925.671211026,0,15.14260880390064,-10.11650272791777,0,8.75663774033253e-11,1.175715403958495e-14
304000,Body2,2309287.035222184,5026073.350365664,0,-15.36769055641797,10.43924969443817,0,8.75663774033253e-11,1.175715403958495e-14
304000,Body3,-5282598.26643703,2585232.084523399,0,-2.491824748257122,-32.27469665209848,0,8.75663774033253e-11,1.175715403958495e-14
305000,Body1,-2317307.094816358,-4982016.786168906,0,15.16527457979144,-10.065722910825,0,8.791372555001359e-11,1.197487911439208e-14
305000,Body2,2293907.311410009,5036487.523465379,0,-15.39172532404472,10.38909167675297,0,8.791372555001359e-11,1.197487911439208e-14
305000,Body3,-5285021.659361305,2552926.270340744,0,-2.354925574661769,-32.33687659285487,0,8.791372555001359e-11,1.197487911439208e-14
306000,Body1,-2302130.567537363,-4992057.108607024,0,15.18774791900969,-10.01491781414842,0,8.826122432469265e-11,1.175715403958495e-14
306000,Body2,2278503.648007095,5046851.524196737,0,-15.41556977374845,10.33890508879828,0,8.826122432469265e-11,1.175715403958495e-14
306000,Body3,-5287308.046968934,2520558.441017265,0,-2.217814526112597,-32.39872746504135,0,8.826122432469265e-11,1.175715403958495e-14
307000,Body1,-2286931.663037177,-5002046.613622372,0,15.21002906256666,-9.964088190402153,0,8.860706619147337e-11,1.197487911439208e-14
307000,Body2,2263076.235223326,5057165.324382133,0,-15.43922412210661,10.28869071541902,0,8.860706619147337e-11,1.197487911439208e-14
307000,Body3,-5289457.218610519,2488128.92401266,0,-2.080494045993165,-32.46025250173997,0,8.860706619147337e-11,1.197487911439208e-14
308000,Body1,-2271710.573389877,-5011985.277062507,0,15.23211825407218,-9.913234788183084,0,8.895456496615242e-11,1.219260418919921e-14
308000,Body2,2247625.263050484,5067428.896627319,0,-15.46268858876918,10.2384493384658,0,8.895456496615242e-11,1.219260418919921e-14
308000,Body3,-5291468.966056514,2455638.043507438,0,-1.942966530285676,-32.52145502832529,0,8.895456496615242e-11,1.219260418919921e-14
309000,Body1,-2256467.490424638,-5021873.075521618,0,15.25401573968892,-9.862358352164176,0,8.930281688078527e-11,1.110397881516357e-14
309000,Body2,2232150.921259167,5077642.214318401,0,-15.48596339643452,10.18818173679279,0,8.930281688078527e-11,1.110397881516357e-14
309000,Body3,-5293343.083448772,2423086.120310406,0,-1.80523432542548,-32.5823384629183,0,8.930281688078527e-11,1.110397881516357e-14
310000,Body1,-2241202.605723219,-5031709.986336605,0,15.2757217680868,-9.811459623088032,0,8.964880937555675e-11,1.132170388997069e-14
310000,Body2,2216653.399395755,5087805.251618835,0,-15.50904877082543,10.13788868625563,0,8.964880937555675e-11,1.132170388997069e-14
310000,Body3,-5295079.367249896,2390473.471765687,0,-1.66729972612235,-32.64290631681675,0,8.964880937555675e-11,1.132170388997069e-14
311000,Body1,-2225916.110617478,-5041495.987583141,0,15.29723659039722,-9.76053933776091,0,8.99963081502358e-11,1.066852866554931e-14
311000,Body2,2201132.88677942,5097917.983466436,0,-15.53194494066558,10.08757095970937,0,8.99963081502358e-11,1.066852866554931e-14
311000,Body3,-5296677.616190423,2357800.411659353,0,-1.529164973148666,-32.70316219490169,0,8.99963081502358e-11,1.066852866554931e-14
312000,Body1,-2210608.196186932,-5051231.058071739,0,15.31856046016723,-9.709598229046856,0,9.03465182287485e-11,9.144453141899407e-15
312000,Body2,2185589.572499106,5107980.385570372,0,-15.55465213765614,10.03722932700651,0,9.03465182287485e-11,9.144453141899407e-15
312000,Body3,-5298137.631213751,2325067.250125643,0,-1.390832251094433,-32.76310979601885,0,9.03465182287485e-11,9.144453141899407e-15
313000,Body1,-2195279.053256355,-5060915.1773438,0,15.33969363331371,-9.658637025862207,0,9.069326386347377e-11,8.70900299228515e-15
313000,Body2,2170023.645410581,5117992.434408152,0,-15.57717059645267,9.986864554995002,0,9.069326386347377e-11,8.70900299228515e-15
313000,Body3,-5299459.215418831,2292274.293552816,0,-1.252303686089183,-32.82275291333486,0,9.069326386347377e-11,8.70900299228515e-15
314000,Body1,-2179928.872393442,-5070548.325667658,0,15.36063636807743,-9.607656453170426,0,9.104016012618979e-11,8.49127791747802e-15
314000,Body2,2154435.294133487,5127954.107222649,0,-15.59950055464237,9.936477407516563,0,9.104016012618979e-11,8.49127791747802e-15
314000,Body3,-5300642.174000558,2259421.844488668,0,-1.113581343490773,-32.88209543466827,0,9.104016012618979e-11,8.49127791747802e-15
315000,Body1,-2164557.843906504,-5080130.484034643,0,15.38138892497698,-9.55665723197723,0,9.138585136497974e-11,8.70900299228515e-15
315000,Body2,2138824.707048426,5137865.382019065,0,-15.62164225272139,9.886068645404622,0,9.138585136497974e-11,8.70900299228515e-15
315000,Body3,-5301686.314187819,2226510.201545723,0,-0.9746672255410693,-32.94114134279379,0,9.138585136497974e-11,8.70900299228515e-15
316000,Body1,-2149166.157842217,-5089661.634155098,0,15.40195156676278,-9.505640079325941,0,9.17304882078344e-11,8.70900299228515e-15
316000,Body2,2123192.072294055,5147726.237561923,0,-15.6435959340727,9.835639026482596,0,9.17304882078344e-11,8.70900299228515e-15
316000,Body3,-5302591.445179192,2193539.659306126,0,-0.8355632689885651,-32.99989471572073,0,9.17304882078344e-11,8.70900299228515e-15
317000,Body1,-2133754.003983407,-5099141.758454453,0,15.42232455837081,-9.454605708293226,0,9.208024640237483e-11,7.184927468635249e-15
317000,Body2,2107537.577764217,5157536.653372075,0,-15.66536184494386,9.785189305562126,0,9.208024640237483e-11,7.184927468635249e-15
317000,Body3,-5303357.378076257,2160510.5082263,0,-0.6962713426779096,-33.05835972694364,0,9.208024640237483e-11,7.184927468635249e-15
318000,Body1,-2118321.571846887,-5108570.840069197,0,15.44250816687645,-9.403554827985015,0,9.242879957298918e-11,6.096302094599605e-15
318000,Body2,2091861.41110508,5167296.609723667,0,-15.68694023442524,9.734720234441143,0,9.242879957298918e-11,6.096302094599605e-15
318000,Body3,-5303983.925814475,2127423.034541334,0,-0.5567932451063917,-33.11654064566601,0,9.242879957298918e-11,6.096302094599605e-15
319000,Body1,-2102869.05068135,-5117948.862842944,0,15.4625026614481,-9.352488143532785,0,9.27717795079455e-11,7.184927468635249e-15
319000,Body2,2076163.759712313,5177006.087641141,0,-15.70833135442849,9.684232561902231,0,9.27717795079455e-11,7.184927468635249e-15
319000,Body3,-5304470.903091594,2094277.520169174,0,-0.4171307019473747,-33.17444183699546,0,9.27717795079455e-11,7.184927468635249e-15
320000,Body1,-2087396.629465291,-5127275.811322476,0,15.48230831330076,-9.301406356090203,0,9.311897702664304e-11,6.096302094599605e-15
320000,Body2,2060444.810728273,5186665.068896216,0,-15.72953545966521,9.633727033710782,0,9.311897702664304e-11,6.096302094599605e-15
320000,Body3,-5304818.126293577,2061074.242614641,0,-0.2772853635406838,-33.23206776211143,0,9.311897702664304e-11,6.096302094599605e-15
321000,Body1,-2071904.496904986,-5136551.670753711,0,15.50192539564946,-9.250310162829736,0,9.346436700945148e-11,6.096302094599605e-15
321000,Body2,2044704.751039214,5196273.536004861,0,-15.75055280762582,9.583204392613226,0,9.346436700945148e-11,6.096302094599605e-15
321000,Body3,-5305025.413418009,2027813.474873275,0,-0.1372588023499626,-33.28942297840339,0,9.346436700945148e-11,6.096302094599605e-15
322000,Body1,-2056392.841432515,-5145776.427077757,0,15.52135418366273,-9.199200256939919,0,9.380825071235234e-11,6.749477319020991e-15
322000,Body2,2028943.767272513,5205831.472224288,0,-15.77138365855868,9.532665378335171,0,9.380825071235234e-11,6.749477319020991e-15
322000,Body3,-5305092.58399493,1994495.485335075,0,0.002947489613017057,-33.34651213958039,0,9.380825071235234e-11,6.749477319020991e-15
323000,Body1,-2040861.851203834,-5154950.066926925,0,15.54059495441573,-9.148077327622717,0,9.415514697506836e-11,6.314027169406733e-15
323000,Body2,2013162.045793934,5215338.861549923,0,-15.79202827544949,9.482110727579677,0,9.415514697506836e-11,6.314027169406733e-15
323000,Body3,-5305019.459005075,1961120.537688144,0,0.1433321033970905,-33.40333999575061,0,9.415514697506836e-11,6.314027169406733e-15
324000,Body1,-2025311.714096888,-5164072.577620724,0,15.55964798684348,-9.096942060091088,0,9.450129009783059e-11,5.660851944985347e-15
324000,Body2,1997359.772704892,5224795.688712381,0,-15.81248692400081,9.431541174025254,0,9.450129009783059e-11,5.660851944985347e-15
324000,Body3,-5304805.860795497,1927688.890822247,0,0.2838937157535039,-33.45991139347169,0,9.450129009783059e-11,5.660851944985347e-15
325000,Body1,-2009742.617709777,-5173143.947161875,0,15.57851356169389,-9.045795135567001,0,9.484457128876842e-11,6.531752244213862e-15
325000,Body2,1981537.133839752,5234201.939174433,0,-15.8327598726118,9.380957448324152,0,9.484457128876842e-11,6.531752244213862e-15
325000,Body3,-5304451.612992542,1894200.798732363,0,0.4246310918108082,-33.51623127577015,0,9.484457128876842e-11,6.531752244213862e-15
326000,Body1,-1994154.749358968,-5182164.164232336,0,15.59719196148071,-8.994637231279569,0,9.51905637835399e-11,6.096302094599605e-15
326000,Body2,1965694.31476314,5243557.599128003,0,-15.85284739235834,9.330360278100324,0,9.51905637835399e-11,6.096302094599605e-15
326000,Body3,-5303956.540412106,1860656.51042221,0,0.5655430877828739,-33.57230468213066,0,9.51905637835399e-11,6.096302094599605e-15
327000,Body1,-1978548.296077548,-5191133.218189305,0,15.61568347043612,-8.943469020463493,0,9.553670690630213e-11,5.660851944985347e-15
327000,Body2,1949831.500767272,5252862.655491121,0,-15.87274975697301,9.279750387947491,0,9.553670690630213e-11,5.660851944985347e-15
327000,Body3,-5303320.468967186,1827056.269807808,0,0.7066286537100788,-33.62813674845425,0,9.553670690630213e-11,5.660851944985347e-15
328000,Body1,-1962923.444613537,-5200051.099061198,0,15.63398837446359,-8.89229117235778,0,9.588074123719375e-11,6.314027169406733e-15
328000,Body2,1933948.876869315,5262117.095904881,0,-15.89246724282571,9.229128499427111,0,9.588074123719375e-11,6.314027169406733e-15
328000,Body3,-5302543.225572674,1793400.315621098,0,0.8478868362337305,-33.68373270698537,0,9.588074123719375e-11,6.314027169406733e-15
329000,Body1,-1947280.381428229,-5208917.797543683,0,15.65210696109024,-8.841104352204775,0,9.622673373196522e-11,6.096302094599605e-15
329000,Body2,1918046.627808754,5271320.908730439,0,-15.91200012890406,9.178495331066339,0,9.622673373196522e-11,6.096302094599605e-15
329000,Body3,-5301624.638047358,1759688.881313649,0,0.9893167814037735,-33.73909788620728,0,9.622673373196522e-11,6.096302094599605e-15
330000,Body1,-1931619.292694604,-5217733.304995666,0,15.67003951941921,-8.789909221249339,0,9.657197308678291e-11,6.314027169406733e-15
330000,Body2,1902124.938044786,5280474.083045952,0,-15.93134869679418,9.127851598355889,0,9.657197308678291e-11,6.314027169406733e-15
330000,Body3,-5300564.535013086,1725922.194960479,0,1.130917737519892,-33.79423771070596,0,9.657197308678291e-11,6.314027169406733e-15
331000,Body1,-1915940.364295769,-5226497.613435297,0,15.68778634008187,-8.738706436738376,0,9.691615804566527e-11,6.749477319020991e-15
331000,Body2,1886183.991753731,5289576.608643546,0,-15.95051323066168,9.077198013747871,0,9.691615804566527e-11,6.749477319020991e-15
331000,Body3,-5299362.745791079,1692100.47916404,0,1.272689058006101,-33.84915770100162,0,9.691615804566527e-11,6.749477319020991e-15
332000,Body1,-1900243.781823459,-5235210.715535983,0,15.70534771518977,-8.687496651920569,0,9.72630543083813e-11,6.314027169406733e-15
332000,Body2,1870223.972826464,5298628.476026286,0,-15.9694940172327,9.026535286653505,0,9.72630543083813e-11,6.314027169406733e-15
332000,Body3,-5298019.100295359,1658223.95095838,0,1.414630204318942,-33.90386347334765,0,9.72630543083813e-11,6.314027169406733e-15
333000,Body1,-1884529.730576571,-5243872.604622377,0,15.72272393828654,-8.636280516046357,0,9.761055308306036e-11,5.443126870178218e-15
333000,Body2,1854245.064865856,5307629.676405127,0,-15.98829134577517,8.975864123440806,0,9.761055308306036e-11,5.443126870178218e-15
333000,Body3,-5296533.428923265,1624292.821713519,0,1.556740748889448,-33.95836073949788,0,9.761055308306036e-11,5.443126870178218e-15
334000,Body1,-1868798.395559767,-5252483.274666378,0,15.73991530429952,-8.585058674368254,0,9.79569974618041e-11,5.22540179537109e-15
334000,Body2,1838247.451184249,5316580.201695866,0,-16.00690550808023,8.925185227432136,0,9.79569974618041e-11,5.22540179537109e-15
334000,Body3,-5294905.562442973,1590307.297040086,0,1.699020378098994,-34.01265530644032,0,9.79569974618041e-11,5.22540179537109e-15
335000,Body1,-1853049.96148211,-5261042.720283147,0,15.75692210949126,-8.533831768141338,0,9.830449623648317e-11,4.789951645756833e-15
335000,Body2,1822231.314800943,5325480.044516088,0,-16.02533679844388,8.874499298901812,0,9.830449623648317e-11,4.789951645756833e-15
335000,Body3,-5293135.331878042,1556267.576694226,0,1.841468895289266,-34.06675307609792,0,9.830449623648317e-11,4.789951645756833e-15
336000,Body1,-1837284.612755749,-5269550.936727091,0,15.77374465141073,-8.482600434623977,0,9.865109124321767e-11,4.789951645756833e-15
336000,Body2,1806196.83843969,5334329.198182151,0,-16.04358551364849,8.823807035073445,0,9.865109124321767e-11,4.789951645756833e-15
336000,Body3,-5291222.568388952,1522173.854482831,0,1.984086223806538,-34.1206600449966,0,9.865109124321767e-11,4.789951645756833e-15
337000,Body1,-1821502.533494665,-5278007.919887893,0,15.7903832288444,-8.431365307078863,0,9.899919252985975e-11,3.701326271721188e-15
337000,Body2,1790144.204526232,5343127.656706089,0,-16.06165195294492,8.773109130117351,0,9.899919252985975e-11,3.701326271721188e-15
337000,Body3,-5289167.103151543,1488026.318169117,0,2.126872410080497,-34.17438230389929,0,9.899919252985975e-11,3.701326271721188e-15
338000,Body1,-1805703.907513454,-5286413.666286487,0,15.80683814176708,-8.380127014774246,0,9.934413062869592e-11,4.572226570949704e-15
338000,Body2,1774073.595185831,5351875.414792584,0,-16.07953641803418,8.722406275147822,0,9.934413062869592e-11,4.572226570949704e-15
338000,Body3,-5286968.767232404,1453825.149378585,0,2.26982762673786,-34.22792603740695,0,9.934413062869592e-11,4.572226570949704e-15
339000,Body1,-1789888.918326162,-5294768.173071077,0,15.8231096912926,-8.328886182985423,0,9.969087626342118e-11,4.572226570949704e-15
339000,Body2,1757985.192240828,5360572.467835907,0,-16.09723921304981,8.671699158220207,0,9.969087626342118e-11,4.572226570949704e-15
339000,Body3,-5284627.391461072,1419570.523505392,0,2.412952175751133,-34.28129752352567,0,9.969087626342118e-11,4.572226570949704e-15
340000,Body1,-1774057.749145176,-5303071.438013165,0,15.83919817962393,-8.277643432996545,0,1.000389775500633e-10,4.354501496142575e-15
340000,Body2,1741879.177208222,5369218.811916858,0,-16.11476064453988,8.620988464328093,0,1.000389775500633e-10,4.354501496142575e-15
340000,Body3,-5282142.806299116,1385262.609619179,0,2.556246491622769,-34.33450313319977,0,1.000389775500633e-10,4.354501496142575e-15
341000,Body1,-1758210.582880151,-5311323.459503522,0,15.85510391000363,-8.226399382102478,0,1.003855725567978e-10,4.136776421335446e-15
341000,Body2,1725755.731297267,5377814.443799681,0,-16.13210102144943,8.570274875400145,0,1.003855725567978e-10,4.136776421335446e-15
341000,Body3,-5279514.841706005,1350901.570372386,0,2.699711144605156,-34.38754932981141,0,1.003855725567978e-10,4.136776421335446e-15
342000,Body1,-1742347.602137005,-5319524.236548235,0,15.87082718666341,-8.175154643611135,0,1.007363851472735e-10,3.048151047299802e-15
342000,Body2,1709615.035407078,5386359.360929038,0,-16.14926065510278,8.519559070297165,0,1.007363851472735e-10,3.048151047299802e-15
342000,Body3,-5276743.327001729,1316487.561908068,0,2.843346843956769,-34.44044266864535,0,1.007363851472735e-10,3.048151047299802e-15
343000,Body1,-1726468.989216946,-5327673.768764702,0,15.88636831477386,-8.123909826845901,0,1.010840345499433e-10,3.48360119691406e-15
343000,Body2,1693457.270124263,5394853.561426902,0,-16.166239859186,8.468841724808671,0,1.010840345499433e-10,3.48360119691406e-15
343000,Body3,-5273828.090726136,1282020.733768283,0,2.987154441235001,-34.4931897963205,0,1.010840345499433e-10,3.48360119691406e-15
344000,Body1,-1710574.926115569,-5335772.056377641,0,15.90172760039369,-8.072665537148305,0,1.014291232767703e-10,5.22540179537109e-15
344000,Body2,1677282.615720574,5403297.044089497,0,-16.18303894972974,8.41812351164973,0,1.014291232767703e-10,5.22540179537109e-15
344000,Body3,-5270768.960494978,1247501.228803051,0,3.131134933626052,-34.54579745018645,0,1.014291232767703e-10,5.22540179537109e-15
345000,Body1,-1694665.594521982,-5343819.100215145,0,15.91690535041875,-8.021422375881034,0,1.01776170167477e-10,5.443126870178218e-15
345000,Body2,1661091.252150564,5411689.808384229,0,-16.19965824509166,8.367405100457455,0,1.01776170167477e-10,5.443126870178218e-15
345000,Body3,-5267565.762852614,1212929.183079939,0,3.275289467312496,-34.59827245768589,0,1.01776170167477e-10,5.443126870178218e-15
346000,Body1,-1678741.175818003,-5351814.90170466,0,15.93190187253065,-7.970180940431075,0,1.021265308739805e-10,5.007676720563961e-15
346000,Body2,1644883.359049272,5420031.854446606,0,-16.21609806593923,8.316687157787481,0,1.021265308739805e-10,5.007676720563961e-15
346000,Body3,-5264218.323121301,1178304.725794309,0,3.41961934087905,-34.65062173568298,0,1.021265308739805e-10,5.007676720563961e-15
347000,Body1,-1662801.851077397,-5359759.462869045,0,15.94671747514511,-7.918941824213164,0,1.024747827886133e-10,5.660851944985347e-15
347000,Body2,1628659.115729923,5428323.183077136,0,-16.23235873523243,8.265970347110303,0,1.024747827886133e-10,5.660851944985347e-15
347000,Body3,-5260726.465247082,1143627.979180237,0,3.564126008757146,-34.70285228975659,0,1.024747827886133e-10,5.660851944985347e-15
348000,Body1,-1646847.801065166,-5367652.786322591,0,15.96135246736002,-7.867705616673391,0,1.028236372152092e-10,6.096302094599605e-15
348000,Body2,1612418.701181645,5436563.795738256,0,-16.24844057820686,8.215255328807551,0,1.028236372152092e-10,6.096302094599605e-15
348000,Body3,-5257090.011642183,1108899.058422168,0,3.708811084708984,-34.7549712134598,0,1.028236372152092e-10,6.096302094599605e-15
349000,Body1,-1630879.206236897,-5375494.875267042,0,15.97580715890302,-7.816472903293185,0,1.031729435257774e-10,6.314027169406733e-15
349000,Body2,1596162.294067193,5444753.694551249,0,-16.26434392235631,8.164542760168187,0,1.031729435257774e-10,6.314027169406733e-15
349000,Body3,-5253308.783023951,1074118.071567335,0,3.853676345351816,-34.80698568754429,0,1.031729435257774e-10,6.314027169406733e-15
350000,Body1,-1614896.246738155,-5383285.733487645,0,15.99008186007888,-7.76524426559341,0,1.035231536042901e-10,6.531752244213862e-15
350000,Body2,1579890.072720714,5452892.882293134,0,-16.2800690974159,8.113833295384463,0,1.035231536042901e-10,6.531752244213862e-15
350000,Body3,-5249382.598250195,1039285.119438951,0,3.998723733723207,-34.85890297915027,0,1.035231536042901e-10,6.531752244213862e-15
351000,Body1,-1598899.102403935,-5391025.365349199,0,16.00417688171626,-7.714020281138761,0,1.038742674507473e-10,6.531752244213862e-15
351000,Body2,1563602.215145501,5460981.362393573,0,-16.29561643534493,8.063127585547921,0,1.038742674507473e-10,6.531752244213862e-15
351000,Body3,-5245311.274150977,1004400.295550246,0,4.14395536288809,-34.91073044096215,0,1.038742674507473e-10,6.531752244213862e-15
352000,Body1,-1582887.952758161,-5398713.775792082,0,16.01809253511432,-7.662801523542364,0,1.042270382051029e-10,6.096302094599605e-15
352000,Body2,1547298.899011786,5469019.138931759,0,-16.31098627030998,8.012426278645195,0,1.042270382051029e-10,6.096302094599605e-15
352000,Body3,-5241094.625356762,969463.686019359,0,4.289373519588541,-34.96247551032958,0,1.042270382051029e-10,6.096302094599605e-15
353000,Body1,-1566862.977013249,-5406350.970328305,0,16.03182913198862,-7.611588562470692,0,1.04575742003708e-10,7.620377618249506e-15
353000,Body2,1530980.301654536,5477006.216633332,0,-16.32617893866778,7.961730019553761,0,1.04575742003708e-10,7.620377618249506e-15
353000,Body3,-5236732.464122894,934475.3694851259,0,4.434980667937267,-35.0141457083534,0,1.04575742003708e-10,7.620377618249506e-15
354000,Body1,-1550824.354069709,-5413936.955037599,0,16.04538698441702,-7.560381963648638,0,1.049271571061468e-10,8.273552842670892e-15
354000,Body2,1514646.600071275,5484942.600867239,0,-16.34119477894833,7.911039450037546,0,1.049271571061468e-10,8.273552842670892e-15
354000,Body3,-5232224.60015037,899435.4170237994,0,4.580779453155727,-35.06574863893745,0,1.049271571061468e-10,8.273552842670892e-15
355000,Body1,-1534772.262515822,-5421471.736563431,0,16.05876640478455,-7.50918228886488,0,1.052812835124192e-10,8.055827767863764e-15
355000,Body2,1498297.970919914,5492828.297642641,0,-16.35603413183789,7.860355208742476,0,1.052812835124192e-10,8.055827767863764e-15
355000,Body3,-5227570.840402832,864343.8920667346,0,4.726772705358146,-35.11729198780592,0,1.052812835124192e-10,8.055827767863764e-15
356000,Body1,-1518706.880627346,-5428955.32210909,0,16.07196770572832,-7.457990095977468,0,1.056310417069596e-10,9.579903291513665e-15
356000,Body2,1481934.590516607,5500663.313605776,0,-16.37069734016186,7.809677931191855,0,1.056310417069596e-10,9.579903291513665e-15
356000,Body3,-5222770.98891977,829200.8503190764,0,4.872963443382358,-35.16878352148546,0,1.056310417069596e-10,9.579903291513665e-15
357000,Body1,-1502628.386367303,-5436387.719433773,0,16.08499120008163,-7.406805938919693,0,1.059868250211304e-10,8.926728067092278e-15
357000,Body2,1465556.634833626,5508447.656036855,0,-16.38518474886805,7.759008249781764,0,1.059868250211304e-10,8.926728067092278e-15
357000,Body3,-5217824.846625855,794006.3396794772,0,5.019354878669023,-35.22023108625343,0,1.059868250211304e-10,8.926728067092278e-15
358000,Body1,-1486536.957385807,-5443768.936848638,0,16.09783720081766,-7.355630367706176,0,1.063418551953474e-10,8.926728067092278e-15
358000,Body2,1449164.279497233,5516181.332846903,0,-16.3994967050093,7.708346793776212,0,1.063418551953474e-10,8.926728067092278e-15
358000,Body3,-5212732.21113638,758760.400160887,0,5.165950419190308,-35.27164260705107,0,1.063418551953474e-10,8.926728067092278e-15
359000,Body1,-1470432.771019951,-5451098.983212907,0,16.11050602099261,-7.304463928439205,0,1.066970359975551e-10,9.144453141899407e-15
359000,Body2,1432757.6997856,5523864.352574656,0,-16.4136335577267,7.657694189302351,0,1.066970359975551e-10,9.144453141899407e-15
359000,Body3,-5207492.876558758,723463.0638124512,0,5.31275367342954,-35.32302608636224,0,1.066970359975551e-10,9.144453141899407e-15
360000,Body1,-1454316.004293752,-5458377.867929949,0,16.12299797368842,-7.253307163315363,0,1.070567356394855e-10,7.402652543442377e-15
360000,Body2,1416337.070626714,5531496.724383402,0,-16.42759565823239,7.607051059345457,0,1.070567356394855e-10,7.402652543442377e-15
360000,Body3,-5202106.633289976,688114.3546425381,0,5.459768454413301,-35.3743896030574,0,1.070567356394855e-10,7.402652543442377e-15
361000,Body1,-1438186.833918164,-5465605.600943385,0,16.13531337195454,-7.202160610632364,0,1.074131214656193e-10,7.838102693056634e-15
361000,Body2,1399902.566596326,5539078.458057838,0,-16.44138335979236,7.556418023743906,0,1.074131214656193e-10,7.838102693056634e-15
361000,Body3,-5196573.267810015,652714.2885429485,0,5.606998783797685,-35.42574131120307,0,1.074131214656193e-10,7.838102693056634e-15
362000,Body1,-1422045.436291124,-5472782.192733183,0,16.14745252874956,-7.151024804796196,0,1.077731223635313e-10,6.96720239382812e-15
362000,Body2,1383454.361915898,5546609.564000922,0,-16.45499701770947,7.505795699184083,0,1.077731223635313e-10,6.96720239382812e-15
362000,Body3,-5190892.562471172,617262.8732143256,0,5.7544488960101,-35.47708943883665,0,1.077731223635313e-10,6.96720239382812e-15
363000,Body1,-1405891.987497686,-5479907.654311768,0,16.15941575688183,-7.099900276328491,0,1.081334245174248e-10,6.096302094599605e-15
363000,Body2,1366992.63045058,5554090.053230722,0,-16.46843698930613,7.45518469919509,0,1.081334245174248e-10,6.096302094599605e-15
363000,Body3,-5185064.295283185,581760.1080928148,0,5.90212324244879,-35.5284422867064,0,1.081334245174248e-10,6.096302094599605e-15
364000,Body1,-1389726.663310193,-5486981.997220163,0,16.17120336894964,-7.048787551874234,0,1.084953835792167e-10,5.007676720563961e-15
364000,Body2,1350517.545707196,5561519.937377263,0,-16.48170363390687,7.404585634143559,0,1.084953835792167e-10,5.007676720563961e-15
364000,Body3,-5179088.239694128,546205.9842779952,0,6.050026495741659,-35.57980822697679,0,1.084953835792167e-10,5.007676720563961e-15
365000,Body1,-1373549.639188519,-5494005.233524082,0,16.18281567728069,-6.997687154209657,0,1.088552338491379e-10,4.789951645756833e-15
365000,Body2,1334029.280832252,5568899.228679339,0,-16.49479731282116,7.353999111228194,0,1.088552338491379e-10,4.789951645756833e-15
365000,Body3,-5172964.164367034,510600.4844621262,0,6.198163554066485,-35.63119570189878,0,1.088552338491379e-10,4.789951645756833e-15
366000,Body1,-1357361.090280374,-5500977.375810095,0,16.19425299387079,-6.94659960225041,0,1.092140297231238e-10,6.096302094599605e-15
366000,Body2,1317528.008609959,5576227.939981369,0,-16.50771838932588,7.303425734474412,0,1.092140297231238e-10,6.096302094599605e-15
366000,Body3,-5166691.832952177,474943.5828607394,0,6.346539545534727,-35.68261322244535,0,1.092140297231238e-10,6.096302094599605e-15
367000,Body1,-1341161.191421662,-5507898.437181764,0,16.2055156303218,-6.895525411060128,0,1.095740306210358e-10,6.749477319020991e-15
367000,Body2,1301013.901460276,5583506.0847302,0,-16.52046722864797,7.252866104728797,0,1.095740306210358e-10,6.749477319020991e-15
367000,Body3,-5160271.003854888,439235.2451446151,0,6.495159832640947,-35.73406936691214,0,1.095740306210358e-10,6.749477319020991e-15
368000,Body1,-1324950.117136908,-5514768.431255794,0,16.21660389777902,-6.84446509185918,0,1.09937646590726e-10,6.096302094599605e-15
368000,Body2,1284487.131436964,5590733.676971938,0,-16.53304419794658,7.202320819653555,0,1.09937646590726e-10,6.096302094599605e-15
368000,Body3,-5153701.429998923,403475.428373172,0,6.644030016780404,-35.78557277948242,0,1.09937646590726e-10,6.096302094599605e-15
369000,Body1,-1308728.04163975,-5521587.372158174,0,16.22751810686744,-6.79341915203374,0,1.103023169563514e-10,5.878577019792476e-15
369000,Body2,1267947.870225669,5597910.731348761,0,-16.54544966629554,7.151790473720867,0,1.103023169563514e-10,5.878577019792476e-15
369000,Body3,-5146982.858585306,367664.0809293137,0,6.793155942837133,-35.83713216875722,0,1.103023169563514e-10,5.878577019792476e-15
370000,Body1,-1292495.138833484,-5528355.274520387,0,16.23825856762742,-6.742388095145181,0,1.106665354380047e-10,6.096302094599605e-15
370000,Body2,1251396.289142014,5605037.263095707,0,-16.55768400466558,7.101275658207235,0,1.106665354380047e-10,6.096302094599605e-15
370000,Body3,-5140115.030846473,331801.1424557589,0,6.94254370384507,-35.88875630624968,0,1.106665354380047e-10,6.096302094599605e-15
371000,Body1,-1276251.582311685,-5535072.153475557,0,16.24882558944948,-6.691372420939769,0,1.110306032916671e-10,6.749477319020991e-15
371000,Body2,1234832.559129709,5612113.288037504,0,-16.56974758590642,7.050776961187765,0,1.110306032916671e-10,6.749477319020991e-15
371000,Body3,-5133097.681795793,295886.5437928977,0,7.092199645725189,-35.94045402484347,0,1.110306032916671e-10,6.749477319020991e-15
372000,Body1,-1259997.545358893,-5541738.024654657,0,16.25921948100811,-6.640372625358664,0,1.113964786812187e-10,6.96720239382812e-15
372000,Body2,1218256.850758681,5619138.822585348,0,-16.58164078472882,7.00029496753038,0,1.113964786812187e-10,6.96720239382812e-15
372000,Body3,-5125930.539972263,259920.2069182078,0,7.24213037210122,-35.99223421721575,0,1.113964786812187e-10,6.96720239382812e-15
373000,Body1,-1243733.200951356,-5548352.904182698,0,16.26944055019471,-6.589389200548227,0,1.117634084667055e-10,7.184927468635249e-15
373000,Body2,1201669.334223226,5626113.883733694,0,-16.5933639776864,6.949830258890024,0,1.117634084667055e-10,7.184927468635249e-15
373000,Body3,-5118613.327180373,223902.0448872635,0,7.392342749197116,-36.04410583422312,0,1.117634084667055e-10,7.184927468635249e-15
374000,Body1,-1227458.721757853,-5554916.808674946,0,16.27948910404956,-6.538422634870747,0,1.121339533239706e-10,6.314027169406733e-15
374000,Body2,1185070.17934017,5633038.489057049,0,-16.60491754315749,6.899383413702818,0,1.121339533239706e-10,6.314027169406733e-15
374000,Body3,-5111145.758225013,187831.9617763787,0,7.542843910819471,-36.09607788325109,0,1.121339533239706e-10,6.314027169406733e-15
375000,Body1,-1211174.280140576,-5561429.755233141,0,16.28936544869275,-6.487473412915372,0,1.125046488092264e-10,5.878577019792476e-15
375000,Body2,1168459.555547057,5639912.656706743,0,-16.61630186132674,6.848955007180211,0,1.125046488092264e-10,5.878577019792476e-15
375000,Body3,-5103527.540641364,151709.8526269188,0,7.693641263428079,-36.14815942652698,0,1.125046488092264e-10,5.878577019792476e-15
376000,Body1,-1194880.048156087,-5567891.761441736,0,16.29906988925406,-6.436542015509539,0,1.128750430385007e-10,5.878577019792476e-15
376000,Body2,1151837.631900351,5646736.405407696,0,-16.62751731416677,6.798545611303055,0,1.128750430385007e-10,5.878577019792476e-15
376000,Body3,-5095758.374419684,115535.6033913187,0,7.844742491298199,-36.20035957939427,0,1.128750430385007e-10,5.878577019792476e-15
377000,Body1,-1178576.19755634,-5574302.845364133,0,16.30860272980196,-6.385628919730684,0,1.132463410357195e-10,6.314027169406733e-15
377000,Body2,1135204.577073655,5653509.754455197,0,-16.63856428541944,6.748155794815761,0,1.132463410357195e-10,6.314027169406733e-15
377000,Body3,-5087837.951724838,79309.0908808442,0,7.996155561778171,-36.25268750854988,0,1.132463410357195e-10,6.314027169406733e-15
378000,Body1,-1162262.899789786,-5580663.025538939,0,16.31796427327111,-6.334734598918327,0,1.136179402889199e-10,6.96720239382812e-15
378000,Body2,1118560.559355957,5660232.723711657,0,-16.64944316057731,6.697786123220323,0,1.136179402889199e-10,6.96720239382812e-15
378000,Body3,-5079765.956610604,43030.18271513673,0,8.147888730646113,-36.30515243024225,0,1.136179402889199e-10,6.96720239382812e-15
379000,Body1,-1145940.326002535,-5586972.320976229,0,16.32715482138914,-6.283859522686587,0,1.139928533579169e-10,6.749477319020991e-15
379000,Body2,1101905.746649885,5666905.333603363,0,-16.66015432686459,6.647437158770464,0,1.139928533579169e-10,6.749477319020991e-15
379000,Body3,-5071542.064728476,6698.737273578994,0,8.299950547569892,-36.35776360843047,0,1.139928533579169e-10,6.749477319020991e-15
380000,Body1,-1129608.647039606,-5593230.751153854,0,16.33617467460175,-6.233004156937066,0,1.143688208228493e-10,6.531752244213862e-15
380000,Body2,1085240.30646998,5673527.605117234,0,-16.67069817321822,6.597109460465672,0,1.143688208228493e-10,6.531752244213862e-15
380000,Body3,-5063165.943031047,-29685.39635147874,0,8.452349861674351,-36.41053035290307,0,1.143688208228493e-10,6.531752244213862e-15
381000,Body1,-1113268.033446241,-5599438.336013697,0,16.34502413199689,-6.182168963872183,0,1.14747650219606e-10,5.878577019792476e-15
381000,Body2,1068564.405941004,5680099.559797565,0,-16.68107509026884,6.546803584045318,0,1.14747650219606e-10,5.878577019792476e-15
381000,Body3,-5054637.249469657,-66122.37839959058,0,8.605095827220238,-36.46346201735653,0,1.14747650219606e-10,5.878577019792476e-15
382000,Body1,-1096918.655469313,-5605595.095958019,0,16.35370349122759,-6.131354402008883,0,1.151275340122981e-10,4.789951645756833e-15
382000,Body2,1051878.211796243,5686621.219742739,0,-16.6912854703213,6.496520081982766,0,1.151275340122981e-10,4.789951645756833e-15
382000,Body3,-5045955.632686445,-102612.3784851446,0,8.758197909399572,-36.51656799743153,0,1.151275340122981e-10,4.789951645756833e-15
383000,Body1,-1080560.683058785,-5611701.051845735,0,16.36221304843319,-6.080560926192858,0,1.155065140370456e-10,5.007676720563961e-15
383000,Body2,1035181.890375854,5693092.607601987,0,-16.70132970733547,6.446259503479498,0,1.155065140370456e-10,5.007676720563961e-15
383000,Body3,-5037120.731700418,-139155.5756383078,0,8.911665890251966,-36.56985772870742,0,1.155065140370456e-10,5.007676720563961e-15
384000,Body1,-1064194.285869272,-5617756.224988798,0,16.3705530981596,-6.029788987613205,0,1.158889585055805e-10,4.572226570949704e-15
384000,Body2,1018475.607625213,5699513.746572106,0,-16.71120819690644,6.396022394459275,0,1.158889585055805e-10,4.572226570949704e-15
384000,Body3,-5028132.175587599,-175752.1583439438,0,9.06550987470724,-36.62334068465223,0,1.158889585055805e-10,4.572226570949704e-15
385000,Body1,-1047819.633261675,-5623760.637148525,0,16.37872393327752,-5.979039033817521,0,1.162709510901432e-10,4.789951645756833e-15
385000,Body2,1001759.529093292,5705884.660394181,0,-16.72092133624491,6.345809297562361,0,1.162709510901432e-10,4.789951645756833e-15
385000,Body3,-5018989.583155077,-212402.3245784578,0,9.21974029675917,-36.6770263745285,0,1.162709510901432e-10,4.789951645756833e-15
386000,Body1,-1031436.894304897,-5629714.310531962,0,16.38672584489974,-5.928311508727616,0,1.166586675383547e-10,3.048151047299802e-15
386000,Body2,985033.8199310515,5712205.373350278,0,-16.73046952415732,6.295620752139701,0,1.166586675383547e-10,3.048151047299802e-15
386000,Body3,-5009692.562608794,-249106.2818445245,0,9.374367925776411,-36.73092434125234,0,1.166586675383547e-10,3.048151047299802e-15
387000,Body1,-1015046.237777642,-5635617.267788263,0,16.3945591222963,-5.877606852655627,0,1.17042768914788e-10,3.919051346528317e-15
387000,Body2,968298.6448898577,5718475.910260172,0,-16.73985316102566,6.245457294247251,0,1.17042768914788e-10,3.919051346528317e-15
387000,Body3,-5000240.71121495,-285864.2472036523,0,9.529403872955545,-36.78504415920602,0,1.17042768914788e-10,3.919051346528317e-15
388000,Body1,-998647.8321702991,-5641469.532005108,0,16.40222405280852,-5.826925502320743,0,1.174283765711288e-10,4.572226570949704e-15
388000,Body2,951554.1683199145,5724696.296478047,0,-16.74907264878752,6.195319456640321,0,1.174283765711288e-10,4.572226570949704e-15
388000,Body3,-4990633.614954892,-322676.4473065353,0,9.684859597923001,-36.83939543200052,0,1.174283765711288e-10,4.572226570949704e-15
389000,Body1,-982241.8456869195,-5647271.126705111,0,16.40972092176084,-5.776267890866487,0,1.178160930193403e-10,5.443126870178218e-15
389000,Body2,934800.5541687193,5730866.557889192,0,-16.75812839091552,6.145207768767937,0,1.178160930193403e-10,5.443126870178218e-15
389000,Body3,-4980870.84817331,-359543.1184211411,0,9.840746915491614,-36.89398779018823,0,1.178160930193403e-10,5.443126870178218e-15
390000,Body1,-965828.4462472742,-5653022.075842234,0,16.41705001237134,-5.725634447878567,0,1.182060688874132e-10,5.660851944985347e-15
390000,Body2,918037.9659795379,5736986.720906685,0,-16.76702079239689,6.095122756767368,0,1.182060688874132e-10,5.660851944985347e-15
390000,Body3,-4970951.973219627,-396464.5064584885,0,9.997078002578435,-36.94883088892252,0,1.182060688874132e-10,5.660851944985347e-15
391000,Body1,-949407.801489008,-5658722.403798256,0,16.42421160566006,-5.675025599403383,0,1.185995091992734e-10,5.22540179537109e-15
391000,Body2,901266.5668898996,5743056.812468082,0,-16.77575025971279,6.045064943458606,0,1.185995091992734e-10,5.22540179537109e-15
391000,Body3,-4960876.540082338,-433440.866996055,0,10.15386540529054,-37.00393440556429,0,1.185995091992734e-10,5.22540179537109e-15
392000,Body1,-932980.0787698837,-5664372.135379262,0,16.43120598035563,-5.62444176796715,0,1.189915938592169e-10,6.314027169406733e-15
392000,Body2,884486.5196301145,5749076.860032107,0,-16.78431720081729,5.99503484833905,0,1.189915938592169e-10,6.314027169406733e-15
392000,Body3,-4950644.086016219,-470472.4652987627,0,10.3111220461861,-37.05930803723009,0,1.189915938592169e-10,6.314027169406733e-15
393000,Body1,-916545.4451701213,-5669971.295812076,0,16.43803341279983,-5.573883372595751,0,1.193903061507538e-10,5.22540179537109e-15
393000,Body2,867697.9865218115,5755046.891575307,0,-16.79272202511683,5.945032987578179,0,1.193903061507538e-10,5.22540179537109e-15
393000,Body3,-4940254.135162188,-507559.5763374863,0,10.46886123171778,-37.11496149828332,0,1.193903061507538e-10,5.22540179537109e-15
394000,Body1,-900104.0674948314,-5675519.91074083,0,16.44469417685001,-5.523350828835188,0,1.197908259781797e-10,4.136776421335446e-15
394000,Body2,850901.1294764957,5760966.935588743,0,-16.80096514344851,5.895059874012418,0,1.197908259781797e-10,4.136776421335446e-15
394000,Body3,-4929706.198159561,-544702.4848050189,0,10.62709665986656,-37.17090451776339,0,1.197908259781797e-10,4.136776421335446e-15
395000,Body1,-883656.1122765519,-5681018.006223471,0,16.45118854377954,-5.472844548772888,0,1.201887851297627e-10,5.007676720563961e-15
395000,Body2,834096.1099941271,5766837.02107463,0,-16.80904696805911,5.845116017139998,0,1.201887851297627e-10,5.007676720563961e-15
395000,Body3,-4918999.771750676,-581901.4851294345,0,10.7858424279737,-37.22714683675127,0,1.201887851297627e-10,5.007676720563961e-15
396000,Body1,-867201.7457778814,-5686465.608728306,0,16.45751678217597,-5.422364941059713,0,1.205891543291979e-10,5.443126870178218e-15
396000,Body2,817283.0891617254,5772657.177543019,0,-16.81696791258363,5.795201923116005,0,1.205891543291979e-10,5.443126870178218e-15
396000,Body3,-4908134.3383775,-619156.8814847886,0,10.94511304077935,-37.28369820566822,0,1.205891543291979e-10,5.443126870178218e-15
397000,Body1,-850741.1339942174,-5691862.745130584,0,16.46367915783685,-5.371912410932849,0,1.20993891740365e-10,5.660851944985347e-15
397000,Body2,800462.2276519884,5778427.435008442,0,-16.82472839202349,5.745318094747514,0,1.20993891740365e-10,5.660851944985347e-15
397000,Body3,-4897109.365770129,-656468.9877990755,0,11.10492341867659,-37.34056838150526,0,1.20993891740365e-10,5.660851944985347e-15
398000,Body1,-834274.4426565988,-5697209.442709104,0,16.46967593366305,-5.32148736023947,0,1.214025454792919e-10,4.136776421335446e-15
398000,Body2,783633.6857219378,5784147.823986565,0,-16.83232882272481,5.695465031488879,0,1.214025454792919e-10,4.136776421335446e-15
398000,Body3,-4885924.306526922,-693838.1277593832,0,11.26528890618984,-37.39776712497931,0,1.214025454792919e-10,4.136776421335446e-15
399000,Body1,-817801.8372346578,-5702505.729142811,0,16.47550736954979,-5.271090187461342,0,1.218131573820986e-10,3.48360119691406e-15
399000,Body2,766797.6232115882,5789818.375490819,0,-16.8397696223565,5.64564322943708,0,1.218131573820986e-10,3.48360119691406e-15
399000,Body3,-4874578.597686027,-731264.6348141668,0,11.42622528068741,-37.45530419761237,0,1.218131573820986e-10,3.48360119691406e-15
400000,Body1,-801323.4829396814,-5707751.632507472,0,16.48117372227486,-5.220721287740359,0,1.222210579810717e-10,4.789951645756833e-15
400000,Body2,749954.199542632,5795439.121029058,0,-16.84705120988811,5.595853181327288,0,1.222210579810717e-10,4.789951645756833e-15
400000,Body3,-4863071.660288084,-768748.8521725589,0,11.58774876133773,-37.51318935873135,0,1.222210579810717e-10,4.789951645756833e-15
401000,Body1,-784839.5447277826,-5712947.181272335,0,16.48667524538457,-5.170381052905078,0,1.226379962594903e-10,3.048151047299802e-15
401000,Body2,733103.5737171505,5801010.092600198,0,-16.85417400556766,5.546095376528527,0,1.226379962594903e-10,3.048151047299802e-15
401000,Body3,-4851402.898929824,-806291.1328006395,0,11.74987601831995,-37.5714323623826,0,1.226379962594903e-10,3.048151047299802e-15
402000,Body1,-768350.1873031943,-5718092.404296822,0,16.49201218907614,-5.120069871498268,0,1.230511688381399e-10,4.136776421335446e-15
402000,Body2,716245.9043163477,5806531.322690834,0,-16.86113843089903,5.496370301039472,0,1.230511688381399e-10,4.136776421335446e-15
402000,Body3,-4839571.701308365,-843891.8394145767,0,11.91262418229933,-37.630042954158,0,1.230511688381399e-10,4.136776421335446e-15
403000,Body1,-751855.5751216763,-5723187.330827288,0,16.49718480007803,-5.069788128805553,0,1.234685590005307e-10,4.789951645756833e-15
403000,Body2,699381.3494993048,5812002.844271857,0,-16.86794490861972,5.446678437484445,0,1.234685590005307e-10,4.789951645756833e-15
403000,Body3,-4827577.437755872,-881551.3444705443,0,12.0760108541789,-37.68903086792768,0,1.234685590005307e-10,4.789951645756833e-15
404000,Body1,-735355.8723940451,-5728231.99049373,0,16.50219332152665,-5.019536206885205,0,1.238871541868476e-10,5.443126870178218e-15
404000,Body2,682510.0670017578,5817424.690795113,0,-16.87459386267791,5.39702026510955,0,1.238871541868476e-10,5.443126870178218e-15
404000,Body3,-4815419.460764315,-919270.030151329,0,12.24005411513882,-37.74840582247372,0,1.238871541868476e-10,5.443126870178218e-15
405000,Body1,-718851.2430898298,-5733226.413306627,0,16.50703799284016,-4.969314484599164,0,1.243137326566747e-10,4.136776421335446e-15
405000,Body2,665632.2141348996,5822796.896189993,0,-16.88108571820977,5.347396259778985,0,1.243137326566747e-10,4.136776421335446e-15
405000,Body3,-4803097.104500045,-957048.2883495135,0,12.40477253697577,-37.80817751802069,0,1.243137326566747e-10,4.136776421335446e-15
406000,Body1,-702341.8509410551,-5738170.629653721,0,16.51171904958893,-4.919123337645311,0,1.247406123824833e-10,3.919051346528317e-15
406000,Body2,648747.9477842031,5828119.494860063,0,-16.88742090151635,5.29780689397148,0,1.247406123824833e-10,3.919051346528317e-15
406000,Body3,-4790609.684307882,-994886.52064714,0,12.57018519275512,-37.86835563265586,0,1.247406123824833e-10,3.919051346528317e-15
407000,Body1,-685827.8594461529,-5743064.670296885,0,16.51623672336278,-4.868963138591026,0,1.251700527841348e-10,3.919051346528317e-15
407000,Body2,631857.4244082656,5833392.521679672,0,-16.89359984004056,5.248252636776973,0,1.251700527841348e-10,3.919051346528317e-15
407000,Body3,-4777956.496204391,-1032785.138291734,0,12.73631166778881,-37.92894981863459,0,1.251700527841348e-10,3.919051346528317e-15
408000,Body1,-669309.4318740116,-5747908.566369013,0,16.52059124163443,-4.818834256908241,0,1.25599643813777e-10,4.789951645756833e-15
408000,Body2,614960.8000376812,5838616.011990573,0,-16.89962296234392,5.198733953893461,0,1.25599643813777e-10,4.789951645756833e-15
408000,Body3,-4765136.816360005,-1070744.562168576,0,12.90317207095302,-37.9899696985625,0,1.25599643813777e-10,4.789951645756833e-15
409000,Body1,-652786.7312681654,-5752702.349370937,0,16.52478282761962,-4.768737059009944,0,1.260367662429572e-10,3.919051346528317e-15
409000,Body2,598058.2302739322,5843790.0015985,0,-16.90549069808312,5.149251307624014,0,1.260367662429572e-10,3.919051346528317e-15
409000,Body3,-4752149.900569635,-1108765.222769089,0,13.07078704635987,-38.05142486144886,0,1.260367662429572e-10,3.919051346528317e-15
410000,Body1,-636259.9204511215,-5757446.051168389,0,16.5288117001328,-4.718671908288199,0,1.264767506039617e-10,2.830425972492674e-15
410000,Body2,581149.870288307,5848914.526769816,0,-16.91120347798664,5.099805156874015,0,1.264767506039617e-10,2.830425972492674e-15
410000,Body3,-4738994.983711477,-1146847.560155208,0,13.23917778539812,-38.11332485862336,0,1.264767506039617e-10,2.830425972492674e-15
411000,Body1,-619729.1620288328,-5762139.703988994,0,16.53267807343964,-4.668639165153891,0,1.269171868489386e-10,3.265876122106931e-15
411000,Body2,564235.8748208388,5853989.624228063,0,-16.91676173383103,5.050395957148553,0,1.269171868489386e-10,3.265876122106931e-15
411000,Body3,-4725671.27919354,-1184992.023919609,0,13.40836603915836,-38.1756791995077,0,1.269171868489386e-10,3.265876122106931e-15
412000,Body1,-603194.6183953253,-5766783.340419321,0,16.53638215710483,-4.618639187078124,0,1.273628950735919e-10,3.048151047299802e-15
412000,Body2,547316.3981792717,5859015.331150613,0,-16.92216589841728,5.00102416055007,0,1.273628950735919e-10,3.048151047299802e-15
412000,Body3,-4712177.978387551,-1223199.07314161,0,13.5783741312592,-38.23849734723432,0,1.273628950735919e-10,3.048151047299802e-15
413000,Body1,-586656.4517374755,-5771376.993401956,0,16.53992415583597,-4.568672328635579,0,1.278096576941806e-10,3.048151047299802e-15
413000,Body2,530391.5942380455,5863991.685165215,0,-16.92741640554676,4.951690215776213,0,1.278096576941806e-10,3.048151047299802e-15
413000,Body3,-4698514.250049864,-1261469.176338634,0,13.74922497109121,-38.30178871410298,0,1.278096576941806e-10,3.048151047299802e-15
414000,Body1,-570114.8240399479,-5775920.696232627,0,16.54330426932262,-4.518738941549641,0,1.282610897824828e-10,3.048151047299802e-15
414000,Body2,513461.6164373078,5868918.724346629,0,-16.93251368999752,4.902394568117898,0,1.282610897824828e-10,3.048151047299802e-15
414000,Body3,-4684679.239728874,-1299802.811413032,0,13.92094206749629,-38.36556265686496,0,1.282610897824828e-10,3.048151047299802e-15
415000,Body1,-553569.8970902944,-5780414.482557383,0,16.54652269207105,-4.468839374739698,0,1.287143294066741e-10,3.919051346528317e-15
415000,Body2,496526.6177819509,5873796.487213196,0,-16.93745818750002,4.853137659457563,0,1.287143294066741e-10,3.919051346528317e-15
415000,Body3,-4670672.069158533,-1338200.465594096,0,14.09354954290107,-38.4298284718253,0,1.287143294066741e-10,3.919051346528317e-15
416000,Body1,-537021.8324842232,-5784858.386369813,0,16.54957961323397,-4.418973974370551,0,1.291728410105419e-10,4.136776421335446e-15
416000,Body2,479586.7508406696,5878625.012723438,0,-16.94225033471312,4.803919928267669,0,1.291728410105419e-10,4.136776421335446e-15
416000,Body3,-4656491.83563752,-1376662.635375087,0,14.26707214792331,-38.4945953897517,0,1.291728410105419e-10,4.136776421335446e-15
417000,Body1,-520470.7916310396,-5789252.442008309,0,16.55247521643523,-4.36914308390407,0,1.296370764780585e-10,3.48360119691406e-15
417000,Body2,462642.1677450461,5883404.340272621,0,-16.94689056919988,4.754741809609466,0,1.296370764780585e-10,3.48360119691406e-15
417000,Body3,-4642137.61139352,-1415189.826445071,0,14.44153527647154,-38.55987257057864,0,1.296370764780585e-10,3.48360119691406e-15
418000,Body1,-503916.9357592648,-5793596.684153394,0,16.5552096795894,-4.319347044153353,0,1.301013119455751e-10,4.572226570949704e-15
418000,Body2,445693.0201886581,5888134.509689406,0,-16.9513793294029,4.705603735131902,0,1.301013119455751e-10,4.572226570949704e-15
418000,Body3,-4627608.442932184,-1453782.553615341,0,14.61696498135866,-38.625669097894,0,1.301013119455751e-10,4.572226570949704e-15
419000,Body1,-487360.425922437,-5797891.147825115,0,16.55778317471591,-4.269586193339313,0,1.305709700207591e-10,4.789951645756833e-15
419000,Body2,428739.4594262102,5892815.561232375,0,-16.95571705462032,4.656506133070868,0,1.305709700207591e-10,4.789951645756833e-15
419000,Body3,-4612903.3503702,-1492441.34074022,0,14.79338799045144,-38.69199397319467,0,1.305709700207591e-10,4.789951645756833e-15
420000,Body1,-470801.4230051018,-5802135.86838046,0,16.5601958677474,-4.219860867150041,0,1.310487620074439e-10,3.701326271721188e-15
420000,Body2,411781.6362726921,5897447.535586637,0,-16.95990418498106,4.607449428248626,0,1.310487620074439e-10,3.701326271721188e-15
420000,Body3,-4598021.32675191,-1531166.720632002,0,14.9708317233785,-38.75885610989796,0,1.310487620074439e-10,3.701326271721188e-15
421000,Body1,-454240.087728998,-5806330.881510864,0,16.56244791833222,-4.170171398802953,0,1.315288134139902e-10,3.701326271721188e-15
421000,Body2,394819.7011025588,5902030.473860419,0,-16.96394116142031,4.558434042073481,0,1.315288134139902e-10,3.701326271721188e-15
421000,Body3,-4582961.337348982,-1569959.234969764,0,15.14932430882069,-38.82626432709237,0,1.315288134139902e-10,3.701326271721188e-15
422000,Body1,-437676.5806594423,-5810476.223239778,0,16.56453947963094,-4.120518119109999,0,1.320130824042776e-10,3.048151047299802e-15
422000,Body2,377853.8038489376,5906564.417581647,0,-16.96782842565492,4.509460392539729,0,1.320130824042776e-10,3.048151047299802e-15
422000,Body3,-4567722.318942435,-1608819.434201798,0,15.32889460240827,-38.89422734301269,0,1.320130824042776e-10,3.048151047299802e-15
423000,Body1,-421111.0622119225,-5814571.92992027,0,16.56647069810629,-4.070901356545994,0,1.324991589304542e-10,3.919051346528317e-15
423000,Body2,360884.0940028582,5911049.408694537,0,-16.97156642015867,4.460528894227816,0,1.324991589304542e-10,3.919051346528317e-15
423000,Body3,-4552303.179086487,-1647747.87744138,0,15.50957220525103,-38.9627537682222,0,1.324991589304542e-10,3.919051346528317e-15
424000,Body1,-404543.6926589021,-5818618.038232776,0,16.56824171330649,-4.021321437320379,0,1.329923149721963e-10,4.136776421335446e-15
424000,Body2,343910.7206125088,5915485.489556178,0,-16.97515558813767,4.411639958304791,0,1.329923149721963e-10,4.136776421335446e-15
424000,Body3,-4536702.795353559,-1686745.132355554,0,15.6913874831281,-39.03185209848314,0,1.329923149721963e-10,4.136776421335446e-15
425000,Body1,-387974.632136847,-5822614.585182817,0,16.5698526576418,-3.971778685452465,0,1.334940568094118e-10,2.612700897685545e-15
425000,Body2,326933.832282515,5919872.702933131,0,-16.97859637350535,4.362793992525005,0,1.334940568094118e-10,2.612700897685545e-15
425000,Body3,-4520920.014559688,-1725811.775046632,0,15.87437158636549,-39.10153070729663,0,1.334940568094118e-10,2.612700897685545e-15
426000,Body1,-371404.0406534768,-5826561.608098876,0,16.57130365615355,-3.922273422850532,0,1.339979074384978e-10,1.959525673264159e-15
426000,Body2,309953.577173246,5924211.091997987,0,-16.98188922085776,4.31399140123102,0,1.339979074384978e-10,1.959525673264159e-15
426000,Body3,-4504953.651969762,-1764948.38992606,0,16.05855647043093,-39.17179783809117,0,1.339979074384978e-10,1.959525673264159e-15
427000,Body1,-354832.0780952545,-5830459.144630325,0,16.57259482627604,-3.872805969394879,0,1.34505373139362e-10,2.394975822878416e-15
427000,Body2,292970.103000144,5928500.70032598,0,-16.98503457544869,4.265232585354835,0,1.34505373139362e-10,2.394975822878416e-15
427000,Body3,-4488802.490481785,-1804155.569580278,0,16.24397491727628,-39.24266159603759,0,1.34505373139362e-10,2.394975822878416e-15
428000,Body1,-338258.9042351136,-5834307.23274544,0,16.57372627759031,-3.823376643025112,0,1.350197677278011e-10,2.177250748071287e-15
428000,Body2,275983.5570330786,5932741.571891574,0,-16.98803288316484,4.216517942419366,0,1.350197677278011e-10,2.177250748071287e-15
428000,Body3,-4472465.279789359,-1843433.91462821,0,16.43066055745992,-39.31412993946727,0,1.350197677278011e-10,2.177250748071287e-15
429000,Body1,-321684.6787404389,-5838105.910729504,0,16.57469811156995,-3.773985759831902,0,1.355379280160091e-10,2.612700897685545e-15
429000,Body2,258994.0860957272,5936933.751065059,0,-16.9908845905007,4.167847866540165,0,1.355379280160091e-10,2.612700897685545e-15
429000,Body3,-4455940.735521722,-1882784.033569961,0,16.61864789308196,-39.38621067086813,0,1.355379280160091e-10,2.612700897685545e-15
430000,Body1,-305109.5611813042,-5841855.217183006,0,16.57551042131833,-3.724633634153519,0,1.360606071439399e-10,3.919051346528317e-15
430000,Body2,242001.8365649791,5941077.282609122,0,-16.99359014453384,4.119222748427414,0,1.360606071439399e-10,3.919051346528317e-15
430000,Body3,-4439227.538360368,-1922206.54262628,0,16.80797232156738,-39.45891142743241,0,1.360606071439399e-10,3.919051346528317e-15
431000,Body1,-288533.7110389781,-5845555.191019929,0,16.57616329129686,-3.67532057867737,0,1.365930770912699e-10,3.265876122106931e-15
431000,Body2,225006.9543703643,5945172.211675467,0,-16.99614999290003,4.070642975388221,0,1.365930770912699e-10,3.265876122106931e-15
431000,Body3,-4422324.333131456,-1961702.065568349,0,16.99867016033366,-39.53223967112755,0,1.365930770912699e-10,3.265876122106931e-15
432000,Body1,-271957.287714706,-5849205.871466179,0,16.57665679704432,-3.626046904546926,0,1.371297646223413e-10,3.701326271721188e-15
432000,Body2,208009.5849935087,5949218.583801407,0,-16.99856458376795,4.022108931329091,0,1.371297646223413e-10,3.701326271721188e-15
432000,Body3,-4405229.727873102,-2001271.233537373,0,17.19077867238052,-39.60620267825909,0,1.371297646223413e-10,3.701326271721188e-15
433000,Body1,-255380.4505387756,-5852807.298058064,0,16.57699100488639,-3.576812921474259,0,1.376757910888395e-10,3.048151047299802e-15
433000,Body2,191009.8734676137,5953216.444906458,0,-17.00083436581461,3.973620996758787,0,1.376757910888395e-10,3.048151047299802e-15
433000,Body3,-4387942.292876628,-2040914.684853486,0,17.38433609284186,-39.68080752849561,0,1.376757910888395e-10,3.048151047299802e-15
434000,Body1,-238803.3587798806,-5856359.510640952,0,16.57716597163501,-3.527618937858607,0,1.3822422760319e-10,3.919051346528317e-15
434000,Body2,174007.9643769596,5957165.84128895,0,-17.0029597882002,3.925179548791367,0,1.3822422760319e-10,3.919051346528317e-15
434000,Body3,-4370460.559700704,-2080633.064813382,0,17.5793816565406,-39.75606109331828,0,1.3822422760319e-10,3.919051346528317e-15
435000,Body1,-222226.1716547884,-5859862.549368,0,16.57718174427771,-3.478465260911332,0,1.387809486570321e-10,4.136776421335446e-15
435000,Body2,157004.0018564354,5961066.81962263,0,-17.0049413005434,3.876784961149518,0,1.387809486570321e-10,4.136776421335446e-15
435000,Body3,-4352783.020157465,-2120427.025476106,0,17.77595562659085,-39.83197002386107,0,1.387809486570321e-10,4.136776421335446e-15
436000,Body1,-205649.0483383251,-5863316.45469904,0,16.57703835965566,-3.429352196787599,0,1.393462555063475e-10,3.701326271721188e-15
436000,Body2,139998.1295910922,5964919.426953266,0,-17.00677935289634,3.828437604168187,0,1.393462555063475e-10,3.701326271721188e-15
436000,Body3,-4334908.12526946,-2160297.225436352,0,17.97409932409173,-39.90854073810093,0,1.393462555063475e-10,3.701326271721188e-15
437000,Body1,-189072.147973687,-5866721.267399576,0,16.57673584413042,-3.380280050725287,0,1.399169849633301e-10,4.136776421335446e-15
437000,Body2,122990.4908157232,5968723.710695281,0,-17.00847439571981,3.780137844798441,0,1.399169849633301e-10,4.136776421335446e-15
437000,Body3,-4316834.284196345,-2200244.329584617,0,18.17385515896039,-39.985779407357,0,1.399169849633301e-10,4.136776421335446e-15
438000,Body1,-172495.6296830917,-5870077.02853996,0,16.57627421323911,-3.331249127191498,0,1.404961495877952e-10,3.919051346528317e-15
438000,Body2,105981.2283144663,5972479.718628362,0,-17.0100268798585,3.731886046611614,0,1.404961495877952e-10,3.919051346528317e-15
438000,Body3,-4298559.863130173,-2240269.008853487,0,18.37526666195381,-40.06369194205359,0,1.404961495877952e-10,3.919051346528317e-15
439000,Body1,-155919.6525787805,-5873383.779494702,0,16.57565347133697,-3.282259730037157,0,1.410855569156318e-10,3.048151047299802e-15
439000,Body2,88970.48442043335,5976187.498894063,0,-17.01143725651612,3.683682569803745,0,1.410855569156318e-10,3.048151047299802e-15
439000,Body3,-4280083.184157997,-2280371.939949302,0,18.57837851793089,-40.14228397670073,0,1.410855569156318e-10,3.048151047299802e-15
440000,Body1,-139344.375774384,-5876641.561941905,0,16.57487361122696,-3.233312162660241,0,1.416805374791265e-10,3.265876122106931e-15
440000,Body2,71958.40101536327,5979847.099992454,0,-17.01270597723087,3.635527771200224,0,1.416805374791265e-10,3.265876122106931e-15
440000,Body3,-4261402.52409063,-2320553.805068388,0,18.78323660040838,-40.22156085403991,0,1.416805374791265e-10,3.265876122106931e-15
441000,Body1,-122769.9583966651,-5879850.417862918,0,16.57393461377624,-3.184406728178155,0,1.42285610118002e-10,1.959525673264159e-15
441000,Body2,54945.11952929967,5983458.570778751,0,-17.01383349385076,3.587422004260772,0,1.42285610118002e-10,1.959525673264159e-15
441000,Body3,-4242516.113256121,-2360815.291596988,0,18.98988800746779,-40.30152760830342,0,1.42285610118002e-10,1.959525673264159e-15
442000,Body1,-106196.5595976532,-5883010.38954215,0,16.5728364475183,-3.135543729609811,0,1.428950509686095e-10,3.701326271721188e-15
442000,Body2,37930.78094029351,5987021.960459951,0,-17.01482025850887,3.539365619084656,0,1.428950509686095e-10,3.701326271721188e-15
442000,Body3,-4223422.134256685,-2401157.091793993,0,19.19838109907148,-40.38218894752616,0,1.428950509686095e-10,3.701326271721188e-15
443000,Body1,-89624.33856718155,-5886121.519567048,0,16.57157906824076,-3.086723470068065,0,1.43518801478339e-10,2.394975822878416e-15
443000,Body2,20915.52577413044,5990537.318591475,0,-17.01566672359915,3.491358962416159,0,1.43518801478339e-10,2.394975822878416e-15
443000,Body3,-4204118.720687536,-2441579.902455495,0,19.40876553585018,-40.46354923485174,0,1.43518801478339e-10,2.394975822878416e-15
444000,Body1,-73053.45454584654,-5889183.850828321,0,16.57016241855751,-3.037946252963121,0,1.441476733397543e-10,3.048151047299802e-15
444000,Body2,3899.494104081917,5994004.695073796,0,-17.01637334175167,3.443402377650346,0,1.441476733397543e-10,3.048151047299802e-15
444000,Body3,-4184603.955816171,-2482084.424560078,0,19.6210923194255,-40.54561246876446,0,1.441476733397543e-10,3.048151047299802e-15
445000,Body1,-56484.06683840165,-5892197.426520308,0,16.56858642746533,-2.98921238221768,0,1.44788746068421e-10,2.177250748071287e-15
445000,Body2,-13117.17444931877,5997424.140149124,0,-17.01694056580862,3.39549620483904,0,1.44788746068421e-10,2.177250748071287e-15
445000,Body3,-4164875.871220583,-2522671.362893834,0,19.83541383433545,-40.62838226217804,0,1.44788746068421e-10,2.177250748071287e-15
446000,Body1,-39916.33482760315,-5895162.290141629,0,16.56685100988348,-2.940522162494498,0,1.45436446428681e-10,3.48360119691406e-15
446000,Body2,-30134.34071847629,6000795.704398045,0,-17.01736884879982,3.347640780697124,0,1.45436446428681e-10,3.48360119691406e-15
446000,Body3,-4144932.445384677,-2563341.425653806,0,20.05178389163306,-40.7118618203052,0,1.45436446428681e-10,3.48360119691406e-15
447000,Body1,-23350.41798852496,-5898078.485496039,0,16.56495606617635,-2.891875899437182,0,1.46091678188479e-10,5.660851944985347e-15
447000,Body2,-47151.86598890899,6004119.438736203,0,-17.01765864391869,3.29983643860905,0,1.46091678188479e-10,5.660851944985347e-15
447000,Body3,-4124771.602249227,-2604095.324028691,0,20.27025777423115,-40.79605391722831,0,1.46091678188479e-10,5.660851944985347e-15
448000,Body1,-6786.475903359931,-5900946.056693527,0,16.56290148165764,-2.843273899925168,0,1.467643827952049e-10,4.789951645756833e-15
448000,Body2,-64169.61199940046,6007395.394410959,0,-17.01781040449837,3.252083508635595,0,1.467643827952049e-10,4.789951645756833e-15
448000,Body3,-4104391.209716583,-2644933.771755435,0,20.49089228407091,-40.8809608710843,0,1.467643827952049e-10,4.789951645756833e-15
449000,Body1,9775.331723273815,-5903765.048151691,0,16.56068712607559,-2.794716472343645,0,1.474447694294595e-10,5.443126870178218e-15
449000,Body2,-81187.4409421272,6010623.622998073,0,-17.01782458398755,3.20438231752095,0,1.474447694294595e-10,5.443126870178218e-15
449000,Body3,-4083789.078107283,-2685857.484650249,0,20.7137457911937,-40.96658451777218,0,1.474447694294595e-10,5.443126870178218e-15
450000,Body1,26334.84504850201,-5906535.504597398,0,16.55831285307885,-2.746203926869523,0,1.481372063029747e-10,5.660851944985347e-15
450000,Body2,-98205.21546276247,6013804.176398401,0,-17.01770163592692,3.156733188699959,0,1.481372063029747e-10,5.660851944985347e-15
450000,Body3,-4062962.958566584,-2726867.180112579,0,20.93887828480058,-41.05292618308469,0,1.481372063029747e-10,5.660851944985347e-15
451000,Body1,42891.90407481877,-5909257.471068692,0,16.55577849966142,-2.697736575774479,0,1.488398858798615e-10,6.749477319020991e-15
451000,Body2,-115222.7986605561,6016937.106834575,0,-17.01744201392536,3.10913644230565,0,1.488398858798615e-10,6.749477319020991e-15
451000,Body3,-4041910.541418908,-2767963.576600384,0,21.16635142638689,-41.13998665315841,0,1.488398858798615e-10,6.749477319020991e-15
452000,Body1,59446.34863314567,-5911930.992917082,0,16.55308388558605,-2.649314733746157,0,1.495543144400274e-10,7.838102693056634e-15
452000,Body2,-132240.0540883913,6020022.466847717,0,-17.01704617163658,3.06159239517704,0,1.495543144400274e-10,7.838102693056634e-15
452000,Body3,-4020629.454468092,-2809147.39307494,0,21.39622860504342,-41.22776614312942,0,1.495543144400274e-10,7.838102693056634e-15
453000,Body1,75998.01836530276,-5914556.115810123,0,16.55022881278531,-2.600938718228791,0,1.50282600775343e-10,8.49127791747802e-15
453000,Body2,-149256.8457528174,6023060.309294139,0,-17.0165145627356,3.014101360867124,0,1.50282600775343e-10,8.49127791747802e-15
453000,Body3,-3999117.261241191,-2850419.348413386,0,21.62857499501996,-41.31626426387386,0,1.50282600775343e-10,8.49127791747802e-15
454000,Body1,92546.75270586915,-5917132.885734324,0,16.54721306473907,-2.552608849784505,0,1.51026251165716e-10,8.273552842670892e-15
454000,Body2,-166273.0381140602,6026050.687342075,0,-17.0158476408957,2.966663649651128,0,1.51026251165716e-10,8.273552842670892e-15
454000,Body3,-3977371.459173569,-2891780.160786985,0,21.86345761565112,-41.40547998670315,0,1.51026251165716e-10,8.273552842670892e-15
455000,Body1,109092.3908634092,-5919661.348998478,0,16.54403640582756,-2.504325452476674,0,1.517805961434329e-10,8.49127791747802e-15
455000,Body2,-183288.4960860077,6028993.65446839,0,-17.01504585976514,2.919279568535015,0,1.517805961434329e-10,8.49127791747802e-15
455000,Body3,-3955389.477732826,-2933230.547003008,0,22.10094539374838,-41.4954116058755,0,1.517805961434329e-10,8.49127791747802e-15
456000,Body1,125634.7718010382,-5922141.552237368,0,16.54069858065874,-2.456088854276857,0,1.525521127120961e-10,8.055827767863764e-15
456000,Body2,-200303.0850361748,6031889.264455333,0,-17.0141096729445,2.871949421264193,0,1.525521127120961e-10,8.055827767863764e-15
456000,Body3,-3933168.676479043,-2974771.221807963,0,22.34110922856769,-41.5860566987751,0,1.525521127120961e-10,8.055827767863764e-15
457000,Body1,142173.7342163034,-5924573.54241588,0,16.53719931336904,-2.407899387496889,0,1.533352276360477e-10,8.926728067092278e-15
457000,Body2,-217316.6707856429,6034737.571387262,0,-17.01303953396378,2.824673508332454,0,1.533352276360477e-10,8.926728067092278e-15
457000,Body3,-3910706.343058754,-3016402.897149788,0,22.58402205946565,-41.67741208359783,0,1.533352276360477e-10,8.926728067092278e-15
458000,Body1,158709.1165203506,-5926957.366833565,0,16.53353830689625,-2.359757389247827,0,1.541361166629088e-10,8.055827767863764e-15
458000,Body2,-234329.1196089792,6037538.62964741,0,-17.01183589625995,2.777452126991155,0,1.541361166629088e-10,8.055827767863764e-15
458000,Body3,-3887999.69112985,-3058126.281396395,0,22.8297589363634,-41.76947377437407,0,1.541361166629088e-10,8.055827767863764e-15
459000,Body1,175240.7568163504,-5929293.073129691,0,16.529715242223,-2.311663201927572,0,1.549496584409936e-10,8.926728067092278e-15
459000,Body2,-251340.2982341319,6040292.493914653,0,-17.01049921315447,2.730285571258586,0,1.549496584409936e-10,8.926728067092278e-15
459000,Body3,-3865045.858214563,-3099942.078507845,0,23.07839709314107,-41.86223693314253,0,1.549496584409936e-10,8.926728067092278e-15
460000,Body1,191768.492877152,-5931580.709288785,0,16.52572977759034,-2.263617173739191,0,1.557848906497475e-10,6.96720239382812e-15
460000,Body2,-268350.0738423037,6042999.21916026,0,-17.0090299378313,2.683174131929581,0,1.557848906497475e-10,6.96720239382812e-15
460000,Body3,-3841841.90347754,-3141850.987159179,0,23.33001602409194,-41.9556958190798,0,1.557848906497475e-10,6.96720239382812e-15
461000,Body1,208292.162122135,-5933820.323646709,0,16.52158154767892,-2.215619659242022,0,1.566338300056605e-10,6.314027169406733e-15
461000,Body2,-285358.3140678034,6045658.860644692,0,-17.00742852331467,2.636118096585337,0,1.566338300056605e-10,6.314027169406733e-15
461000,Body3,-3818384.805425881,-3183853.699810761,0,23.58469756357074,-42.04984373437188,0,1.566338300056605e-10,6.314027169406733e-15
462000,Body1,224811.6015932261,-5936011.964897288,0,16.51727016275774,-2.1676710199378,0,1.575011459764459e-10,5.443126870178218e-15
462000,Body2,-302364.8869978747,6048271.473914398,0,-17.0056954224475,2.589117749603401,0,1.575011459764459e-10,5.443126870178218e-15
462000,Body3,-3794671.459527872,-3225950.90172281,0,23.84252596897473,-42.14467296660042,0,1.575011459764459e-10,5.443126870178218e-15
463000,Body1,241326.6479300477,-5938155.6820996,0,16.5127952077977,-2.119771624894336,0,1.583859347941593e-10,4.354501496142575e-15
463000,Body2,-319369.6611725049,6050837.114798591,0,-17.00383108786977,2.542173372167923,0,1.583859347941593e-10,4.354501496142575e-15
463000,Body3,-3770698.675746999,-3268143.269910411,0,24.10358800720403,-42.24017472739921,0,1.583859347941593e-10,4.354501496142575e-15
464000,Body1,257837.137344161,-5940251.524685839,0,16.50815624154956,-2.071921851409283,0,1.592894014827267e-10,3.48360119691406e-15
464000,Body2,-336372.5055842111,6053355.83940608,0,-17.00183597199711,2.49528524228004,0,1.592894014827267e-10,3.48360119691406e-15
464000,Body3,-3746463.17598772,-3310431.472035277,0,24.36797304475155,-42.33633908711674,0,1.592894014827267e-10,3.48360119691406e-15
465000,Body1,274342.9055923698,-5942299.542469908,0,16.50335279558393,-2.024122085716887,0,1.602151611139263e-10,1.088625374035644e-15
465000,Body2,-353373.2896778049,6055827.704122099,0,-16.9997105269997,2.448453634768496,0,1.602151611139263e-10,1.088625374035644e-15
465000,Body3,-3721961.591449255,-3352816.165229995,0,24.63577314157946,-42.43315490520266,0,1.602151611139263e-10,1.088625374035644e-15
466000,Body1,290843.7879490438,-5944299.785656713,0,16.49838437329195,-1.976372723740723,0,1.611547785202757e-10,1.306350448842773e-15
466000,Body2,-370371.8833501365,6058252.76560511,0,-16.99745520478141,2.401678821300435,0,1.611547785202757e-10,1.306350448842773e-15
466000,Body3,-3697190.45988353,-3395297.994850446,0,24.90708314894559,-42.53060975601252,0,1.611547785202757e-10,1.306350448842773e-15
467000,Body1,307339.6191774223,-5946252.304852276,0,16.49325044884555,-1.928674171895731,0,1.621160863572942e-10,1.524075523649901e-15
467000,Body2,-387368.1569498178,6060631.080783684,0,-16.99507045695903,2.354961070392353,0,1.621160863572942e-10,1.524075523649901e-15
467000,Body3,-3672146.222753271,-3437877.593151564,0,25.18200081134789,-42.62868984970386,0,1.621160863572942e-10,1.524075523649901e-15
468000,Body1,323830.233499858,-5948157.151074622,0,16.48795046611432,-1.881026847942989,0,1.630995365089542e-10,1.088625374035644e-15
468000,Body2,-404361.9812769261,6062962.706853325,0,-16.99255673484198,2.308300647421273,0,1.630995365089542e-10,1.088625374035644e-15
468000,Body3,-3646825.222286005,-3480555.577881435,0,25.46062687276249,-42.72737994787006,0,1.630995365089542e-10,1.088625374035644e-15
469000,Body1,340315.4645669534,-5950014.375765595,0,16.48248383753832,-1.833431181901143,0,1.641061833711909e-10,2.177250748071287e-16
469000,Body2,-421353.2275826852,6065247.701273364,0,-16.98991448941189,2.26169781463605,0,1.641061833711909e-10,2.177250748071287e-16
469000,Body3,-3621223.698419605,-3523332.550788186,0,25.74306518735547,-42.82666327353203,0,1.641061833711909e-10,2.177250748071287e-16
470000,Body1,356795.1454255502,-5951824.030803581,0,16.47684994295434,-1.785887617018501,0,1.651352738040506e-10,6.531752244213863e-16
470000,Body2,-438341.7675691298,6067486.12176381,0,-16.9871441713029,2.215152831168864,0,1.651352738040506e-10,6.531752244213863e-16
470000,Body3,-3595337.785634815,-3566209.09603393,0,26.0294228348559,-42.92652141507759,0,1.651352738040506e-10,6.531752244213863e-16
471000,Body1,373269.1084855176,-5953586.168517266,0,16.47104812837403,-1.738396610810204,0,1.661846990156626e-10,4.354501496142575e-16
471000,Body2,-455327.4733887452,6069678.026302245,0,-16.98424623078184,2.168665953046876,0,1.661846990156626e-10,4.354501496142575e-16
471000,Body3,-3569163.509669981,-3609185.778509398,0,26.31981024078201,-43.02693422370839,0,1.661846990156626e-10,4.354501496142575e-16
472000,Body1,389737.185485296,-5955300.84170044,0,16.46507770471175,-1.69095863616527,0,1.672597309857035e-10,4.354501496142575e-16
472000,Body2,-472310.217644093,6071823.473120752,0,-16.98122111772889,2.122237433204026,0,1.672597309857035e-10,4.354501496142575e-16
472000,Body3,-3542696.784113057,-3652263.142042598,0,26.6143413017186,-43.12787970391676,0,1.672597309857035e-10,4.354501496142575e-16
473000,Body1,406199.2074561423,-5956968.103627957,0,16.45893794646004,-1.643574182528601,0,1.683635329019793e-10,6.531752244213863e-16
473000,Body2,-489289.8733874126,6073922.520702778,0,-16.97806928161847,2.07586752149299,0,1.683635329019793e-10,6.531752244213863e-16
473000,Body3,-3515933.406865716,-3695441.707494263,0,26.91313351584933,-43.22933389648036,0,1.683635329019793e-10,6.531752244213863e-16
474000,Body1,422655.0046850227,-5958588.008072914,0,16.4526280903108,-1.59624375716351,0,1.694930922046747e-10,1.524075523649901e-15
474000,Body2,-506266.314120208,6075975.227780113,0,-16.9747911715002,2.029556464697296,0,1.694930922046747e-10,1.524075523649901e-15
474000,Body3,-3488869.05647422,-3738721.970732284,0,27.21630811895164,-43.33127075341996,0,1.694930922046747e-10,1.524075523649901e-15
475000,Body1,439104.4066760991,-5960160.60932514,0,16.44614733371996,-1.548967886500733,0,1.706475051258451e-10,1.524075523649901e-15
475000,Body2,-523239.4137928119,6077981.653329785,0,-16.97138723598056,1.983304506543554,0,1.706475051258451e-10,1.524075523649901e-15
475000,Body3,-3461499.288321473,-3782104.400476885,0,27.5239902260673,-43.4336620043234,0,1.706475051258451e-10,1.524075523649901e-15
476000,Body1,455547.2421107522,-5961685.962211078,0,16.4394948334138,-1.501747117580367,0,1.718291817133428e-10,8.70900299228515e-16
476000,Body2,-540209.0468039347,6079941.856571031,0,-16.96785792320437,1.937111887713844,0,1.718291817133428e-10,8.70900299228515e-16
476000,Body3,-3433819.530674471,-3825589.436007499,0,27.83630897906411,-43.5364770133891,0,1.718291817133428e-10,8.70900299228515e-16
477000,Body1,471983.3388060778,-5963164.122115155,0,16.43266970383404,-1.45458201959371,0,1.730430926908628e-10,1.74180059845703e-15
477000,Body2,-557175.0880001934,6081855.89696225,0,-16.96420368083706,1.890978845858232,0,1.730430926908628e-10,1.74180059845703e-15
477000,Body3,-3405825.080581161,-3869177.484721783,0,28.15339770030894,-43.63968262649367,0,1.730430926908628e-10,1.74180059845703e-15
478000,Body1,488412.5236718009,-5964595.145002747,0,16.42567101552009,-1.407473185532528,0,1.74289840570368e-10,4.136776421335446e-15
478000,Body2,-574137.4126756231,6083723.83419799,0,-16.96042495604672,1.844905615607402,0,1.74289840570368e-10,4.136776421335446e-15
478000,Body3,-3377511.09961048,-3912868.919536378,0,28.4753940526722,-43.74324300752902,0,1.74289840570368e-10,4.136776421335446e-15
479000,Body1,504834.6226655352,-5965979.087444845,0,16.41849779342616,-1.360421233953879,0,1.75565960908071e-10,5.443126870178218e-15
479000,Body2,-591095.8965711714,6085545.728205912,0,-16.9565221954869,1.798892428585429,0,1.75565960908071e-10,5.443126870178218e-15
479000,Body3,-3348872.60942913,-3956664.076118337,0,28.80244020608638,-43.84711946319631,0,1.75565960908071e-10,5.443126870178218e-15
480000,Body1,521249.4607463308,-5967316.00664457,0,16.41114901517083,-1.313426810869295,0,1.76872658727898e-10,5.878577019792476e-15
480000,Body2,-608050.4158741741,6087321.639143808,0,-16.95249584527953,1.75293951342264,0,1.76872658727898e-10,5.878577019792476e-15
480000,Body3,-3319904.487208412,-4000563.249935186,0,29.13468301087963,-43.95127025537585,0,1.76872658727898e-10,5.878577019792476e-15
481000,Body1,537656.8618264318,-5968605.960465615,0,16.40362360921723,-1.266490591767802,0,1.782136997296178e-10,7.184927468635249e-15
481000,Body2,-625000.8472178172,6089051.627396609,0,-16.94834635099813,1.707047095768612,0,1.782136997296178e-10,7.184927468635249e-15
481000,Body3,-3290601.460854269,-4044566.693110749,0,29.47227417810274,-44.05565040012237,0,1.782136997296178e-10,7.184927468635249e-15
482000,Body1,554056.6487211848,-5969849.007462801,0,16.39592045298093,-1.219613283783123,0,1.795857700974338e-10,6.749477319020991e-15
482000,Body2,-641947.0676805783,6090735.753573417,0,-16.94407415765145,1.661215398305273,0,1.795857700974338e-10,6.749477319020991e-15
482000,Body3,-3260958.104053393,-4088674.611072874,0,29.81537046706439,-44.16021145225645,0,1.795857700974338e-10,6.749477319020991e-15
483000,Body1,570448.6430970102,-5971045.206914858,0,16.38803837086477,-1.172795628016136,0,1.809962506028932e-10,6.96720239382812e-15
483000,Body2,-658888.9547856561,6092374.07850453,0,-16.93967970966746,1.615444640760096,0,1.809962506028932e-10,6.96720239382812e-15
483000,Body3,-3230968.831128137,-4132887.158978081,0,30.16413388028137,-44.2649012744375,0,1.809962506028932e-10,6.96720239382812e-15
484000,Body1,586832.6654173777,-5972194.618859638,0,16.37997613221724,-1.126038402024675,0,1.824409236622546e-10,6.749477319020991e-15
484000,Body2,-675826.386500379,6093966.663238503,0,-16.93516345087753,1.569735039919408,0,1.824409236622546e-10,6.749477319020991e-15
484000,Body3,-3200627.891692652,-4177204.437897006,0,30.5187318660414,-44.36966378951476,0,1.824409236622546e-10,6.749477319020991e-15
485000,Body1,603208.5348867002,-5973297.304131885,0,16.37173244921372,-1.07934242249369,0,1.839264169071115e-10,7.838102693056634e-15
485000,Body2,-692759.2412356022,6095513.569039211,0,-16.93052582450123,1.524086809641773,0,1.839264169071115e-10,7.838102693056634e-15
485000,Body3,-3169929.365102599,-4221626.490743333,0,30.87933752876259,-44.47443871484975,0,1.839264169071115e-10,7.838102693056634e-15
486000,Body1,619576.069392066,-5974353.324403769,0,16.36330597465809,-1.032708548099924,0,1.854504709176025e-10,8.49127791747802e-15
486000,Body2,-709687.397845088,6097014.857382936,0,-16.92576727313113,1.4785001608715,0,1.854504709176025e-10,8.49127791747802e-15
486000,Body3,-3138867.154690532,-4266153.297927404,0,31.24612984731611,-44.57916127719885,0,1.854504709176025e-10,8.49127791747802e-15
487000,Body1,635935.085442735,-5975362.742228412,0,16.35469529970397,-0.9861376825863697,0,1.870167007655057e-10,1.045080359074218e-14
487000,Body2,-726610.7356248728,6098470.589955444,0,-16.92088823871844,1.43297530165221,0,1.870167007655057e-10,1.045080359074218e-14
487000,Body3,-3107434.981778899,-4310784.772714413,0,31.61929390145663,-44.68376190662493,0,1.870167007655057e-10,1.045080359074218e-14
488000,Body1,652285.3981073165,-5976325.621086565,0,16.34589895149384,-0.939630778063109,0,1.886217926350246e-10,1.045080359074218e-14
488000,Body2,-743529.134312617,6099880.828649109,0,-16.9158891625585,1.387512437140505,0,1.886217926350246e-10,1.045080359074218e-14
488000,Body3,-3075626.379462533,-4355520.7562653,0,31.99902110647726,-44.7881659077803,0,1.886217926350246e-10,1.045080359074218e-14
489000,Body1,668626.8209485402,-5977242.025436761,0,16.33691539071556,-0.8931888385524647,0,1.902663490381221e-10,9.797628366320793e-15
489000,Body2,-760442.4740869426,6101245.635560011,0,-16.91077048527721,1.342111769619717,0,1.902663490381221e-10,9.797628366320793e-15
489000,Body3,-3043434.686152318,-4400361.012336879,0,32.38550945617193,-44.89229310676567,0,1.902663490381221e-10,9.797628366320793e-15
490000,Body1,684959.1659555495,-5978112.020769065,0,16.32774300907597,-0.8468129237979635,0,1.919563950944285e-10,9.579903291513665e-15
490000,Body2,-777350.6355667576,6102565.072985102,0,-16.9055326468174,1.296773498513743,0,1.919563950944285e-10,9.579903291513665e-15
490000,Body3,-3010853.038871739,-4445305.221615816,0,32.77896377414632,-44.99605747161827,0,1.919563950944285e-10,9.579903291513665e-15
491000,Body1,701282.2434736193,-5978935.673662851,0,16.31838012669123,-0.800504153358166,0,1.93693738339833e-10,1.110397881516357e-14
491000,Body2,-794253.4998105647,6103839.203419319,0,-16.90017608642588,1.251497820400959,0,1.93693738339833e-10,1.110397881516357e-14
491000,Body3,-2977874.366297928,-4490352.975659044,0,33.17959597346686,-45.09936670431981,0,1.93693738339833e-10,1.110397881516357e-14
492000,Body1,717595.8621312268,-5979713.051848769,0,16.30882498939501,-0.7542637110082447,0,1.954731067946591e-10,1.001535344112792e-14
492000,Body2,-811150.9483157618,6105068.089552754,0,-16.89470124264074,1.206284929028221,0,1.954731067946591e-10,1.001535344112792e-14
492000,Body3,-2944491.381538936,-4535503.770410987,0,33.58762532457923,-45.20212180203799,0,1.954731067946591e-10,1.001535344112792e-14
493000,Body1,733899.8287643899,-5980444.224275324,0,16.29907576596595,-0.7080928494740837,0,1.973014293464816e-10,1.001535344112792e-14
493000,Body2,-828042.8630179244,6106251.794267854,0,-16.88910855327941,1.161135015324927,0,1.973014293464816e-10,1.001535344112792e-14
493000,Body3,-2910696.574638998,-4580756.999265612,0,34.00327873135221,-45.30421658512456,0,1.973014293464816e-10,1.001535344112792e-14
494000,Body1,750193.9483381927,-5981129.261180324,0,16.28913054527647,-0.6619928955257629,0,1.991785553673096e-10,1.066852866554931e-14
494000,Body2,-844929.1262900798,6107390.380636585,0,-16.88339845542664,1.116048267417184,0,1.991785553673096e-10,1.066852866554931e-14
494000,Body3,-2876482.204803783,-4626111.945638793,0,34.4267910150179,-45.4055371891823,0,1.991785553673096e-10,1.066852866554931e-14
495000,Body1,766478.0238654229,-5981768.23416764,0,16.27898733336652,-0.6159652554595413,0,2.011013216693374e-10,9.144453141899407e-15
495000,Body2,-861809.6209419684,6108483.911917645,0,-16.8775713854233,1.071024870642048,0,2.011013216693374e-10,9.144453141899407e-15
495000,Body3,-2841840.2923379,-4671567.775013501,0,34.8584052056771,-45.50596151829053,0,2.011013216693374e-10,9.144453141899407e-15
496000,Body1,782751.8563222456,-5982361.216289631,0,16.26864405044659,-0.5700114209998945,0,2.030748496042507e-10,8.49127791747802e-15
496000,Body2,-878684.2302192978,6109532.451553677,0,-16.87162777885577,1.026065007561836,0,2.030748496042507e-10,8.49127791747802e-15
496000,Body3,-2806762.610287284,-4717123.526417562,0,35.29837284091771,-45.60535865623392,0,2.030748496042507e-10,8.49127791747802e-15
497000,Body1,799015.2445608486,-5982908.282135735,0,16.25809852783592,-0.5241329756557956,0,2.051021517318647e-10,9.362178216706535e-15
497000,Body2,-895552.8378029778,6110536.063168508,0,-16.86556807054546,0.9811688579785561,0,2.051021517318647e-10,9.362178216706535e-15
497000,Body3,-2771240.675779652,-4762778.103290194,0,35.74695427095123,-45.70358823231548,0,2.051021517318647e-10,9.362178216706535e-15
498000,Body1,815267.9852189976,-5983409.50792761,0,16.24734850484383,-0.4783316015683016,0,2.071770523045582e-10,8.055827767863764e-15
498000,Body2,-912415.3278083536,6111494.810564383,0,-16.8593926945389,0.9363365989483945,0,2.071770523045582e-10,8.055827767863764e-15
498000,Body3,-2735265.741056885,-4808530.26369013,0,36.20441896950668,-45.80049973804874,0,2.071770523045582e-10,8.055827767863764e-15
499000,Body1,831509.8726264423,-5983864.971621442,0,16.23639162560343,-0.432609086889545,0,2.093055764419617e-10,7.402652543442377e-15
499000,Body2,-929271.5847844271,6112408.757719258,0,-16.85310208409871,0.8915684047963339,0,2.093055764419617e-10,7.402652543442377e-15
499000,Body3,-2698828.784194011,-4854378.609794183,0,36.67104584952521,-45.89593179071844,0,2.093055764419617e-10,7.402652543442377e-15
500000,Body1,847740.6987081461,-5984274.753017844,0,16.22522543586985,-0.3869673337365988,0,2.114860672361767e-10,7.184927468635249e-15
500000,Body2,-946121.4937130649,6113277.96878403,0,-16.84669667169455,0.8468644471308561,0,2.114860672361767e-10,7.184927468635249e-15
500000,Body3,-2661920.499500584,-4900321.576631108,0,37.14712358247105,-45.98971133946509,0,2.114860672361767e-10,7.184927468635249e-15
501000,Body1,863960.2528842962,-5984638.933880087,0,16.21384737979701,-0.3414083667672186,0,2.13718675315194e-10,6.531752244213862e-15
501000,Body2,-962964.9400082055,6114102.508079867,0,-16.84017688899512,0.8022248948587607,0,2.13718675315194e-10,6.531752244213862e-15
501000,Body3,-2624531.287601533,-4946357.419990737,0,37.6329509198082,-46.08165280919343,0,2.13718675315194e-10,6.531752244213862e-15
502000,Body1,880168.3219670876,-5984957.598061182,0,16.20225479671142,-0.2959343424283069,0,2.160023462830783e-10,5.660851944985347e-15
502000,Body2,-979801.8095150504,6114882.440095495,0,-16.83354316686032,0.7576499142001165,0,2.160023462830783e-10,5.660851944985347e-15
502000,Body3,-2586651.245196181,-4992484.203443923,0,38.12883701488278,-46.17155717722012,0,2.160023462830783e-10,5.660851944985347e-15
503000,Body1,896364.6900542902,-5985230.831640622,0,16.19044491790331,-0.2505475589320679,0,2.183402433276356e-10,5.878577019792476e-15
503000,Body2,-996631.9885092551,6115617.829484523,0,-16.8267959353343,0.7131396687033461,0,2.183402433276356e-10,5.878577019792476e-15
503000,Body3,-2548270.15449603,-5038699.784403194,0,38.6351017430904,-46.25921097716692,0,2.183402433276356e-10,5.878577019792476e-15
504000,Body1,912549.1384196251,-5985458.723071428,0,16.17841486346097,-0.2052504670191956,0,2.207281488651246e-10,6.096302094599605e-15
504000,Body2,-1013455.363696107,6116308.741062781,0,-16.81993562363896,0.6686943192604539,0,2.207281488651246e-10,6.096302094599605e-15
504000,Body3,-2509377.472344277,-5085001.799148493,0,39.15207601779079,-46.34438522416492,0,2.207281488651246e-10,6.096302094599605e-15
505000,Body1,928721.445400008,-5985641.363338443,0,16.16616163917857,-0.160045681573134,0,2.231666654075083e-10,6.531752244213862e-15
505000,Body2,-1030271.822209705,6116955.239805665,0,-16.81296266016816,0.6243140241224316,0,2.231666654075083e-10,6.531752244213862e-15
505000,Body3,-2469962.31902279,-5131387.646736106,0,39.68010209894718,-46.42683425496884,0,2.231666654075083e-10,6.531752244213862e-15
506000,Body1,944881.3862797524,-5985778.846128632,0,16.15368213357324,-0.1149359941544045,0,2.256517259990363e-10,6.749477319020991e-15
506000,Body2,-1047081.251612122,6117557.39084552,0,-16.80587747248247,0.5799989389148411,0,2.256517259990363e-10,6.749477319020991e-15
506000,Body3,-2430013.466755551,-5177854.471702313,0,40.21953389090671,-46.50629447608273,0,2.256517259990363e-10,6.749477319020991e-15
507000,Body1,961028.7331718642,-5985871.268014465,0,16.14097311505368,-0.06992438652924926,0,2.281807699638656e-10,6.314027169406733e-15
507000,Body2,-1063883.539892576,6118115.259468994,0,-16.7986804873047,0.5357492166536096,0,2.281807699638656e-10,6.314027169406733e-15
507000,Body3,-2389519.327921462,-5224399.145466103,0,40.77073722509015,-46.58248301247505,0,2.281807699638656e-10,6.314027169406733e-15
508000,Body1,977163.2548965984,-5985918.728651324,0,16.12803122929013,-0.02501404527236121,0,2.307568098618115e-10,8.273552842670892e-15
508000,Body2,-1080678.575466584,6118628.91111446,0,-16.79137213051628,0.4915650077610533,0,2.307568098618115e-10,8.273552842670892e-15
508000,Body3,-2348467.942994062,-5271018.246327626,0,41.33409012260849,-46.65509624890812,0,2.307568098618115e-10,8.273552842670892e-15
509000,Body1,993284.7168575088,-5985921.330990059,0,16.11485299684427,0.01979162247076616,0,2.333659879177242e-10,7.838102693056634e-15
509000,Body2,-1097466.247175125,6119098.411369426,0,-16.78395282715395,0.4474464600821664,0,2.333659879177242e-10,7.838102693056634e-15
509000,Body3,-2306846.96823106,-5317708.03795068,0,41.90998303096045,-46.72380825533222,0,2.333659879177242e-10,7.838102693056634e-15
510000,Body1,1009392.880915294,-5985879.181506013,0,16.10143481112793,0.06448897197035978,0,2.360108648074466e-10,8.055827767863764e-15
510000,Body2,-1114246.444283792,6119523.825967962,0,-16.77642300140764,0.4033937189012011,0,2.360108648074466e-10,8.055827767863764e-15
510000,Body3,-2264643.663142943,-5364464.446208904,0,42.49881902796637,-46.78826908719499,0,2.360108648074466e-10,8.055827767863764e-15
511000,Body1,1025487.505259785,-5985792.390445622,0,16.08777293676949,0.1090741025501179,0,2.386805953156441e-10,6.96720239382812e-15
511000,Body2,-1131019.05648194,6119905.220788137,0,-16.76878307661899,0.3594069269585747,0,2.386805953156441e-10,6.96720239382812e-15
511000,Body3,-2221844.87777729,-5411283.034265665,0,43.10101398494608,-46.84810295090805,0,2.386805953156441e-10,6.96720239382812e-15
512000,Body1,1041568.344280559,-5985661.072092185,0,16.07386350848231,0.1535428377723322,0,2.413727693944646e-10,6.314027169406733e-15
512000,Body2,-1147783.973881846,6120242.661849515,0,-16.76103347528065,0.3154862244681503,0,2.413727693944646e-10,6.314027169406733e-15
512000,Body3,-2178437.039864127,-5458158.975747696,0,43.71699667982689,-46.90290622408697,0,2.413727693944646e-10,6.314027169406733e-15
513000,Body1,1057635.1484367,-5985485.345052137,0,16.05970253054288,0.1978907040603212,0,2.440732280127767e-10,4.572226570949704e-15
513000,Body2,-1164541.087017849,6120536.215310609,0,-16.75317461903647,0.2716317491349323,0,2.440732280127767e-10,4.572226570949704e-15
513000,Body3,-2134406.141877643,-5505087.025861799,0,44.34720884934976,-46.95224531956415,0,2.440732280127767e-10,4.572226570949704e-15
514000,Body1,1073687.664126405,-5985265.332563612,0,16.04528587700473,0.2421129076420658,0,2.46781669914599e-10,5.22540179537109e-15
514000,Body2,-1181290.286845516,6120785.947466391,0,-16.74520692868278,0.2278436361732337,0,2.46781669914599e-10,5.22540179537109e-15
514000,Body3,-2089737.728081303,-5552061.490292642,0,44.99210516779875,-46.99565438156875,0,2.46781669914599e-10,5.22540179537109e-15
515000,Body1,1089725.63355723,-5985001.162828876,0,16.03060929279344,0.2862043096931947,0,2.494785134611329e-10,4.789951645756833e-15
515000,Body2,-1198031.464740784,6120991.924745805,0,-16.73713082417034,0.1841220183253648,0,2.494785134611329e-10,4.789951645756833e-15
515000,Body3,-2044416.881636977,-5599076.191707772,0,45.65215313768257,-47.03263280189476,0,2.494785134611329e-10,4.789951645756833e-15
516000,Body1,1105748.794617936,-5984692.96937263,0,16.01566839585233,0.3301593995522841,0,2.521539678329792e-10,5.22540179537109e-15
516000,Body2,-1214764.512499116,6121154.213709314,0,-16.72894672460748,0.1404670258809189,0,2.521539678329792e-10,5.22540179537109e-15
516000,Body3,-1998428.211874304,-5646124.433683492,0,46.32783287550784,-47.06264254335913,0,2.521539678329792e-10,5.22540179537109e-15
517000,Body1,1121756.880753092,-5984340.891428081,0,16.00045868053238,0.3739722658770595,0,2.547893551592838e-10,5.443126870178218e-15
517000,Body2,-1231489.322334666,6121272.881046453,0,-16.72065504826422,0.09687878669672409,0,2.547893551592838e-10,5.443126870178218e-15
517000,Body3,-1951755.841834746,-5693198.961852429,0,47.01963677317548,-47.08510525741723,0,2.547893551592838e-10,5.443126870178218e-15
518000,Body1,1137749.620841778,-5983945.074352955,0,15.9849755224519,0.4176365656069034,0,2.573631356373684e-10,4.572226570949704e-15
518000,Body2,-1248205.786879444,6121347.993573403,0,-16.71225621257742,0.05335742621753874,0,2.573631356373684e-10,4.572226570949704e-15
518000,Body3,-1904383.396225648,-5740291.922060169,0,47.72806901254489,-47.09939918248305,0,2.573631356373684e-10,4.572226570949704e-15
519000,Body1,1153726.739081993,-5983505.670077704,0,15.96921418508402,0.461145490595534,0,2.598567820243696e-10,4.354501496142575e-15
519000,Body2,-1264913.799182478,6121379.618230596,0,-16.70375063415731,0.009903067497589025,0,2.598567820243696e-10,4.354501496142575e-15
519000,Body3,-1856293.989943775,-5787394.815304903,0,48.45364490732048,-47.10485580935113,0,2.598567820243696e-10,4.354501496142575e-15
520000,Body1,1169687.954882629,-5983022.837588289,0,15.95316982836919,0.5044917317783408,0,2.622446875618585e-10,5.007676720563961e-15
520000,Body2,-1281613.252708999,6121367.822080337,0,-16.69513872879482,-0.03348416877695475,0,2.622446875618585e-10,5.007676720563961e-15
520000,Body3,-1807470.21735549,-5834498.449220399,0,49.19689004255388,-47.10075630017745,0,2.622446875618585e-10,5.007676720563961e-15
521000,Body1,1185632.982765222,-5982496.743446092,0,15.93683751969358,0.5476674407424282,0,2.644949191157946e-10,5.007676720563961e-15
521000,Body2,-1298304.041339621,6121312.672304421,0,-16.68642091147052,-0.07680416426444837,0,2.644949191157946e-10,5.007676720563961e-15
521000,Body3,-1757894.142552634,-5881592.885849203,0,49.9583391776845,-47.08632764783673,0,2.644949191157946e-10,5.007676720563961e-15
522000,Body1,1201561.532278009,-5981927.562347611,0,15.92021224762358,0.5906641885746828,0,2.665686146645621e-10,3.265876122106931e-15
522000,Body2,-1314986.059369538,6121214.236201853,0,-16.67759759636465,-0.1200568029430644,0,2.665686146645621e-10,3.265876122106931e-15
522000,Body3,-1707547.290839633,-5928667.385440191,0,50.73853487409798,-47.06073856320051,0,2.665686146645621e-10,3.265876122106931e-15
523000,Body1,1217473.307925297,-5981315.477726733,0,15.90328893884249,0.6334729218752972,0,2.684347448420648e-10,3.919051346528317e-15
523000,Body2,-1331659.201507731,6121072.581186491,0,-16.66866919686871,-0.163241971084765,0,2.684347448420648e-10,3.919051346528317e-15
523000,Body3,-1656410.64174911,-5975710.345992565,0,51.53802580261351,-47.02309507909189,0,2.684347448420648e-10,3.919051346528317e-15
524000,Body1,1233368.009115565,-5980660.68240238,0,15.88606247879753,0.6760839158423594,0,2.70042096131445e-10,4.572226570949704e-15
524000,Body2,-1348323.362876182,6120887.774784788,0,-16.65963612559825,-0.2063595572278,0,2.70042096131445e-10,4.572226570949704e-15
524000,Body3,-1604464.623930948,-6022709.238258145,0,52.35736468006039,-46.9724358614946,0,2.70042096131445e-10,4.572226570949704e-15
525000,Body1,1249245.330132318,-5979963.379274664,0,15.86852773663592,0.718486724358952,0,2.713353880600945e-10,3.701326271721188e-15
525000,Body2,-1364978.439009104,6120659.884633546,0,-16.65049879440722,-0.2494094521475617,0,2.713353880600945e-10,3.701326271721188e-15
525000,Body3,-1551689.112314021,-6069650.535905515,0,53.19710577712073,-46.90772722117768,0,2.713353880600945e-10,3.701326271721188e-15
526000,Body1,1265104.96013228,-5979223.782072405,0,15.85067959508558,0.7606701270495917,0,2.722569301075529e-10,3.919051346528317e-15
526000,Body2,-1381624.325852195,6120388.978477672,0,-16.64125761440415,-0.2923915488256054,0,2.722569301075529e-10,3.919051346528317e-15
526000,Body3,-1498063.428001417,-6116519.640544437,0,54.05780193184788,-46.82785782243729,0,2.722569301075529e-10,3.919051346528317e-15
527000,Body1,1280946.583176262,-5978442.116155117,0,15.83251298602245,0.802622073319986,0,2.727335170703117e-10,3.265876122106931e-15
527000,Body2,-1398260.919761891,6120075.124168016,0,-16.63191299596948,-0.3353057424166238,0,2.727335170703117e-10,3.265876122106931e-15
527000,Body3,-1443566.341429847,-6163300.801307952,0,54.94000099469298,-46.73163309037496,0,2.727335170703117e-10,3.265876122106931e-15
528000,Body1,1296769.878298754,-5977618.619372438,0,15.81402293256026,0.8443296234557328,0,2.726899855809826e-10,3.701326271721188e-15
528000,Body2,-1414888.117504655,6119718.389659196,0,-16.62246534877499,-0.3781519302131537,0,2.726899855809826e-10,3.701326271721188e-15
528000,Body3,-1388176.079402664,-6209977.028693861,0,55.84424162145987,-46.61776932429672,0,2.726899855809826e-10,3.701326271721188e-15
529000,Body1,1312574.519623294,-5976753.542983871,0,15.79520459860073,0.8857788869348615,0,2.720306868654341e-10,4.354501496142575e-15
529000,Body2,-1431505.816256276,6119318.843007477,0,-16.61291508180468,-0.42093001160775,0,2.720306868654341e-10,4.354501496142575e-15
529000,Body3,-1331870.336694621,-6256530.002378746,0,56.77104832037988,-46.48488753274993,0,2.720306868654341e-10,4.354501496142575e-15
530000,Body1,1328360.176531522,-5975847.152641519,0,15.77605334689243,0.92695495820985,0,2.706543989138769e-10,5.660851944985347e-15
530000,Body2,-1448113.913601193,6118876.552368714,0,-16.60326260337761,-0.4636398880523612,0,2.706543989138769e-10,5.660851944985347e-15
530000,Body3,-1274626.293025655,-6302939.97273805,0,57.72092564850386,-46.33150701578747,0,2.706543989138769e-10,5.660851944985347e-15
531000,Body1,1344126.513895029,-5974899.729438093,0,15.75656480676302,0.9678418503410969,0,2.684362511219724e-10,5.22540179537109e-15
531000,Body2,-1464712.307531839,6118391.585996282,0,-16.5935083211726,-0.506281463014591,0,2.684362511219724e-10,5.22540179537109e-15
531000,Body3,-1216420.636311677,-6349185.655837334,0,58.69435144094673,-46.15603873268915,0,2.684362511219724e-10,5.22540179537109e-15
532000,Body1,1359873.19238032,-5973911.571022232,0,15.7367349528109,1.00842242702106,0,2.652454983937424e-10,4.136776421335446e-15
532000,Body2,-1481300.89644802,6117864.012239109,0,-16.58365264225479,-0.5488546419305231,0,2.652454983937424e-10,4.136776421335446e-15
532000,Body3,-1157229.593222739,-6395244.121705723,0,59.69176894438201,-45.95677850909243,0,2.652454983937424e-10,4.136776421335446e-15
533000,Body1,1375599.868838521,-5972882.992782244,0,15.71656019596568,1.048678333721699,0,2.609340734142719e-10,5.22540179537109e-15
533000,Body2,-1497879.57915631,6117293.899539727,0,-16.57369597310417,-0.591359332153742,0,2.609340734142719e-10,5.22540179537109e-15
533000,Body3,-1097028.968213799,-6441090.675765816,0,60.71357771383975,-45.73190015683449,0,2.609340734142719e-10,5.22540179537109e-15
534000,Body1,1391306.196792961,-5971814.329098749,0,15.69603748844856,1.088589928934165,0,2.553266452023182e-10,6.314027169406733e-15
534000,Body2,-1514448.254869484,6116681.316432362,0,-16.56363871964582,-0.6337954429001676,0,2.553266452023182e-10,6.314027169406733e-15
534000,Body3,-1035794.192340333,-6486698.733379095,0,61.76012311971608,-45.47944860343847,0,2.553266452023182e-10,6.314027169406733e-15
535000,Body1,1406991.827039351,-5970705.934665554,0,15.67516444427706,1.128136216755526,0,2.482249873220436e-10,5.878577019792476e-15
535000,Body2,-1531006.823205978,6116026.331541141,0,-16.55348128728254,-0.6761628851882681,0,2.482249873220436e-10,5.878577019792476e-15
535000,Body3,-973500.3833299079,-6532039.687576549,0,62.83168430054054,-45.19733315676436,0,2.482249873220436e-10,5.878577019792476e-15
536000,Body1,1422656.408374962,-5969558.185876594,0,15.65393947705678,1.167294782420168,0,2.39418069958396e-10,6.531752244213862e-15
536000,Body2,-1547555.184189384,6115329.013578285,0,-16.54322408092925,-0.7184615717742158,0,2.39418069958396e-10,6.531752244213862e-15
536000,Body3,-910122.4185503707,-6577082.770186574,0,63.92846038723972,-44.88332106463392,0,2.39418069958396e-10,6.531752244213862e-15
537000,Body1,1438299.588474988,-5968371.482275072,0,15.63236195687474,1.206041732780919,0,2.28658260694569e-10,6.314027169406733e-15
537000,Body2,-1564093.238247978,6114589.43134241,0,-16.53286750504911,-0.7606914170814854,0,2.28658260694569e-10,6.314027169406733e-15
537000,Body3,-845635.0226934219,-6621794.906751642,0,65.05055481743203,-44.53503156998215,0,2.28658260694569e-10,6.314027169406733e-15
538000,Body1,1453921.014936125,-5967146.248058614,0,15.61043238814118,1.244351644224183,0,2.1567683919505e-10,6.531752244213862e-15
538000,Body2,-1580620.886214293,6113807.653716931,0,-16.52241196369182,-0.8028523371243913,0,2.1567683919505e-10,6.531752244213862e-15
538000,Body3,-780012.8721758353,-6666140.565849209,0,66.19795755505609,-44.14993071001771,0,2.1567683919505e-10,6.531752244213862e-15
539000,Body1,1469520.336509238,-5965882.933631551,0,15.58815261020197,1.282197521060926,0,2.001686331505629e-10,5.007676720563961e-15
539000,Body2,-1597138.029324718,6112983.749668461,0,-16.5118578605333,-0.844944249425035,0,2.001686331505629e-10,5.007676720563961e-15
539000,Body3,-713230.7184445892,-6710081.603708008,0,67.37052503312724,-43.72532716362766,0,2.001686331505629e-10,5.007676720563961e-15
540000,Body1,1485097.204544722,-5964582.017192098,0,15.565526022439,1.319550768075905,0,1.818094911249964e-10,5.443126870178218e-15
540000,Body2,-1613644.569219149,6112117.788245396,0,-16.50120559891735,-0.8869670729230844,0,1.818094911249964e-10,5.443126870178218e-15
540000,Body3,-645263.5325499506,-6753577.105346464,0,68.56795764783031,-43.25836951532059,0,1.818094911249964e-10,5.443126870178218e-15
541000,Body1,1500651.274675882,-5963244.006338036,0,15.542557835366,1.356381181642557,0,1.602320314488912e-10,5.878577019792476e-15
541000,Body2,-1630140.407940679,6111209.838576507,0,-16.49045558189831,-0.9289207278778303,0,1.602320314488912e-10,5.878577019792476e-15
541000,Body3,-576086.6735128154,-6796583.223863672,0,69.78977465322383,-42.7460453765114,0,1.602320314488912e-10,5.878577019792476e-15
542000,Body1,1516182.208766874,-5961869.439669927,0,15.51925534887648,1.392656964617661,0,1.350394999945904e-10,5.878577019792476e-15
542000,Body2,-1646625.447935327,6110259.969869696,0,-16.47960821228497,-0.9708051357619318,0,1.350394999945904e-10,5.878577019792476e-15
542000,Body3,-505676.0831471442,-6839053.01999409,0,71.03528634084172,-42.18518288561153,0,1.350394999945904e-10,5.878577019792476e-15
543000,Body1,1531689.677152789,-5960458.888364997,0,15.49562825827211,1.42834477110787,0,1.058042638963315e-10,6.096302094599605e-15
543000,Body2,-1663099.59205182,6109268.251410841,0,-16.46866389268529,-1.01262021914628,0,1.058042638963315e-10,6.096302094599605e-15
543000,Body3,-434008.5100893056,-6880936.30460174,0,72.30356344130929,-41.57245519619759,0,1.058042638963315e-10,6.096302094599605e-15
544000,Body1,1547173.361199616,-5959012.957688474,0,15.47168898794886,1.463409788130126,0,7.207338478590487e-11,7.184927468635249e-15
544000,Body2,-1679562.743541407,6108234.752562751,0,-16.45762302555131,-1.054365901575433,0,7.207338478590487e-11,7.184927468635249e-15
544000,Body3,-361061.7658134993,-6922179.487445272,0,73.59340376023242,-40.90438865550772,0,7.207338478590487e-11,7.184927468635249e-15
545000,Body1,1562632.956211321,-5957532.288401471,0,15.44745305159373,1.49781586213657,0,3.335792420530947e-11,7.184927468635249e-15
545000,Body2,-1696014.806057731,6107159.542764243,0,-16.44648601322384,-1.096042107433116,0,3.335792420530947e-11,7.184927468635249e-15
545000,Body3,-286815.0153514725,-6962725.43629485,0,74.90329616299542,-40.17737547038384,0,3.335792420530947e-11,7.184927468635249e-15
546000,Body1,1578068.17470937,-5956017.558016323,0,15.42293943639609,1.53152567929251,0,-1.083934084294734e-11,7.620377618249506e-15
546000,Body2,-1712455.683656739,6106042.691529406,0,-16.43525325797633,-1.137648761797344,0,-1.083934084294734e-11,7.620377618249506e-15
546000,Body3,-211249.1052555952,-7002513.351325486,0,76.23138215800753,-39.38769174955507,0,-1.083934084294734e-11,7.620377618249506e-15
547000,Body1,1593478.75010683,-5954469.481840705,0,15.39817100705147,1.564501009211739,0,-6.103702253104587e-11,6.096302094599605e-15
547000,Body2,-1728885.280796638,6104884.268446955,0,-16.42392516205697,-1.179185790284824,0,-6.103702253104587e-11,6.096302094599605e-15
547000,Body3,-134346.9310118599,-7041478.660642179,0,77.57541550053256,-38.53152189272988,0,-6.103702253104587e-11,6.096302094599605e-15
548000,Body1,1608864.44079379,-5952888.813742022,0,15.37317492318626,1.596703022470632,0,-1.177425865598503e-10,5.007676720563961e-15
548000,Body2,-1745303.502337881,6103684.343179801,0,-16.41250212772827,-1.220653118884449,0,-1.177425865598503e-10,5.007676720563961e-15
548000,Body3,-56093.84558346387,-7079552.943795792,0,78.93272045419083,-37.60499035865679,0,-1.177425865598503e-10,5.007676720563961e-15
549000,Body1,1624225.034643308,-5951276.34655295,0,15.34798306122534,1.628092692514439,0,-1.814488877151214e-10,5.443126870178218e-15
549000,Body2,-1761710.253543212,6102442.985464756,0,-16.40098455730308,-1.262050673779827,0,-1.814488877151214e-10,5.443126870178218e-15
549000,Body3,23521.88999785119,-7116663.891198591,0,80.30014960775908,-36.6042018734998,0,-1.814488877151214e-10,5.443126870178218e-15
550000,Body1,1639560.353936569,-5949632.912028545,0,15.32263242865639,1.658631292378256,0,-2.526166970205883e-10,5.22540179537109e-15
550000,Body2,-1778105.440077723,6101160.265112412,0,-16.38937285317524,-1.303378381161065,0,-2.526166970205883e-10,5.22540179537109e-15
550000,Body3,104508.6141228208,-7152735.308405015,0,81.6740424518696,-35.52529112175753,0,-2.526166970205883e-10,5.22540179537109e-15
551000,Body1,1654870.260692179,-5947959.380255166,0,15.29716555513833,1.688280995781867,0,-3.316430698598894e-10,5.007676720563961e-15
551000,Body2,-1794488.968008952,6099836.252007267,0,-16.37766741784462,-1.344636167026279,0,-3.316430698598894e-10,5.007676720563961e-15
551000,Body3,186870.7316846015,-7187687.175228617,0,83.05018627061446,-34.36448287559752,0,-3.316430698598894e-10,5.007676720563961e-15
552000,Body1,1670154.662367074,-5946256.658402747,0,15.27163084104954,1.71700559040627,0,-4.188301659824857e-10,5.660851944985347e-15
552000,Body2,-1810860.743806995,6098471.016107991,0,-16.36586865393394,-1.385823956973655,0,-4.188301659824857e-10,5.660851944985347e-15
552000,Body3,270608.143999501,-7221435.770542933,0,84.42378128842053,-33.1181633433002,0,-4.188301659824857e-10,5.660851944985347e-15
553000,Body1,1685413.51787509,-5944525.688705524,0,15.24608284002564,1.744771308289397,0,-5.143599440012129e-10,5.443126870178218e-15
553000,Body2,-1827220.674344639,6097064.627447955,0,-16.35397696419588,-1.426941675985292,0,-5.143599440012129e-10,5.443126870178218e-15
553000,Body3,355715.6469622485,-7253893.87426137,0,85.78941241700399,-31.78296323044936,0,-5.143599440012129e-10,5.443126870178218e-15
554000,Body1,1700646.843843806,-5942767.445553254,0,15.22058244805295,1.771547774064455,0,-6.18243701015378e-10,5.007676720563961e-15
554000,Body2,-1843568.666897485,6095617.156135937,0,-16.34199275150934,-1.467989248204515,0,-6.18243701015378e-10,5.007676720563961e-15
554000,Body3,442182.3053754001,-7284971.0582862,0,87.14103034562255,-30.35585258603291,0,-6.18243701015378e-10,5.007676720563961e-15
555000,Body1,1715854.721000956,-5940982.931577126,0,15.19519696811977,1.797309066016942,0,-7.302830599611525e-10,6.314027169406733e-15
555000,Body2,-1859904.629144073,6094128.672357096,0,-16.32991641886201,-1.508966596708906,0,-7.302830599611525e-10,6.314027169406733e-15
555000,Body3,529990.8143191847,-7314574.078014989,0,88.47194507420166,-28.83424693084269,0,-7.302830599611525e-10,6.314027169406733e-15
556000,Body1,1731037.300549333,-5939173.172622973,0,15.17000001676172,1.82203487754677,0,-8.500410490373469e-10,5.22540179537109e-15
556000,Body2,-1876228.469165968,6092599.246374138,0,-16.31774836931752,-1.549873643281832,0,-8.500410490373469e-10,5.22540179537109e-15
556000,Body3,619116.8616707626,-7342607.375134361,0,89.77483525555644,-27.21612342653294,0,-8.500410490373469e-10,5.22540179537109e-15
557000,Body1,1746194.810354667,-5937339.211521382,0,15.14507123765447,1.845711757613288,0,-9.767728128296621e-10,5.660851944985347e-15
557000,Body2,-1892540.095447817,6091028.948528728,0,-16.30548900596598,-1.590710308185925,0,-9.767728128296621e-10,5.660851944985347e-15
557000,Body3,709528.5093222623,-7368973.70075202,0,91.0417768311318,-25.50014494277542,0,-9.767728128296621e-10,5.660851944985347e-15
558000,Body1,1761327.560736381,-5935482.100590645,0,15.1204957883806,1.868334398331623,0,-1.109411001395586e-09,5.878577019792476e-15
558000,Body2,-1908839.416877346,6089417.849243116,0,-16.29313873185487,-1.63147650994255,0,-1.109411001395586e-09,5.878577019792476e-15
558000,Body3,801185.6141036332,-7393574.865264829,0,92.2642943474081,-23.68578883894622,0,-1.109411001395586e-09,5.878577019792476e-15
559000,Body1,1776435.949618948,-5933602.89284602,0,15.09636357032269,1.889906926551408,0,-1.246529017034648e-09,6.096302094599605e-15
559000,Body2,-1925126.342745265,6087766.019021998,0,-16.28069794989941,-1.672172165121912,0,-1.246529017034648e-09,6.096302094599605e-15
559000,Body3,894039.3126388532,-7416312.617615425,0,93.4334379576555,-21.77347614298853,0,-1.246529017034648e-09,6.096302094599605e-15
560000,Body1,1791520.46677482,-5931702.631937769,0,15.07276817894454,1.910444144759061,0,-1.386323541441492e-09,5.22540179537109e-15
560000,Body2,-1941400.782745094,6086073.528454546,0,-16.26816706277094,-1.712797188149058,0,-1.386323541441492e-09,5.22540179537109e-15
560000,Body3,988031.5970344937,-7437089.651695086,0,94.53988838262231,-19.76469566103955,0,-1.386323541441492e-09,5.22540179537109e-15
561000,Body1,1806581.696872466,-5929782.340900407,0,15.04980556297161,1.929972656095926,0,-1.526625983433172e-09,4.354501496142575e-15
561000,Body2,-1957662.646972843,6084340.448216668,0,-16.25554647276225,-1.753351491131359,0,-1.526625983433172e-09,4.354501496142575e-15
561000,Body3,1083095.010044803,-7455810.731643456,0,95.57409097904807,-17.66211649649576,0,-1.526625983433172e-09,4.354501496142575e-15
562000,Body1,1821620.32103889,-5927843.009865164,0,15.02757239628185,1.948531800057211,0,-1.664923114983889e-09,4.572226570949704e-15
562000,Body2,-1973911.845926562,6082566.849073369,0,-16.24283658162991,-1.793834983713482,0,-1.664923114983889e-09,4.572226570949704e-15
562000,Body3,1179152.488774416,-7472383.92083746,0,96.52641853479125,-15.46968163441179,0,-1.664923114983889e-09,4.572226570949704e-15
563000,Body1,1836637.11665902,-5925885.582963848,0,15.0061641853114,1.9661743210946,0,-1.79842093749307e-09,5.443126870178218e-15
563000,Body2,-1990148.290505716,6080752.8018813,0,-16.23003779041348,-1.834247572965777,0,-1.79842093749307e-09,5.443126870178218e-15
563000,Body3,1276117.384676762,-7486721.891761221,0,97.3873605101919,-13.19267481292145,0,-1.79842093749307e-09,5.443126870178218e-15
564000,Body1,1851632.955167866,-5923910.944729763,0,14.98567315649387,1.98296669345875,0,-1.924129334716174e-09,4.789951645756833e-15
564000,Body2,-2006371.892010365,6078898.377591348,0,-16.21715049923336,-1.874589163311913,0,-1.924129334716174e-09,4.789951645756833e-15
564000,Body3,1373893.684257035,-7498743.286174793,0,98.14773427393608,-10.83775301472287,0,-1.924129334716174e-09,4.789951645756833e-15
565000,Body1,1866608.797647238,-5921919.906374831,0,14.96618599105833,1.998989033510367,0,-2.038955763374947e-09,5.22540179537109e-15
565000,Body2,-2022582.56214014,6077003.647251331,0,-16.20417510706938,-1.914859656501019,0,-2.038955763374947e-09,5.22540179537109e-15
565000,Body3,1472376.449297229,-7508374.087666235,0,98.79891160108967,-8.412937700974084,0,-2.038955763374947e-09,5.22540179537109e-15
566000,Body1,1881565.688117203,-5919913.192383776,0,14.9477814961732,2.014334546181638,0,-2.139864466943647e-09,6.096302094599605e-15
566000,Body2,-2038780.212992984,6075068.682008636,0,-16.19111201152258,-1.955058951628762,0,-2.139864466943647e-09,6.096302094599605e-15
566000,Body3,1571452.487585131,-7515548.962502376,0,99.33305153491905,-5.927559455327024,0,-2.139864466943647e-09,6.096302094599605e-15
567000,Body1,1896504.74451077,-5917891.427908519,0,14.93052831928274,2.029108475231403,0,-2.224013848376624e-09,5.878577019792476e-15
567000,Body2,-2054964.757063647,6073093.553112854,0,-16.17796160856491,-1.995186945210595,0,-2.224013848376624e-09,5.878577019792476e-15
567000,Body3,1671001.255294604,-7520212.52044982,0,99.74332892820043,-3.392153002120206,0,-2.224013848376624e-09,5.878577019792476e-15
568000,Body1,1911427.147433506,-5915855.127462222,0,14.91448282380071,2.043426556308804,0,-2.288905591819162e-09,6.096302094599605e-15
568000,Body2,-2071136.107241927,6071078.331918309,0,-16.16472429228148,-2.035243531308932,0,-2.288905591819162e-09,6.096302094599605e-15
568000,Body3,1770895.980848912,-7522320.445624386,0,100.024146848065,-0.8183025000266795,0,-2.288905591819162e-09,6.096302094599605e-15
569000,Body1,1926334.126929916,-5913804.685396716,0,14.89968724671425,2.057413005410333,0,-2.332537700646094e-09,7.184927468635249e-15
569000,Body2,-2087294.176810659,6069023.089886393,0,-16.15140045461049,-2.075228601714247,0,-2.332537700646094e-09,7.184927468635249e-15
569000,Body3,1871004.988081013,-7521840.44898423,0,100.171320789607,1.781559630351296,0,-2.332537700646094e-09,7.184927468635249e-15
570000,Body1,1941226.94759586,-5911740.368597182,0,14.88616825055794,2.071198109905743,0,-2.353523794830483e-09,8.49127791747802e-15
570000,Body2,-2103438.879443434,6066927.89858778,0,-16.13799048508683,-2.115142046178255,0,-2.353523794830483e-09,8.49127791747802e-15
570000,Body3,1971193.184763824,-7518752.999076575,0,100.1822234528716,4.394393627210803,0,-2.353523794830483e-09,8.49127791747802e-15
571000,Body1,1956106.892480182,-5909662.311744475,0,14.87393596332697,2.084915521139889,0,-2.351185144645972e-09,1.023307851593505e-14
571000,Body2,-2119570.129202072,6064792.82970428,0,-16.12449477059625,-2.154983752695368,0,-2.351185144645972e-09,1.023307851593505e-14
571000,Body3,2071323.672195105,-7513051.795996799,0,100.0558807269045,7.006823155508108,0,-2.351185144645972e-09,1.023307851593505e-14
572000,Body1,1970975.246298713,-5907570.515383095,0,14.86298357136475,2.098699372861513,0,-2.325591340224291e-09,9.579903291513665e-15
572000,Body2,-2135687.840533856,6062617.955030443,0,-16.11091369514482,-2.194753607826782,0,-2.325591340224291e-09,9.579903291513665e-15
572000,Body3,2171259.423520423,-7504743.964751811,0,99.79301237798191,9.605423496486612,0,-2.325591340224291e-09,9.579903291513665e-15
573000,Body1,1985833.278531516,-5905464.846899934,0,14.85328749466842,2.112681365142536,0,-2.277550199479877e-09,8.926728067092278e-15
573000,Body2,-2151791.928268552,6060403.346474848,0,-16.09724763965053,-2.234451497059939,0,-2.277550199479877e-09,8.926728067092278e-15
573000,Body3,2270864.973709514,-7493849.957508749,0,99.39601449818618,12.17701319170061,0,-2.277550199479877e-09,8.926728067092278e-15
574000,Body1,2000682.226984333,-5903345.044376556,0,14.84480813511004,2.126987956957426,0,-2.208563483480589e-09,9.144453141899407e-15
574000,Body2,-2167882.30761522,6058149.076060951,0,-16.08349698176086,-2.274077305194917,0,-2.208563483480589e-09,9.144453141899407e-15
574000,Body3,2370008.063094289,-7480403.16845645,0,98.86888466505823,14.70893482370914,0,-2.208563483480589e-09,9.144453141899407e-15
575000,Body1,2015523.28236637,-5901210.723137948,0,14.83749115002435,2.141737801679242,0,-2.120734862745353e-09,9.362178216706535e-15
575000,Body2,-2183958.894158865,6055855.215927586,0,-16.06966209570081,-2.313630916748275,0,-2.120734862745353e-09,9.362178216706535e-15
575000,Body3,2468561.179255138,-7464449.278980596,0,98.21709456762153,17.18931150686306,0,-2.120734862745353e-09,9.362178216706535e-15
576000,Body1,2030357.574371956,-5899061.384695639,0,14.83126917059162,2.157039539567222,0,-2.016634352052487e-09,8.49127791747802e-15
576000,Body2,-2200021.603856961,6053521.838329033,0,-16.05574335215406,-2.353112216364728,0,-2.016634352052487e-09,8.49127791747802e-15
576000,Body3,2566402.948505996,-7446045.363355814,0,97.44741815621973,19.60726767971084,0,-2.016634352052487e-09,8.49127791747802e-15
577000,Body1,2045186.159659914,-5896896.42768304,0,14.82606385978152,2.172990032474462,0,-1.899151146892722e-09,8.926728067092278e-15
577000,Body2,-2216070.353035854,6051149.015634703,0,-16.04174111817871,-2.392521089226958,0,-1.899151146892722e-09,8.926728067092278e-15
577000,Body3,2663419.337599587,-7425258.795182669,0,96.56772583969411,21.95310567521038,0,-1.899151146892722e-09,8.926728067092278e-15
578000,Body1,2060010.012011158,-5894715.160312046,0,14.8217881903842,2.189673092070265,0,-1.77134721306219e-09,9.579903291513665e-15
578000,Body2,-2232105.058387115,6048736.820328385,0,-16.02765575715786,-2.431857421454571,0,-1.77134721306219e-09,9.579903291513665e-15
578000,Body3,2759504.637601349,-7402166.001650549,0,95.58675667734342,24.218432938391,0,-1.77134721306219e-09,9.579903291513665e-15
579000,Body1,2074830.014823103,-5892516.813846522,0,14.81834882040021,2.207158717778594,0,-1.636305905531711e-09,1.001535344112792e-14
579000,Body2,-2248125.63696385,6046285.325007123,0,-16.01348762878437,-2.471121100484051,0,-1.636305905531711e-09,1.001535344112792e-14
579000,Body3,2854562.214080499,-7376851.116076731,0,94.51388083839245,26.39623827050616,0,-1.636305905531711e-09,1.001535344112792e-14
580000,Body1,2089646.955979347,-5890300.556588594,0,14.81564844993093,2.225502828035042,0,-1.496996553883099e-09,9.362178216706535e-15
580000,Body2,-2264132.006177025,6043794.60237971,0,-15.99923708907763,-2.510312015422984,0,-1.496996553883099e-09,9.362178216706535e-15
580000,Body3,2948505.019773518,-7349404.579128556,0,93.35886391464759,28.4809187387547,0,-1.496996553883099e-09,9.362178216706535e-15
581000,Body1,2104461.525024179,-5888065.507904232,0,14.81358805872187,2.244747441236011,0,-1.356170980879516e-09,9.144453141899407e-15
581000,Body2,-2280124.083791801,6041264.725264865,0,-15.98490449042986,-2.549430057373076,0,-1.356170980879516e-09,9.144453141899407e-15
581000,Body3,3041255.876767826,-7319921.736080982,0,92.13164317077786,30.46826161366754,0,-1.356170980879516e-09,9.144453141899407e-15
582000,Body1,2119274.312480538,-5885810.751868942,0,14.81206894402004,2.264921242702193,0,-1.216286079678217e-09,8.70900299228515e-15
582000,Body2,-2296101.787923947,6038695.766589095,0,-15.97049018167821,-2.588475119718107,0,-1.216286079678217e-09,8.70900299228515e-15
582000,Body3,3132747.544346341,-7288501.47203292,0,90.84212376579396,32.35538770155251,0,-1.216286079678217e-09,8.70900299228515e-15
583000,Body1,2134085.811081195,-5883535.350184814,0,14.81099450158594,2.286040461777182,0,-1.079446575194067e-09,9.797628366320793e-15
583000,Body2,-2312065.037036331,6036087.799384252,0,-15.95599450819924,-2.627447098374473,0,-1.079446575194067e-09,9.797628366320793e-15
583000,Body3,3222922.595519127,-7255244.919962471,0,89.50000066130684,34.14066365969077,0,-1.079446575194067e-09,9.797628366320793e-15
584000,Body1,2148896.41863745,-5881238.354098927,0,14.81027171596314,2.308109978498956,0,-9.47392070092331e-10,1.023307851593505e-14
584000,Body2,-2328013.749935515,6033440.896784945,0,-15.94141781202149,-2.666345892003289,0,-9.47392070092331e-10,1.023307851593505e-14
584000,Body3,3311733.129811835,-7220254.268620501,0,88.11460960580904,35.82359135039463,0,-9.47392070092331e-10,1.023307851593505e-14
585000,Body1,2163706.442246697,-5878918.815133379,0,14.80981234739621,2.331124581041899,0,-8.21485295805398e-10,1.001535344112792e-14
585000,Body2,-2343947.845768466,6030755.132025652,0,-15.92676043195234,-2.705171402184285,0,-8.21485295805398e-10,1.001535344112792e-14
585000,Body3,3399140.352182236,-7183631.689245818,0,86.69480845558795,37.40468211419933,0,-8.21485295805398e-10,1.001535344112792e-14
586000,Body1,2178516.103536775,-5876575.794512898,0,14.80953382070132,2.355070301816419,0,-7.027348573593849e-10,9.797628366320793e-15
586000,Body2,-2359867.244019405,6028030.578437769,0,-15.9120227037153,-2.743923533552784,0,-7.027348573593849e-10,9.797628366320793e-15
586000,Body3,3485114.048268897,-7145478.39250514,0,85.24888830137101,38.8853231735976,0,-7.027348573593849e-10,9.797628366320793e-15
587000,Body1,2193325.544657669,-5874208.371243373,0,14.80935983521873,2.37992577007882,0,-5.918244552043428e-10,8.926728067092278e-15
587000,Body2,-2375771.864506801,6025267.309446469,0,-15.89720496009396,-2.782602193901812,0,-5.918244552043428e-10,8.926728067092278e-15
587000,Body3,3569631.984918579,-7105893.820327504,0,83.78451248749698,40.26764238226068,0,-5.918244552043428e-10,8.926728067092278e-15
588000,Body1,2208134.834755422,-5871815.648851088,0,14.80922072456818,2.405663530582835,0,-4.891499396999841e-10,8.055827767863764e-15
588000,Body2,-2391661.627380482,6022465.39856754,0,-15.8823075310797,-2.821207294251985,0,-4.891499396999841e-10,8.055827767863764e-15
588000,Body3,3652679.262511463,-7064974.97166321,0,82.30868065112571,41.55437636687677,0,-4.891499396999841e-10,8.055827767863764e-15
589000,Body1,2222943.976694834,-5869396.760836741,0,14.80905360059226,2.432251289879351,0,-3.948623907210394e-10,8.055827767863764e-15
589000,Body2,-2407536.45311895,6019624.919404111,0,-15.86733074402013,-2.859738748892251,0,-3.948623907210394e-10,8.055827767863764e-15
589000,Body3,3734247.642417079,-7022815.856755479,0,80.82771434276043,42.74874590125132,0,-3.948623907210394e-10,8.055827767863764e-15
590000,Body1,2237752.913833492,-5866950.874931009,0,14.80880231818326,2.459653063347379,0,-3.089161679863088e-10,8.055827767863764e-15
590000,Body2,-2423396.262526785,6016745.945643382,0,-15.85227492376598,-2.898196475394726,0,-3.089161679863088e-10,8.055827767863764e-15
590000,Body3,3814334.869334506,-6979507.071255386,0,79.34726055824606,43.85434120469602,0,-3.089161679863088e-10,8.055827767863764e-15
591000,Body1,2252561.536686305,-5864477.196260097,0,14.80841729736332,2.487830206253459,0,-2.311053630324259e-10,8.49127791747802e-15
591000,Body2,-2439240.976732231,6013828.551053329,0,-15.83714039281454,-2.936580394606974,0,-2.311053630324259e-10,8.49127791747802e-15
591000,Body3,3892944.004597921,-6935135.479341784,0,77.87230954509425,44.87501883531253,0,-2.311053630324259e-10,8.49127791747802e-15
592000,Body1,2267369.689355063,-5861974.969541846,0,14.8078552367558,2.516742320724697,0,-1.611065775632331e-10,8.49127791747802e-15
592000,Body2,-2455070.517184911,6010872.809479471,0,-15.821927471448,-2.974890430624947,0,-1.611065775632331e-10,8.49127791747802e-15
592000,Body3,3970082.782990212,-6889783.993781053,0,76.40722346919151,45.81481098998633,0,-1.611065775632331e-10,8.49127791747802e-15
593000,Body1,2282177.175630146,-5859443.48043774,0,14.80707874912164,2.546348037358835,0,-9.850573523213606e-11,8.926728067092278e-15
593000,Body2,-2470884.805653677,6007878.794841617,0,-15.80663647786568,-3.013126510749787,0,-9.850573523213606e-11,8.926728067092278e-15
593000,Body3,4045763.002358834,-6843531.440406289,0,74.95577287437806,46.67784733905643,0,-9.850573523213606e-11,8.926728067092278e-15
594000,Body1,2296983.764700014,-5856882.056184499,0,14.80605594550668,2.576605675336088,0,-4.283498549984008e-11,9.144453141899407e-15
594000,Body2,-2486683.764224596,6004846.581130688,0,-15.79126772830923,-3.051288565431269,0,-4.283498549984008e-11,9.144453141899407e-15
594000,Body3,4119999.952463553,-6796452.494638133,0,73.52117828023003,47.46828900947935,0,-4.283498549984008e-11,9.144453141899407e-15
595000,Body1,2311789.196428612,-5854290.065623336,0,14.80475999019798,2.607473788507544,0,6.405907190962666e-12,9.362178216706535e-15
595000,Body2,-2502467.315299043,6001776.242405624,0,-15.77582153718017,-3.089376528200703,0,6.405907190962666e-12,9.362178216706535e-15
595000,Body3,4192811.887048121,-6748617.678248117,0,72.10615469819589,48.19027396927713,0,6.405907190962666e-12,9.362178216706535e-15
596000,Body1,2326593.186180745,-5851666.918736128,0,14.80316864444202,2.638911607240299,0,4.973389810455418e-11,1.001535344112792e-14
596000,Body2,-2518235.381591915,5998667.85279031,0,-15.76029821714971,-3.127390335595519,0,4.973389810455418e-11,1.001535344112792e-14
596000,Body3,4264219.54112226,-6700093.405437677,0,70.71295727074701,48.84787283548314,0,4.973389810455418e-11,1.001535344112792e-14
597000,Body1,2341395.429191573,-5849012.065787286,0,14.80126381294991,2.670879387048438,0,8.766157429348445e-11,1.045080359074218e-14
597000,Body2,-2533987.886129968,5995521.486470627,0,-15.7446980792605,-3.165329927077751,0,8.766157429348445e-11,1.045080359074218e-14
597000,Body3,4334245.693844669,-6650942.068354061,0,69.34342663103553,49.44505400289189,0,8.766157429348445e-11,1.045080359074218e-14
598000,Body1,2356195.604488534,-5846324.996158832,0,14.7990311037278,2.703338675472212,0,1.206888700590798e-10,1.045080359074218e-14
598000,Body2,-2549724.75225022,5992337.217691572,0,-15.7290214330205,-3.203195244948189,0,1.206888700590798e-10,1.045080359074218e-14
598000,Body3,4402914.776173679,-6601222.153294455,0,67.99903292924705,49.98565694755823,0,1.206888700590798e-10,1.045080359074218e-14
599000,Body1,2370993.378382998,-5843605.236954751,0,14.79645940878053,2.736252508503295,0,1.492953849239141e-10,9.797628366320793e-15
599000,Body2,-2565445.903598467,5989115.120754463,0,-15.71326858648916,-3.240986234257791,0,1.492953849239141e-10,9.797628366320793e-15
599000,Body3,4470252.52155195,-6550988.379991848,0,66.68091777084355,50.47337257541042,0,1.492953849239141e-10,9.797628366320793e-15
600000,Body1,2385788.407555272,-5840852.351439628,0,14.79354051075016,2.769585547277694,0,1.7393857609592e-10,1.066852866554931e-14
600000,Body2,-2581151.264127877,5985855.270014225,0,-15.69743984635624,-3.278702842717697,0,1.7393857609592e-10,1.066852866554931e-14
600000,Body3,4536285.657265431,-6500291.857479552,0,65.3899335605881,50.91172954396079,0,1.7393857609592e-10,1.066852866554931e-14
601000,Body1,2400580.341760544,-5838065.937366335,0,14.7902687185404,2.803304164920061,0,1.950362856214605e-10,1.023307851593505e-14
601000,Body2,-2596840.758097643,5982557.739876772,0,-15.6815355180132,-3.316345020608852,0,1.950362856214605e-10,1.023307851593505e-14
601000,Body3,4601041.633714921,-6449180.251063153,0,64.12667994726171,51.30408556883959,0,1.950362856214605e-10,1.023307851593505e-14
602000,Body1,2415368.826185633,-5835245.625237993,0,14.78664053339862,2.837376492442229,0,2.12983761348285e-10,1.023307851593505e-14
602000,Body2,-2612514.310071741,5979222.604796491,0,-15.66555590561836,-3.353912720692295,0,2.12983761348285e-10,1.023307851593505e-14
602000,Body3,4664548.388615828,-6397697.955868755,0,62.89153722195699,51.6536228249672,0,2.12983761348285e-10,1.023307851593505e-14
603000,Body1,2430153.503487177,-5832391.076541252,0,14.78265434572227,2.871772431561689,0,2.281352803106567e-10,8.70900299228515e-15
603000,Body2,-2628171.844917702,5975849.939273814,0,-15.64950131215531,-3.391405898120714,0,2.281352803106567e-10,8.70900299228515e-15
603000,Body3,4726834.143057802,-6345886.273274709,0,61.68469664328839,51.96334665586296,0,2.281352803106567e-10,8.70900299228515e-15
604000,Body1,2444934.015541778,-5829501.981980352,0,14.77831016196927,2.906463641275391,0,2.408235797401603e-10,8.70900299228515e-15
604000,Body2,-2643813.287805482,5972439.817852855,0,-15.63337203948583,-3.428824510351902,0,2.408235797401603e-10,8.70900299228515e-15
604000,Body3,4787927.226375914,-6293783.587268964,0,60.50618775163898,52.23608690761132,0,2.408235797401603e-10,8.70900299228515e-15
605000,Body1,2459710.004937607,-5826578.059735264,0,14.77360936042424,2.94142350404235,0,2.513432879867189e-10,9.579903291513665e-15
605000,Body2,-2659438.564206358,5968992.315119153,0,-15.61716838839704,-3.466168517064532,0,2.513432879867189e-10,9.579903291513665e-15
605000,Body3,4847855.926880595,-6241425.538407894,0,59.35590279726472,52.47450130217922,0,2.513432879867189e-10,9.579903291513665e-15
606000,Body1,2474481.116235515,-5823619.053761767,0,14.76855447415525,2.976627076521202,0,2.599586065461221e-10,9.579903291513665e-15
606000,Body2,-2675047.599891871,5965507.505697496,0,-15.60089065864381,-3.50343788007664,0,2.599586065461221e-10,9.579903291513665e-15
606000,Body3,4906648.365640724,-6188845.193591736,0,58.23361844884115,52.68108035550497,0,2.599586065461221e-10,9.579903291513665e-15
607000,Body1,2489246.997025918,-5820624.732146745,0,14.76314899924255,3.012051028990034,0,2.669079795277402e-10,9.144453141899407e-15
607000,Body2,-2690640.320932814,5961985.464249808,0,-15.58453914898643,-3.540632563266952,0,2.669079795277402e-10,9.144453141899407e-15
607000,Body3,4964332.390694798,-6136073.210324709,0,57.13901497437121,52.85815342765367,0,2.669079795277402e-10,9.144453141899407e-15
608000,Body1,2504007.298805676,-5817594.885528292,0,14.75739722623254,3.047673576850631,0,2.724080099822833e-10,9.144453141899407e-15
608000,Body2,-2706216.653698267,5958426.265473146,0,-15.56811415722409,-3.57775253249932,0,2.724080099822833e-10,9.144453141899407e-15
608000,Body3,5020935.489264143,-6083137.994503412,0,56.07169309913843,53.00789556483012,0,2.724080099822833e-10,9.144453141899407e-15
609000,Body1,2518761.67769719,-5814529.325587062,0,14.75130409273668,3.08347440698773,0,2.76648338550116e-10,1.023307851593505e-14
609000,Body2,-2721776.524854635,5954829.984097741,0,-15.55161598022458,-3.614797755550265,0,2.76648338550116e-10,1.023307851593505e-14
609000,Body3,5076484.715749401,-6030065.851085155,0,55.03118874877397,53.132334856215,0,2.76648338550116e-10,1.023307851593505e-14
610000,Body1,2533509.7950298,-5811427.883612906,0,14.74487505512903,3.11943460121038,0,2.797972166969152e-10,1.153942896477782e-14
610000,Body2,-2737319.861364735,5951196.694885104,0,-15.53504491395044,-3.651768202039779,0,2.797972166969152e-10,1.153942896477782e-14
610000,Body3,5131006.633498169,-5976881.127236824,0,54.01698588212493,53.23336008290156,0,2.797972166969152e-10,1.153942896477782e-14
611000,Body1,2548251.317801624,-5808290.409148777,0,14.73811597737653,3.155536558541405,0,2.820009042017069e-10,1.219260418919921e-14
611000,Body2,-2752846.590486903,5947526.472626247,0,-15.51840125348195,-3.68866384336525,0,2.820009042017069e-10,1.219260418919921e-14
611000,Body3,5184527.268532766,-5923606.347764132,0,53.02852761052605,53.31272848234659,0,2.820009042017069e-10,1.219260418919921e-14
612000,Body1,2562985.919037993,-5805116.768712315,0,14.73103303514808,3.191763917733022,0,2.833927068363123e-10,1.175715403958495e-14
612000,Body2,-2768356.639774126,5943819.392139916,0,-15.50168529303738,-3.725484652638585,0,2.833927068363123e-10,1.175715403958495e-14
612000,Body3,5237072.073618266,-5870262.342777428,0,52.06522578891289,53.37207349051886,0,2.833927068363123e-10,1.175715403958495e-14
613000,Body1,2577713.278060935,-5801906.844594374,0,14.72363263347827,3.228101481064181,0,2.840881562696427e-10,1.153942896477782e-14
613000,Body2,-2783849.937073184,5940075.528270921,0,-15.4848973259905,-3.762230604626411,0,2.840881562696427e-10,1.153942896477782e-14
613000,Body3,5288665.901229954,-5816868.367671773,0,51.12646925120546,53.41291235618539,0,2.840881562696427e-10,1.153942896477782e-14
614000,Body1,2592433.080682423,-5798660.533732758,0,14.71592133640104,3.264535140209361,0,2.84190733931349e-10,1.066852866554931e-14
614000,Body2,-2799326.410523818,5936294.95588849,0,-15.46803764488593,-3.798901675693269,0,2.84190733931349e-10,1.066852866554931e-14
614000,Body3,5339332.984144958,-5763442.215590461,0,50.2116308484692,53.43665354835301,0,2.84190733931349e-10,1.066852866554931e-14
615000,Body1,2607145.019332615,-5795377.746658798,0,14.70790580711011,3.30105180475155,0,2.837885571960247e-10,1.023307851593505e-14
615000,Body2,-2814785.988557903,5932477.749884726,0,-15.45110654145225,-3.835497843747745,0,2.837885571960247e-10,1.023307851593505e-14
615000,Body3,5389096.922534127,-5710000.322609226,0,49.32007343419339,53.4446038995815,0,2.837885571960247e-10,1.023307851593505e-14
616000,Body1,2621848.79313301,-5792058.406513954,0,14.69959275734208,3.337639333736747,0,2.829611576427902e-10,9.579903291513665e-15
616000,Body2,-2830228.599898634,5928623.985173051,0,-15.43410430661337,-3.872019088191371,0,2.829611576427902e-10,9.579903291513665e-15
616000,Body3,5437980.676567708,-5656557.865926373,0,48.45115492710951,53.43797544542422,0,2.829611576427902e-10,9.579903291513665e-15
617000,Body1,2636544.107923076,-5788702.448133184,0,14.69098890481185,3.374286470526931,0,2.817764684954773e-10,9.579903291513665e-15
617000,Body2,-2845654.173559735,5924733.736686775,0,-15.41703123049825,-3.908465389870229,0,2.817764684954773e-10,9.579903291513665e-15
617000,Body3,5486006.563671866,-5603128.855376636,0,47.60423256861706,53.41789193429149,0,2.817764684954773e-10,9.579903291513665e-15
618000,Body1,2651230.676247894,-5785309.817191776,0,14.68210093765557,3.410982781097257,0,2.802939878104356e-10,9.362178216706535e-15
618000,Body2,-2861062.638844676,5920807.079377664,0,-15.39988760244888,-3.944836731029109,0,2.802939878104356e-10,9.362178216706535e-15
618000,Body3,5533196.259683994,-5549726.218606417,0,46.77866647930827,53.38539499314658,0,2.802939878104356e-10,9.362178216706535e-15
619000,Body1,2665908.217313386,-5781880.469412133,0,14.67293548495296,3.447718595836431,0,2.78564778476532e-10,8.926728067092278e-15
619000,Body2,-2876453.925345862,5916844.088214538,0,-15.38267371102732,-3.981133095268091,0,2.78564778476532e-10,8.926728067092278e-15
619000,Body3,5579570.803253248,-5496361.880258185,0,45.97382260741359,53.34144994312771,0,2.78564778476532e-10,8.926728067092278e-15
620000,Body1,2680576.456914733,-5778414.369827012,0,14.6634990925083,3.484484954842248,0,2.766359870548738e-10,8.926728067092278e-15
620000,Body2,-2891827.962943879,5912844.838181981,0,-15.36538984402122,-4.017354467501469,0,2.766359870548738e-10,8.926728067092278e-15
620000,Body3,5625150.602920097,-5443046.835514194,0,45.18907515126841,53.28695126588328,0,2.766359870548738e-10,8.926728067092278e-15
621000,Body1,2695235.127342909,-5774911.492095703,0,14.65379820316662,3.521273556653762,0,2.745467768230583e-10,9.797628366320793e-15
621000,Body2,-2907184.681806716,5908809.404278998,0,-15.34803628844843,-4.053500833918848,0,2.745467768230583e-10,9.797628366320793e-15
621000,Body3,5669955.446385878,-5389791.218346263,0,44.42380852815843,53.22272772646954,0,2.745467768230583e-10,9.797628366320793e-15
622000,Body1,2709883.967273531,-5771371.817869851,0,14.64383914102939,3.558076710323945,0,2.723283277751723e-10,1.045080359074218e-14
622000,Body2,-2922524.012388995,5904737.861517793,0,-15.33061333056066,-4.089572181948322,0,2.723283277751723e-10,1.045080359074218e-14
622000,Body3,5714004.511551213,-5336604.364810487,0,43.67741895310404,53.14954716239836,0,2.723283277751723e-10,1.045080359074218e-14
623000,Body1,2724522.72164164,-5767795.336205551,0,14.63362809901356,3.594887290710144,0,2.700112173933396e-10,1.045080359074218e-14
623000,Body2,-2937845.885431208,5900630.284922537,0,-15.31312125584631,-4.125568500221584,0,2.700112173933396e-10,1.045080359074218e-14
623000,Body3,5757316.378961692,-5283494.871714814,0,42.94931568325024,53.06812095110433,0,2.700112173933396e-10,1.045080359074218e-14
624000,Body1,2739151.141505492,-5764182.043018601,0,14.62317112926737,3.63169869684125,0,2.6762120306398e-10,1.088625374035644e-14
624000,Body2,-2953150.231958958,5896486.749528185,0,-15.29556034903252,-4.161489778540943,0,2.6762120306398e-10,1.088625374035644e-14
624000,Body3,5799909.045351278,-5230470.650974114,0,42.23892197649106,52.97910816993015,0,2.6762120306398e-10,1.088625374035644e-14
625000,Body1,2753768.983902044,-5760531.940579939,0,14.6124741360194,3.668504813208734,0,2.651771132859382e-10,1.023307851593505e-14
625000,Body2,-2968436.983282193,5892307.330379304,0,-15.27793089408667,-4.197336007848022,0,2.651771132859382e-10,1.023307851593505e-14
625000,Body3,5841799.938019319,-5177538.979952699,0,41.54567580670309,52.88311946388936,0,2.651771132859382e-10,1.023307851593505e-14
626000,Body1,2768376.011696319,-5756845.03704836,0,14.60154287049268,3.705299973822625,0,2.626995840939482e-10,1.001535344112792e-14
626000,Body2,-2983706.070994441,5888092.102528983,0,-15.26023317421725,-4.23310718019408,0,2.626995840939482e-10,1.001535344112792e-14
626000,Body3,5883005.929816719,-5124706.548078569,0,40.86903037243246,52.78072063710535,0,2.626995840939482e-10,1.001535344112792e-14
627000,Body1,2782971.993426608,-5753121.346037885,0,14.59038292756393,3.74207892887097,0,2.602032264031133e-10,9.144453141899407e-15
627000,Body2,-2998957.426972075,5883841.141037699,0,-15.24246747187417,-4.268803288711917,0,2.602032264031133e-10,9.144453141899407e-15
627000,Body3,5923543.354550986,-5071979.499997663,0,40.20845443099969,52.67243598405445,0,2.602032264031133e-10,9.144453141899407e-15
628000,Body1,2797556.70314707,-5749360.886217239,0,14.5789997438915,3.778836813822156,0,2.57702801756528e-10,8.055827767863764e-15
628000,Body2,-3014190.983373528,5879554.520972275,0,-15.22463406874877,-4.304424327589197,0,2.57702801756528e-10,8.055827767863764e-15
628000,Body3,5963428.022649786,-5019363.475520278,0,39.56343248570116,52.55875137666404,0,2.57702801756528e-10,8.055827767863764e-15
629000,Body1,2812129.9202691,-5745563.680939042,0,14.56739859727285,3.815569120812602,0,2.552112641613974e-10,7.838102693056634e-15
629000,Body2,-3029406.672638543,5875232.317404834,0,-15.20673324577335,-4.339970292043106,0,2.552112641613974e-10,7.838102693056634e-15
629000,Body3,6002675.236948393,-4966863.646595852,0,38.93346485002614,52.44011712301081,0,2.552112641613974e-10,7.838102693056634e-15
630000,Body1,2826691.429402579,-5741729.757896562,0,14.55558460702501,3.852271672167079,0,2.527362956452502e-10,7.838102693056634e-15
630000,Body2,-3044604.427487426,5870874.605411766,0,-15.18876528312042,-4.375441178296323,0,2.527362956452502e-10,7.838102693056634e-15
630000,Body3,6041299.808488542,-4914484.751536925,0,38.31806760951652,52.31695061288504,0,2.527362956452502e-10,7.838102693056634e-15
631000,Body1,2841241.02019795,-5737859.148805934,0,14.54356273521106,3.888940595904784,0,2.502858794915966e-10,7.184927468635249e-15
631000,Body2,-3059784.180920264,5866481.460072747,0,-15.1707304602016,-4.410836983554113,0,2.502858794915966e-10,7.184927468635249e-15
631000,Body3,6079316.0722355,-4862231.126697908,0,37.71677249902844,52.18963876489273,0,2.502858794915966e-10,7.184927468635249e-15
632000,Body1,2855778.487189859,-5733951.889111939,0,14.53133778855962,3.925572303091237,0,2.478676977279653e-10,7.184927468635249e-15
632000,Body2,-3074945.866216184,5862052.956469774,0,-15.15262905566635,-4.446157705982563,0,2.478676977279653e-10,7.184927468635249e-15
632000,Body3,6116737.902636567,-4810106.735800134,0,37.12912671064835,52.05854028909253,0,2.478676977279653e-10,7.184927468635249e-15
633000,Body1,2870303.629643029,-5730008.017715552,0,14.51891442094683,3.962163466903095,0,2.454853654261343e-10,6.531752244213862e-15
633000,Body2,-3090089.416932571,5857589.169686194,0,-15.13446134740048,-4.48140334468791,0,2.454853654261343e-10,6.531752244213862e-15
633000,Body3,6153578.728958284,-4758115.197080945,0,36.55469264534212,51.92398777844142,0,2.454853654261343e-10,6.531752244213862e-15
634000,Body1,2884816.251400842,-5726027.576721651,0,14.50629713632899,3.998711003280632,0,2.431458114736787e-10,6.531752244213862e-15
634000,Body2,-3105214.766904324,5853090.174805797,0,-15.11622761252444,-4.516573899696757,0,2.431458114736787e-10,6.531752244213862e-15
634000,Body3,6189851.550351962,-4706259.808431704,0,35.99304761952276,51.78628964157241,0,2.431458114736787e-10,6.531752244213862e-15
635000,Body1,2899316.160737034,-5722010.611205291,0,14.49349029203043,4.035212053050114,0,2.40851144662469e-10,5.878577019792476e-15
635000,Body2,-3120321.85024307,5848556.046911893,0,-15.09792812739145,-4.551669371937265,0,2.40851144662469e-10,5.878577019792476e-15
635000,Body3,6225568.950607246,-4654543.570677388,0,35.44378353608174,51.64573188867438,0,2.40851144662469e-10,5.878577019792476e-15
636000,Body1,2913803.170210822,-5717957.168995194,0,14.48049810230536,4.071663965405804,0,2.38605281320265e-10,6.096302094599605e-15
636000,Body2,-3135410.601336409,5843986.861086414,0,-15.07956316758564,-4.586689763221178,0,2.38605281320265e-10,6.096302094599605e-15
636000,Body3,6260743.112562366,-4602969.209139138,0,34.90650652800908,51.50257978149595,0,2.38605281320265e-10,6.096302094599605e-15
637000,Body1,2928277.0965257,-5713867.300473115,0,14.46732464210474,4.108064282648611,0,2.364079201910851e-10,5.22540179537109e-15
637000,Body2,-3150480.954847136,5839382.692409047,0,-15.06113300791988,-4.621635076226642,0,2.364079201910851e-10,5.22540179537109e-15
637000,Body3,6295385.83214726,-4551539.193610446,0,34.38083658149704,51.35707935776224,0,2.364079201910851e-10,5.22540179537109e-15
638000,Body1,2942737.760392094,-5709741.058387876,0,14.45397385098995,4.144410726085497,0,2.342643332546058e-10,5.660851944985347e-15
638000,Body2,-3165532.84571248,5834743.615956384,0,-15.04263792243374,-4.656505314481799,0,2.342643332546058e-10,5.660851944985347e-15
638000,Body3,6329508.532041983,-4500255.756867682,0,33.86640714436045,51.20945883958981,0,2.342643332546058e-10,5.660851944985347e-15
639000,Body1,2957184.986393966,-5705578.497682961,0,14.44044953714411,4.180701183000591,0,2.321736167428827e-10,5.660851944985347e-15
639000,Body2,-3180566.209143314,5830069.706801059,0,-15.0240781843912,-4.69130048234904,0,2.321736167428827e-10,5.660851944985347e-15
639000,Body3,6363122.27493827,-4449120.911826471,0,33.36286472469072,51.0599299348061,0,2.321736167428827e-10,5.660851944985347e-15
640000,Body1,2971618.60285946,-5701379.67533663,0,14.42675538143958,4.216933694615218,0,2.30136825051851e-10,5.660851944985347e-15
640000,Body2,-3195580.980623391,5825361.040010927,0,-15.00545406627849,-4.726020585009991,0,2.30136825051851e-10,5.660851944985347e-15
640000,Body3,6396237.776396692,-4398136.467446824,0,32.86986848387175,50.90868903943829,0,2.30136825051851e-10,5.660851944985347e-15
641000,Body1,2986038.441735642,-5697144.650213629,0,14.41289494152752,4.253106444960355,0,2.281533556695476e-10,5.22540179537109e-15
641000,Body2,-3210577.095908559,5820617.690648279,0,-14.98676583980176,-4.760665628450973,0,2.281533556695476e-10,5.22540179537109e-15
641000,Body3,6428865.417295345,-4347304.043481986,0,32.38708982740388,50.75591834902431,0,2.281533556695476e-10,5.22540179537109e-15
642000,Body1,3000444.338467324,-5692873.482927592,0,14.3988716559206,4.289217750590558,0,2.26224865503871e-10,5.660851944985347e-15
642000,Body2,-3225554.491025982,5815839.733769014,0,-14.9680137758848,-4.795235619449234,0,2.26224865503871e-10,5.660851944985347e-15
642000,Body3,6461015.255869599,-4296625.084158586,0,31.91421199640054,50.60178688583009,0,2.26224865503871e-10,5.660851944985347e-15
643000,Body1,3014836.131879946,-5688566.235713333,0,14.38468884804534,4.325266051073999,0,2.243506014148674e-10,5.660851944985347e-15
643000,Body2,-3240513.102273356,5811027.244421853,0,-14.94919814466676,-4.829730565559522,0,2.243506014148674e-10,5.660851944985347e-15
643000,Body3,6492697.03934463,-4246100.870868891,0,31.45092966212174,50.44645144851425,0,2.243506014148674e-10,5.660851944985347e-15
644000,Body1,3029213.664066508,-5684222.972308264,0,14.37034973024486,4.361249900198039,0,2.225295090066013e-10,5.443126870178218e-15
644000,Body2,-3255452.866218119,5806180.297647594,0,-14.93031921549982,-4.864150475101275,0,2.225295090066013e-10,5.443126870178218e-15
644000,Body3,6523920.215164821,-4195732.533949592,0,30.99694852547604,50.2900574902855,0,2.225295090066013e-10,5.443126870178218e-15
645000,Body1,3043576.78027845,-5679843.757842331,0,14.35585740771615,4.397167957834678,0,2.207606845111283e-10,5.007676720563961e-15
645000,Body2,-3270373.719696671,5801298.968478329,0,-14.91137725694695,-4.898495357146296,0,2.207606845111283e-10,5.007676720563961e-15
645000,Body3,6554693.94182584,-4145521.06361587,0,30.55198492305922,50.13273993112378,0,2.207606845111283e-10,5.007676720563961e-15
646000,Body1,3057925.32882045,-5675428.658735729,0,14.34121488236956,4.433018982414329,0,2.190459354643375e-10,5.660851944985347e-15
646000,Body2,-3285275.599813578,5796383.331936707,0,-14.89237253677959,-4.932765221506778,0,2.190459354643375e-10,5.660851944985347e-15
646000,Body3,6585027.099316541,-4095467.320114059,0,30.1157654409824,49.9746239092073,0,2.190459354643375e-10,5.660851944985347e-15
647000,Body1,3072259.160949025,-5670977.742603852,0,14.32642505660046,4.468801823960684,0,2.173816467944507e-10,5.22540179537109e-15
647000,Body2,-3300158.443940777,5791433.463035202,0,-14.87330532197543,-4.966960078723846,0,2.173816467944507e-10,5.22540179537109e-15
647000,Body3,6614928.299179025,-4045572.043151274,0,29.68802653747609,49.8158254762784,0,2.173816467944507e-10,5.22540179537109e-15
648000,Body1,3086578.130774869,-5666491.078168998,0,14.31149073696568,4.504515417642905,0,2.157685716414217e-10,5.443126870178218e-15
648000,Body2,-3315022.189716794,5786449.436775393,0,-14.85417587871619,-5.001079940056412,0,2.157685716414217e-10,5.443126870178218e-15
648000,Body3,6644405.894195991,-3995835.86065587,0,29.26851417503022,49.65645224131345,0,2.157685716414217e-10,5.443126870178218e-15
649000,Body1,3100882.095168809,-5661968.735178214,0,14.29641463775891,4.540158777804945,0,2.142058062373059e-10,6.096302094599605e-15
649000,Body2,-3329866.775045927,5781431.328147241,0,-14.83498447238549,-5.035124817470423,0,2.142058062373059e-10,6.096302094599605e-15
649000,Body3,6673467.987715269,-3946259.296918402,0,28.85698346263782,49.49660396651126,0,2.142058062373059e-10,6.096302094599605e-15
650000,Body1,3115170.913671284,-5657410.784326954,0,14.281199384481,4.575730992435082,0,2.126901873942973e-10,5.660851944985347e-15
650000,Body2,-3344692.138097467,5776379.212128382,0,-14.81573136756665,-5.069094723628434,0,2.126901873942973e-10,5.660851944985347e-15
650000,Body3,6702122.442621807,-3896842.780158886,0,28.45319830854753,49.33637311929911,0,2.126901873942973e-10,5.660851944985347e-15
651000,Body1,3129444.448405238,-5652817.297187992,0,14.26584751720257,4.611231218041589,0,2.112215644844054e-10,5.007676720563961e-15
651000,Body2,-3359498.217304882,5771293.163683462,0,-14.79641682804071,-5.102989671879559,0,2.112215644844054e-10,5.007676720563961e-15
651000,Body3,6730376.889967785,-3847586.649562604,0,28.05693108379357,49.1758453837603,0,2.112215644844054e-10,5.007676720563961e-15
652000,Body1,3143702.563992338,-5648188.34614535,0,14.25036149381749,4.6466586749031,0,2.097999375076299e-10,5.22540179537109e-15
652000,Body2,-3374284.951365021,5766173.257763425,0,-14.77704111678427,-5.136809676249607,0,2.097999375076299e-10,5.22540179537109e-15
652000,Body3,6758238.737271722,-3798491.161823457,0,27.66796229665784,49.0151001346141,0,2.097999375076299e-10,5.22540179537109e-15
653000,Body1,3157945.127472364,-5643524.004332719,0,14.23474369318617,4.682012642664944,0,2.084236495560727e-10,5.007676720563961e-15
653000,Body2,-3389052.279237304,5761019.56930487,0,-14.7576044959676,-5.170554751431651,0,2.084236495560727e-10,5.007676720563961e-15
653000,Body3,6785715.176497524,-3749556.497230854,0,27.28608027812189,48.85421087663305,0,2.084236495560727e-10,5.007676720563961e-15
654000,Body1,3172172.008225712,-5638824.345576183,0,14.21899641816958,4.717292456254827,0,2.070908930938446e-10,5.007676720563961e-15
654000,Body2,-3403800.140142919,5755832.173229358,0,-14.73810722695268,-5.20422491277669,0,2.070908930938446e-10,5.007676720563961e-15
654000,Body3,6812813.191724479,-3700782.765333358,0,26.91108087828922,48.69324565214895,0,2.070908930938446e-10,5.007676720563961e-15
655000,Body1,3186383.07789886,-5634089.444340841,0,14.20312189855422,4.75249750209346,0,2.058006137250103e-10,5.007676720563961e-15
655000,Body2,-3418528.473564016,5750611.144442777,0,-14.71854957029137,-5.237820176284719,0,2.058006137250103e-10,5.007676720563961e-15
655000,Body3,6839539.566519154,-3652170.010209741,0,26.54276717369076,48.53226741908906,0,2.058006137250103e-10,5.007676720563961e-15
656000,Body1,3200578.210332717,-5629319.375681098,0,14.18712229386993,4.787627214577652,0,2.045517570536344e-10,5.007676720563961e-15
656000,Body2,-3433237.219242881,5745356.557834701,0,-14.69893178572352,-5.271340558595921,0,2.045517570536344e-10,5.007676720563961e-15
656000,Body3,6865900.891019937,-3603718.215375808,0,26.18094918533512,48.37133440179029,0,2.045517570536344e-10,5.007676720563961e-15
657000,Body1,3214757.281493728,-5624514.215194363,0,14.17099969610185,4.822681072815177,0,2.03342515543828e-10,4.572226570949704e-15
657000,Body2,-3447926.317181142,5740068.488277739,0,-14.67925413217528,-5.304786076982133,0,2.03342515543828e-10,4.572226570949704e-15
657000,Body3,6891903.568744946,-3555427.308353137,0,25.82544360732024,48.21050041665958,0,2.03342515543828e-10,4.572226570949704e-15
658000,Body1,3228920.169407637,-5619674.038977839,0,14.15475613229931,4.857658597592308,0,2.021716841716648e-10,3.919051346528317e-15
658000,Body2,-3462595.70763894,5734747.01062692,0,-14.65951686775744,-5.3381567493385,0,2.021716841716648e-10,3.919051346528317e-15
658000,Body3,6917553.823133762,-3507297.164923946,0,25.47607354579015,48.04981517458336,0,2.021716841716648e-10,3.919051346528317e-15
659000,Body1,3243066.754095824,-5614798.923588295,0,14.1383935670836,4.892559348556541,0,2.010410704730342e-10,4.354501496142575e-15
659000,Body2,-3477245.331134121,5729392.199719076,0,-14.63972024976375,-5.371452594175317,0,2.010410704730342e-10,4.354501496142575e-15
659000,Body3,6942857.703833166,-3459327.613094432,0,25.13266826799236,47.88932456184087,0,2.010410704730342e-10,4.354501496142575e-15
660000,Body1,3257196.917514077,-5609888.946004504,0,14.12191390505745,4.927382921598324,0,1.999461556082132e-10,4.789951645756833e-15
660000,Body2,-3491875.128441417,5724004.130372215,0,-14.61986453466939,-5.404673630610042,0,1.999461556082132e-10,4.789951645756833e-15
660000,Body3,6967821.092736869,-3411518.436787268,0,24.79506296117128,47.72907090113557,0,1.999461556082132e-10,4.789951645756833e-15
661000,Body1,3271310.543493755,-5604944.183592271,0,14.10531899311905,4.962128946416876,0,1.988867889492111e-10,4.354501496142575e-15
661000,Body2,-3506485.040591618,5718582.877384928,0,-14.59994997812945,-5.437819878359551,0,1.988867889492111e-10,4.354501496142575e-15
661000,Body3,6992449.709788962,-3363869.379282382,0,24.46309850101764,47.56909319423055,0,1.988867889492111e-10,4.354501496142575e-15
662000,Body1,3285407.517685187,-5599964.714071732,0,14.08861062268349,4.99679708425647,0,1.97859807308222e-10,3.919051346528317e-15
662000,Body2,-3521075.008870765,5713128.515535795,0,-14.57997683497753,-5.470891357732432,0,1.97859807308222e-10,3.919051346528317e-15
662000,Body3,7016749.118560467,-3316380.146423739,0,24.13662122938227,47.40942734756027,0,1.97859807308222e-10,3.919051346528317e-15
663000,Body1,3299487.727503269,-5594950.615486897,0,14.07179053181463,5.031387025800395,0,1.968671688491258e-10,3.48360119691406e-15
663000,Body2,-3535644.974819322,5707641.119582802,0,-14.55994535922441,-5.503888089621568,0,1.968671688491258e-10,3.48360119691406e-15
663000,Body3,7040724.731608074,-3269050.409608477,0,23.81548274095632,47.25010638207996,0,1.968671688491258e-10,3.48360119691406e-15
664000,Body1,3313551.06207514,-5589901.966177182,0,14.05486040727033,5.065898489211191,0,1.959076685479964e-10,3.265876122106931e-15
664000,Body2,-3550194.880231352,5702120.764262737,0,-14.53985580405668,-5.536810095496741,0,1.959076685479964e-10,3.265876122106931e-15
664000,Body3,7064381.815623979,-3221879.808573583,0,23.49953967861573,47.09116062851756,0,1.959076685479964e-10,3.265876122106931e-15
665000,Body1,3327597.412189865,-5584818.844750891,0,14.03782188646412,5.100331218306067,0,1.949807038928707e-10,3.919051346528317e-15
665000,Body2,-3564724.667153685,5696567.524290645,0,-14.51970842183558,-5.569657397397453,0,1.949807038928707e-10,3.919051346528317e-15
665000,Body3,7087725.496385208,-3174867.953994179,0,23.18865353712639,46.93261790910076,0,1.949807038928707e-10,3.919051346528317e-15
666000,Body1,3341626.670250035,-5579701.330060365,0,14.02067655934649,5.134684980857956,0,1.940800991361277e-10,2.830425972492674e-15
666000,Body2,-3579234.277885112,5690981.474359243,0,-14.49950346409573,-5.602430017925832,0,1.940800991361277e-10,2.830425972492674e-15
666000,Body3,7110760.763510741,-3128014.429906414,0,22.88269047490691,46.77450370675078,0,1.940800991361277e-10,2.830425972492674e-15
667000,Body1,3355638.730225213,-5574549.501178895,0,14.00342597020855,5.168959567012772,0,1.932112768854347e-10,3.048151047299802e-15
667000,Body2,-3593723.65497553,5685362.68913838,0,-14.47924118154419,-5.635127980239688,0,1.932112768854347e-10,3.048151047299802e-15
667000,Body3,7133492.475034295,-3081318.795967055,0,22.58152113354926,46.61684132265495,0,1.932112768854347e-10,3.048151047299802e-15
668000,Body1,3369633.487607157,-5569363.437379028,0,13.98607161941116,5.203154787814677,0,1.92370923324995e-10,3.265876122106931e-15
668000,Body2,-3608192.741225135,5679711.24327446,0,-14.45892182405933,-5.667751308045669,0,1.92370923324995e-10,3.265876122106931e-15
668000,Body3,7155925.361800374,-3034780.589560959,0,22.28502046480143,46.45965202306149,0,1.92370923324995e-10,3.265876122106931e-15
669000,Body1,3383610.839366707,-5564143.21811241,0,13.96861496504246,5.237270473831346,0,1.915566284069564e-10,3.265876122106931e-15
669000,Body2,-3622641.47968359,5674027.211389904,0,-14.43854564068982,-5.700300025592493,0,1.915566284069564e-10,3.265876122106931e-15
669000,Body3,7178064.031690909,-2988399.327766811,0,21.99306756472113,46.30295517607568,0,1.915566284069564e-10,3.265876122106931e-15
670000,Body1,3397570.683912319,-5558888.92299089,0,13.95105742450655,5.271306473872188,0,1.907692958992636e-10,3.265876122106931e-15
670000,Body2,-3637069.813649187,5668310.668082623,0,-14.41811287965385,-5.732774157664334,0,1.907692958992636e-10,3.265876122106931e-15
670000,Body3,7199912.97368955,-2942174.509190768,0,21.70554551471676,46.14676837917558,0,1.907692958992636e-10,3.265876122106931e-15
671000,Body1,3411512.921050149,-5553600.631768891,0,13.93340037604611,5.305262653792796,0,1.900071182660273e-10,2.830425972492674e-15
671000,Body2,-3651477.686668024,5662561.687925478,0,-14.39762378833824,-5.765173729574292,0,1.900071182660273e-10,2.830425972492674e-15
671000,Body3,7221476.561790276,-2896105.615676937,0,21.4223412291974,45.99110757811144,0,1.900071182660273e-10,2.830425972492674e-15
672000,Body1,3425437.451945626,-5548278.424326916,0,13.91564516020181,5.339138895379537,0,1.892696436232754e-10,3.048151047299802e-15
672000,Body2,-3665865.04253317,5656780.345465769,0,-14.37707861329759,-5.797498767157941,0,1.892696436232754e-10,3.048151047299802e-15
672000,Body3,7242759.058756881,-2850192.11390301,0,21.14334530956316,45.83598717780298,0,1.892696436232754e-10,3.048151047299802e-15
673000,Body1,3439344.179086454,-5542922.38065617,0,13.89779308121086,5.372935095308581,0,1.885564200870356e-10,2.830425972492674e-15
673000,Body2,-3680231.825283824,5650966.715224675,0,-14.35647760025373,-5.829749296766964,0,1.885564200870356e-10,2.830425972492674e-15
673000,Body3,7263764.619739509,-2804433.45686878,0,20.86845190427286,45.68142014580199,0,1.885564200870356e-10,2.830425972492674e-15
674000,Body1,3453233.006246986,-5537532.580844128,0,13.87984540834745,5.406651164174073,0,1.878657907494094e-10,3.048151047299802e-15
674000,Body2,-3694577.979204499,5645120.871696792,0,-14.33582099409496,-5.861925345262875,0,1.878657907494094e-10,3.048151047299802e-15
674000,Body3,7284497.29575418,-2758829.085284666,0,20.59755857473656,45.527418108844,0,1.878657907494094e-10,3.048151047299802e-15
675000,Body1,3467103.838453898,-5532109.105061105,0,13.86180337720747,5.440287025580679,0,1.871968518424525e-10,2.612700897685545e-15
675000,Body2,-3708903.448824181,5639242.889349588,0,-14.31510903887547,-5.894026940010808,0,1.871968518424525e-10,2.612700897685545e-15
675000,Body3,7304961.037031017,-2713378.428866948,0,20.3305661667869,45.37399144297697,0,1.871968518424525e-10,2.612700897685545e-15
676000,Body1,3480956.581953147,-5526652.033547646,0,13.84366819093987,5.473842615295924,0,1.865485489702294e-10,2.177250748071287e-15
676000,Body2,-3723208.178915483,5633332.842622922,0,-14.29434197781494,-5.926054108873409,0,1.865485489702294e-10,2.177250748071287e-15
676000,Body3,7325159.69623665,-2668080.90754591,0,20.06737868749326,45.22114935771284,0,1.865485489702294e-10,2.177250748071287e-15
677000,Body1,3494791.144178101,-5521161.446602796,0,13.82544102142689,5.507317880458226,0,1.859220871566662e-10,1.74180059845703e-15
677000,Body2,-3737492.114493831,5627390.805928541,0,-14.27352005329796,-5.958006880204788,0,1.859220871566662e-10,1.74180059845703e-15
677000,Body3,7345097.031576,-2622935.93259262,0,19.8079031870906,45.0688999746213,0,1.859220871566662e-10,1.74180059845703e-15
678000,Body1,3508607.433718852,-5515637.424573088,0,13.80712301041545,5.540712778836689,0,1.853164120058277e-10,1.959525673264159e-15
678000,Body2,-3751755.200816609,5621416.853649605,0,-14.25264350687366,-5.989885282844515,0,1.853164120058277e-10,1.959525673264159e-15
678000,Body3,7364776.709778449,-2577942.90766975,0,19.55204964580317,44.91725040074851,0,1.853164120058277e-10,1.959525673264159e-15
679000,Body1,3522405.360292634,-5510080.047842245,0,13.7887152706017,5.574027278139179,0,1.847297159818247e-10,1.959525673264159e-15
679000,Body2,-3765997.383382335,5615411.060140176,0,-14.23171257925541,-6.021689346111723,0,1.847297159818247e-10,1.959525673264159e-15
679000,Body3,7384202.308973198,-2533101.229811412,0,19.29973086535254,44.7662067972198,0,1.847297159818247e-10,1.959525673264159e-15
680000,Body1,3536184.834715272,-5504489.39682159,0,13.77021888667089,5.607261355365297,0,1.841619990846572e-10,2.177250748071287e-15
680000,Body2,-3780218.607929828,5609373.49972477,0,-14.21072751032057,-6.0534190997992,0,1.841619990846572e-10,2.177250748071287e-15
680000,Body3,7403377.321458406,-2488410.290336667,0,19.05086236494684,44.61577444335476,0,1.841619990846572e-10,2.177250748071287e-15
681000,Body1,3549945.768873699,-5498865.551941055,0,13.75163491629441,5.640414996201253,0,1.836126588023622e-10,2.612700897685545e-15
681000,Body2,-3794418.820437358,5603304.246697883,0,-14.1896885391102,-6.085074574167647,0,1.836126588023622e-10,2.612700897685545e-15
681000,Body3,7422305.15636846,-2443869.475701015,0,18.80536228155688,44.46595779660383,0,1.836126588023622e-10,2.612700897685545e-15
682000,Body1,3563688.075699413,-5493208.593640786,0,13.73296439108582,5.673488194453658,0,1.830803394830229e-10,2.612700897685545e-15
682000,Body2,-3808597.967121824,5597203.375323502,0,-14.16859590382896,-6.116655799939903,0,1.830803394830229e-10,2.612700897685545e-15
682000,Body3,7440989.142243586,-2399478.168289936,0,18.56315127429248,44.31676054858932,0,1.830803394830229e-10,2.612700897685545e-15
683000,Body1,3577411.669142873,-5487518.602363274,0,13.71420831751778,5.706480951519788,0,1.825644386146763e-10,2.177250748071287e-15
683000,Body2,-3822755.994437908,5591070.95983467,0,-14.14744984184501,-6.148162808295286,0,1.825644386146763e-10,2.177250748071287e-15
683000,Body3,7459432.529505831,-2355235.747158221,0,18.32415243269987,44.1681856775151,0,1.825644386146763e-10,2.177250748071287e-15
684000,Body1,3591116.464148812,-5481795.658546034,0,13.69536767780164,5.739393275891659,0,1.820642030573685e-10,2.177250748071287e-15
684000,Body2,-3836892.849077242,5584907.07443303,0,-14.12625058968998,-6.179595630863914,0,1.820642030573685e-10,2.177250748071287e-15
684000,Body3,7477638.492845208,-2311141.588718608,0,18.08829118880979,44.02023549719028,0,1.820642030573685e-10,2.177250748071287e-15
685000,Body1,3604802.376632395,-5476039.842614736,0,13.67644343073097,5.772225182691845,0,1.815802353230625e-10,1.524075523649901e-15
685000,Body2,-3851008.477967571,5578711.793288372,0,-14.10499838305892,-6.210954299721144,0,1.815802353230625e-10,1.524075523649901e-15
685000,Body3,7495610.133519698,-2267195.067382983,0,17.85549523277115,43.87291170289421,0,1.815802353230625e-10,1.524075523649901e-15
686000,Body1,3618469.323456212,-5470251.234976787,0,13.65743651249113,5.804976693238758,0,1.811141923196568e-10,2.830425972492674e-15
686000,Body2,-3865102.828271919,5572485.190538192,0,-14.08369345681052,-6.242238847382051,0,1.811141923196568e-10,2.830425972492674e-15
686000,Body3,7513350.481572641,-2223395.556159222,0,17.62569443191425,43.72621541429321,0,1.811141923196568e-10,2.830425972492674e-15
687000,Body1,3632117.222408061,-5464429.916015354,0,13.63834783743586,5.837647834639476,0,1.806608020674748e-10,2.394975822878416e-15
687000,Body2,-3879175.847387751,5566227.340287233,0,-14.06233604496703,-6.273449306795889,0,1.806608020674748e-10,2.394975822878416e-15
687000,Body3,7530862.497970797,-2179742.427206499,0,17.39882075309325,43.58014721560654,0,1.806608020674748e-10,2.394975822878416e-15
688000,Body1,3645745.992179488,-5458575.966083761,0,13.61917829883276,5.870238639408357,0,1.802203658224979e-10,2.177250748071287e-15
688000,Body2,-3893227.482946135,5559938.316607093,0,-14.04092638071463,-6.304585711340746,0,1.802203658224979e-10,2.177250748071287e-15
688000,Body3,7548149.076666378,-2136235.052351716,0,17.17480818816424,43.43470719320362,0,1.802203658224979e-10,2.177250748071287e-15
689000,Body1,3659355.552345061,-5452689.465500273,0,13.59992876957876,5.902749145109654,0,1.797948417486061e-10,1.959525673264159e-15
689000,Body2,-3907257.682810903,5553618.193535774,0,-14.0194646964036,-6.335648094818016,0,1.797948417486061e-10,1.959525673264159e-15
689000,Body3,7565213.046586025,-2092872.80356958,0,16.95359268246212,43.28989497080121,0,1.797948417486061e-10,1.959525673264159e-15
690000,Body1,3672945.823342348,-5446770.494543186,0,13.58060010288696,5.935179394022558,0,1.793824223099103e-10,1.959525673264159e-15
690000,Body2,-3921266.395077826,5547267.045077276,0,-13.9979512235486,-6.366636491447109,0,1.793824223099103e-10,1.959525673264159e-15
690000,Body3,7582057.173549726,-2049655.053428577,0,16.73511206614518,43.14570974241985,0,1.793824223099103e-10,1.959525673264159e-15
691000,Body1,3686516.726452566,-5440819.133446306,0,13.56119313294604,5.96752943282735,0,1.789847644143088e-10,2.830425972492674e-15
691000,Body2,-3935253.56807377,5540884.94520116,0,-13.97638619282908,-6.397550935860142,0,1.789847644143088e-10,2.830425972492674e-15
691000,Body3,7598684.162122472,-2006581.175505087,0,16.51930598828207,43.00215030324482,0,1.789847644143088e-10,2.830425972492674e-15
692000,Body1,3700068.183781873,-5434835.462394677,0,13.54170867555366,5.999799312311004,0,1.785976504780604e-10,2.830425972492674e-15
692000,Body2,-3949219.150355863,5534471.967842155,0,-13.9547698340895,-6.428391463096638,0,1.785976504780604e-10,2.830425972492674e-15
692000,Body3,7615096.657401306,-1963650.544767599,0,16.30611585356195,42.85921507852969,0,1.785976504780604e-10,2.830425972492674e-15
693000,Body1,3713600.118243279,-5428819.561520618,0,13.52214752872464,6.031989087091294,0,1.782218336411188e-10,1.74180059845703e-15
693000,Body2,-3963163.090710655,5528028.186899747,0,-13.93310237634001,-6.459158108598301,0,1.782218336411188e-10,1.74180059845703e-15
693000,Body3,7631297.246740336,-1920862.53793296,0,16.09548476151331,42.71690215066796,0,1.782218336411188e-10,1.74180059845703e-15
694000,Body1,3727112.453539166,-5422771.510900033,0,13.50251047327531,6.064098815357964,0,1.778597239513362e-10,2.177250748071287e-15
694000,Body2,-3977085.338153302,5521553.676237797,0,-13.91138404775678,-6.489850908203809,0,1.778597239513362e-10,2.177250748071287e-15
694000,Body3,7647288.461416196,-1878216.533796419,0,15.88735744812262,42.57520928455315,0,1.778597239513362e-10,2.177250748071287e-15
695000,Body1,3740605.114144364,-5416691.390548936,0,13.48279827338492,6.096128558630004,0,1.775096645008142e-10,3.701326271721188e-15
695000,Body2,-3990985.841926704,5515048.509684107,0,-13.88961507568265,-6.520469898143671,0,1.775096645008142e-10,3.701326271721188e-15
695000,Body3,7663072.778236286,-1835711.913537123,0,15.68168022974931,42.43413395133613,0,1.775096645008142e-10,3.701326271721188e-15
696000,Body1,3754078.0252898,-5410579.280420265,0,13.46301167713505,6.128078381527887,0,1.771704502656269e-10,4.354501496142575e-15
696000,Body2,-4004864.551500696,5508512.761030076,0,-13.86779568662762,-6.551015115035034,0,1.771704502656269e-10,4.354501496142575e-15
696000,Body3,7678652.621091998,-1793348.0610006,0,15.47840094923663,42.29367335068335,0,1.771704502656269e-10,4.354501496142575e-15
697000,Body1,3767531.112946639,-5404435.260400872,0,13.44315141702818,6.159948351560035,0,1.768413281058203e-10,4.789951645756833e-15
697000,Body2,-4018721.416571208,5501946.504030271,0,-13.84592610626965,-6.581486595876668,0,1.768413281058203e-10,4.789951645756833e-15
697000,Body3,7694030.362459151,-1751124.362959713,0,15.27746892412475,42.15382443163159,0,1.768413281058203e-10,4.789951645756833e-15
698000,Body1,3780964.303810972,-5398259.410308736,0,13.42321821048619,6.191738538922282,0,1.765222980213946e-10,5.443126870178218e-15
698000,Body2,-4032556.387059429,5495349.8124021,0,-13.82400655945516,-6.611884378043892,0,1.765222980213946e-10,5.443126870178218e-15
698000,Body3,7709208.324847634,-1709040.209355405,0,15.07883489687482,42.01458391212915,0,1.765222980213946e-10,5.443126870178218e-15
699000,Body1,3794377.525288973,-5392051.809890383,0,13.40321276032954,6.223449016309734,0,1.762107993365067e-10,4.572226570949704e-15
699000,Body2,-4046369.413110975,5488722.75982538,0,-13.80203727019991,-6.642208499283499,0,1.762107993365067e-10,4.572226570949704e-15
699000,Body3,7724188.782202239,-1667094.993518539,0,14.88245098701808,41.87594829734567,0,1.762107993365067e-10,4.572226570949704e-15
700000,Body1,3807770.705482524,-5385812.53881847,0,13.38313575523813,6.255079858740238,0,1.759107483789165e-10,4.789951645756833e-15
700000,Body2,-4060160.445095069,5482065.419942022,0,-13.78001846168981,-6.67245899770885,0,1.759107483789165e-10,4.789951645756833e-15
700000,Body3,7738973.961256585,-1625288.112374005,0,14.68827064514754,41.73791389683016,0,1.759107483789165e-10,4.789951645756833e-15
701000,Body1,3821143.773175308,-5379541.676689539,0,13.36298787019466,6.286631143388628,0,1.756194338447902e-10,5.007676720563961e-15
701000,Body2,-4073929.433603706,5475377.86635563,0,-13.75795035628159,-6.702635911794824,0,1.756194338447902e-10,5.007676720563961e-15
701000,Body3,7753566.042841903,-1583618.966628206,0,14.49624860867327,41.60047684058861,0,1.756194338447902e-10,5.007676720563961e-15
702000,Body1,3834496.657819314,-5373239.303021939,0,13.34276976691097,6.318102949431172,0,1.753383620140355e-10,5.660851944985347e-15
702000,Body2,-4087676.329450821,5468660.172631158,0,-13.73583317550383,-6.732739280372976,0,1.753383620140355e-10,5.660851944985347e-15
702000,Body3,7767967.163152443,-1542086.960941,0,14.30634085926671,41.46363309414954,0,1.753383620140355e-10,5.660851944985347e-15
703000,Body1,3847829.289521791,-5366905.497253911,0,13.32248209423839,6.349495357899476,0,1.750643696988464e-10,5.443126870178218e-15
703000,Body2,-4101401.083671462,5461912.412294548,0,-13.71366714005781,-6.762769142626586,0,1.750643696988464e-10,5.443126870178218e-15
703000,Body3,7782179.414969142,-1500691.504083033,0,14.11850458192189,41.32737847268045,0,1.750643696988464e-10,5.443126870178218e-15
704000,Body1,3861141.599032558,-5360540.338741784,0,13.30212548856263,6.380808451543374,0,1.747982100391767e-10,4.789951645756833e-15
704000,Body2,-4115103.647520968,5455134.65883239,0,-13.69145246981847,-6.792725538085829,0,1.747982100391767e-10,4.789951645756833e-15
704000,Body3,7796204.848843115,-1459432.009079414,0,13.93269812556546,41.19170865421543,0,1.747982100391767e-10,4.789951645756833e-15
705000,Body1,3874433.517731756,-5354143.906758353,0,13.28170057418379,6.412042314702151,0,1.745413893149341e-10,4.789951645756833e-15
705000,Body2,-4128783.97247414,5448326.985691573,0,-13.66918938383549,-6.822608506622936,0,1.745413893149341e-10,4.789951645756833e-15
705000,Body3,7810045.474240507,-1418307.893340593,0,13.74888096515016,41.05661919204786,0,1.745413893149341e-10,4.789951645756833e-15
706000,Body1,3887704.977617934,-5347716.280491315,0,13.26120796368233,6.443197033183655,0,1.742919493622386e-10,4.789951645756833e-15
706000,Body2,-4142442.010224415,5441489.46627894,0,-13.64687810033422,-6.852418088447377,0,1.742919493622386e-10,4.789951645756833e-15
706000,Body3,7823703.260650176,-1377318.578781223,0,13.56701366516932,40.92210552634101,0,1.742919493622386e-10,4.789951645756833e-15
707000,Body1,3900955.91129651,-5341257.539041875,0,13.24064825827135,6.474272694150743,0,1.74050643321044e-10,5.22540179537109e-15
707000,Body2,-4156077.712683043,5434622.17396096,0,-13.62451883671687,-6.8821543241011,0,1.74050643321044e-10,5.22540179537109e-15
707000,Body3,7837180.138655567,-1336463.491927802,0,13.38705784453314,40.78816299500492,0,1.74050643321044e-10,5.22540179537109e-15
708000,Body1,3914186.251968572,-5334767.76142343,0,13.22002204813595,6.505269386014675,0,1.738171699353689e-10,5.443126870178218e-15
708000,Body2,-4169691.031978269,5427725.182063399,0,-13.60211180956363,-6.911817254453817,0,1.738171699353689e-10,5.443126870178218e-15
708000,Body3,7850478.00097208,-1295742.064015771,0,13.20897614274962,40.65478684388345,0,1.738171699353689e-10,5.443126870178218e-15
709000,Body1,3927395.933420014,-5328247.026560406,0,13.19932991276002,6.536187198334972,0,1.735891191573611e-10,5.007676720563961e-15
709000,Body2,-4183281.920454504,5420798.563870983,0,-13.57965723463377,-6.941406920698243,0,1.735891191573611e-10,5.007676720563961e-15
709000,Body3,7863598.703451306,-1255153.731076758,0,13.03273218735612,40.52197223629631,0,1.735891191573611e-10,5.007676720563961e-15
710000,Body1,3940584.890010998,-5321695.41328712,0,13.17857242124125,6.567026221725438,0,1.733692022908542e-10,5.007676720563961e-15
710000,Body2,-4196850.330671512,5413842.3926271,0,-13.55715532686693,-6.970923364345476,0,1.733692022908542e-10,5.007676720563961e-15
710000,Body3,7876544.066053284,-1214697.934016587,0,12.85829056254988,40.38971426197297,0,1.733692022908542e-10,5.007676720563961e-15
711000,Body1,3953753.056665721,-5315113.000346792,0,13.15775013259447,6.597786547765808,0,1.731571180798667e-10,5.443126870178218e-15
711000,Body2,-4210396.21540358,5406856.741533456,0,-13.53460630038434,-7.000366627220287,0,1.731571180798667e-10,5.443126870178218e-15
711000,Body3,7889315.873787919,-1174374.11868464,0,12.68561677896767,40.2580079454176,0,1.731571180798667e-10,5.443126870178218e-15
712000,Body1,3966900.368862468,-5308499.866390605,0,13.13686359604423,6.628468268918843,0,1.729484983126667e-10,4.572226570949704e-15
712000,Body2,-4223919.527638716,5399841.683749773,0,-13.51201036849008,-7.029736751456535,0,1.729484983126667e-10,4.572226570949704e-15
712000,Body3,7901915.877626812,-1134181.735935124,0,12.51467724456772,40.12684825373896,0,1.729484983126667e-10,4.572226570949704e-15
713000,Body1,3980026.76262397,-5301856.089976883,0,13.11591335130662,6.659071478452486,0,1.727468074330415e-10,4.136776421335446e-15
713000,Body2,-4237420.220577817,5392797.292393505,0,-13.48936774367248,-7.059033779492562,0,1.727468074330415e-10,4.136776421335446e-15
713000,Body3,7914345.795386449,-1094120.24168076,0,12.34543923656852,39.9962301039778,0,1.727468074330415e-10,4.136776421335446e-15
714000,Body1,3993132.174508046,-5295181.749570297,0,13.09489992886122,6.689596270366692,0,1.725514429290282e-10,3.48360119691406e-15
714000,Body2,-4250898.24763387,5385723.64053951,0,-13.4666786376054,-7.088257754066618,0,1.725514429290282e-10,3.48360119691406e-15
714000,Body3,7926607.312583833,-1054189.096939392,0,12.17787087440164,39.86614836996244,0,1.725514429290282e-10,3.48360119691406e-15
715000,Body1,4006216.541598478,-5288476.923541196,0,13.07382385021316,6.720042739324827,0,1.723619529166544e-10,2.830425972492674e-15
715000,Body2,-4264353.562431119,5378620.801219753,0,-13.4439432611497,-7.117408718212344,0,1.723619529166544e-10,2.830425972492674e-15
715000,Body3,7938702.083265635,-1014387.767873945,0,12.01194109363709,39.73659788872104,0,1.723619529166544e-10,2.830425972492674e-15
716000,Body1,4019279.801496168,-5281741.690164944,0,13.05268562814603,6.75041098058917,0,1.721792411638648e-10,2.830425972492674e-15
716000,Body2,-4277786.11880427,5371488.847423022,0,-13.42116182435462,-7.146486715254248,0,1.721792411638648e-10,2.830425972492674e-15
716000,Body3,7950631.730811631,-974715.7258262063,0,11.84761962084234,39.60757346647706,0,1.721792411638648e-10,2.830425972492674e-15
717000,Body1,4032321.892310549,-5274976.127621381,0,13.03148576696573,6.78070108996038,0,1.720022532747239e-10,2.830425972492674e-15
717000,Body2,-4291195.870797669,5364327.852094645,0,-13.39833453645927,-7.175491788803225,0,1.720022532747239e-10,2.830425972492674e-15
717000,Body3,7962397.848713528,-935172.4473447906,0,11.68487694933669,39.47906988425407,0,1.720022532747239e-10,2.830425972492674e-15
718000,Body1,4045342.752651213,-5268180.313994299,0,13.0102247627359,6.810913163720704,0,1.718312905052134e-10,3.48360119691406e-15
718000,Body2,-4304582.772664494,5357137.888136188,0,-13.37546160589413,-7.204423982752121,0,1.718312905052134e-10,3.48360119691406e-15
718000,Body3,7974002.001329948,-895757.4142076917,0,11.52368431580579,39.35108190311195,0,1.718312905052134e-10,3.48360119691406e-15
719000,Body1,4058342.321619797,-5261354.327270982,0,12.98890310350502,6.841047298580633,0,1.716655997153795e-10,3.48360119691406e-15
719000,Body2,-4317946.778865966,5349919.028405196,0,-13.35254324028259,-7.233283341271306,0,1.716655997153795e-10,3.48360119691406e-15
719000,Body3,7985445.724618464,-856470.1134397729,0,11.36401367774145,39.22360426903775,0,1.716655997153795e-10,3.48360119691406e-15
720000,Body1,4071320.538802065,-5254498.245341816,0,12.96752126952567,6.871103591628859,0,1.715035239973237e-10,3.265876122106931e-15
720000,Body2,-4331287.844070502,5342671.345714888,0,-13.32957964644255,-7.262069908804256,0,1.715035239973237e-10,3.265876122106931e-15
720000,Body3,7996730.526845408,-817310.0373255337,0,11.20583769167403,39.09663171751153,0,1.715035239973237e-10,3.265876122106931e-15
721000,Body1,4084277.344260226,-5247612.14599993,0,12.94607973346619,6.901082140285292,0,1.713473227709075e-10,3.265876122106931e-15
721000,Body2,-4344605.923152956,5335394.912833921,0,-13.30657103038797,-7.290783730063252,0,1.713473227709075e-10,3.265876122106931e-15
721000,Body3,8007857.889274418,-778276.6834174583,0,11.04912969216616,38.97015897776681,0,1.713473227709075e-10,3.265876122106931e-15
722000,Body1,4097212.678525454,-5240696.106940887,0,12.92457896061507,6.930983042257006,0,1.71195640384214e-10,3.48360119691406e-15
722000,Body2,-4357900.971193781,5328089.802486107,0,-13.28351759733057,-7.319424850024926,0,1.71195640384214e-10,3.48360119691406e-15
722000,Body3,8018829.266834211,-739369.5545402541,0,10.8938636715374,38.84418077676336,0,1.71195640384214e-10,3.48360119691406e-15
723000,Body1,4110126.482590597,-5233750.20576241,0,12.90301940907836,6.960806395496879,0,1.710480249532711e-10,3.048151047299802e-15
723000,Body2,-4371172.943478253,5320756.087350141,0,-13.26041955168139,-7.34799331392608,0,1.710480249532711e-10,3.048151047299802e-15
723000,Body3,8029646.088766515,-700588.1587912515,0,10.74001426029145,38.71869184289068,0,1.710480249532711e-10,3.048151047299802e-15
724000,Body1,4123018.697903106,-5226774.519964176,0,12.88140152997032,6.990552298164833,0,1.709071877819122e-10,3.48360119691406e-15
724000,Body2,-4384421.795495641,5313393.840059363,0,-13.23727709705263,-7.376489167259297,0,1.709071877819122e-10,3.48360119691406e-15
724000,Body3,8040309.759254772,-661932.0095372294,0,10.58755670821815,38.59368690941653,0,1.709071877819122e-10,3.48360119691406e-15
725000,Body1,4135889.266358121,-5219769.126947593,0,12.85972576759768,7.020220848591495,0,1.707701163103222e-10,4.136776421335446e-15
725000,Body2,-4397647.482938449,5306003.133201483,0,-13.21409043625926,-7.404912455768765,0,1.707701163103222e-10,4.136776421335446e-15
725000,Body3,8050821.658034208,-623400.6254079143,0,10.43646686614436,38.46916071769771,0,1.707701163103222e-10,4.136776421335446e-15
726000,Body1,4148738.130291759,-5212734.104015681,0,12.83799255963761,7.049812145244068,0,1.706365092825198e-10,4.354501496142575e-15
726000,Body2,-4410849.961701589,5298584.039318354,0,-13.19085977132082,-7.433263225446007,0,1.706365092825198e-10,4.354501496142575e-15
726000,Body3,8061183.140984041,-584993.5302863759,0,10.28672116830786,38.34510802016521,0,1.706365092825198e-10,4.354501496142575e-15
727000,Body1,4161565.232474576,-5205669.528372937,0,12.8162023373098,7.079326286694406,0,1.70506818582477e-10,4.572226570949704e-15
727000,Body2,-4424029.187881589,5291136.630905711,0,-13.16758530346324,-7.461541522525681,0,1.70506818582477e-10,4.572226570949704e-15
727000,Body3,8071395.540702295,-546710.2532965535,0,10.138296615331,38.22152358309902,0,1.70506818582477e-10,4.572226570949704e-15
728000,Body1,4174370.516105187,-5198575.477125239,0,12.79435552554273,7.108763371589125,0,1.703793873022956e-10,3.48360119691406e-15
728000,Body2,-4437185.117775816,5283660.980412928,0,-13.14426723312058,-7.489747393481457,0,1.703793873022956e-10,3.48360119691406e-15
728000,Body3,8081460.167063947,-508550.3287880989,0,9.991170757770448,38.09840218920375,0,1.703793873022956e-10,3.48360119691406e-15
729000,Body1,4187153.924804056,-5191452.027279809,0,12.7724525431346,7.138123498621517,0,1.70257679885763e-10,3.265876122106931e-15
729000,Body2,-4450317.707881673,5276157.160242802,0,-13.12090575993695,-7.517880885021786,0,1.70257679885763e-10,3.265876122106931e-15
729000,Body3,8091378.307762844,-470513.296318745,0,9.845321680221209,37.97573863999768,0,1.70257679885763e-10,3.265876122106931e-15
730000,Body1,4199915.402607443,-5184299.255745146,0,12.75049380290865,7.167406766505321,0,1.701397381689994e-10,3.048151047299802e-15
730000,Body2,-4463426.914895811,5268625.2427513,0,-13.09750108276832,-7.545942044085871,0,1.701397381689994e-10,3.048151047299802e-15
730000,Body3,8101151.228838033,-432598.7006343707,0,9.700727985953666,37.85352775802596,0,1.701397381689994e-10,3.048151047299802e-15
731000,Body1,4212654.893961507,-5177117.239331051,0,12.72847971186368,7.196613273950201,0,1.700243571280787e-10,2.830425972492674e-15
731000,Body2,-4476512.695713347,5261065.300247325,0,-13.07405339968445,-7.573930917839571,0,1.700243571280787e-10,2.830425972492674e-15
731000,Body3,8110780.175184953,-394806.0916469364,0,9.557368782063509,37.73176438890834,0,1.700243571280787e-10,2.830425972492674e-15
732000,Body1,4225372.343716562,-5169906.05474861,0,12.70641067131952,7.225743119638665,0,1.699143986948252e-10,3.048151047299802e-15
732000,Body2,-4489575.007427072,5253477.404992519,0,-13.05056290797078,-7.601847553671271,0,1.699143986948252e-10,3.048151047299802e-15
732000,Body3,8120266.371052048,-357135.0244104501,0,9.415223665115199,37.61044340323184,0,1.699143986948252e-10,3.048151047299802e-15
733000,Body1,4238067.697121451,-5162665.778610258,0,12.68428707705773,7.25479640220466,0,1.698063984254516e-10,2.830425972492674e-15
733000,Body2,-4502613.807326674,5245861.629201013,0,-13.02702980413043,-7.629691999187921,0,1.698063984254516e-10,2.830425972492674e-15
733000,Body3,8129611.020523272,-319585.0590951163,0,9.274272707260044,37.48955969829719,0,1.698063984254516e-10,2.830425972492674e-15
734000,Body1,4250740.899818098,-5155396.487429838,0,12.6621093194579,7.283773220213435,0,1.697038207637453e-10,3.48360119691406e-15
734000,Body2,-4515629.052897952,5238218.045039235,0,-13.00345428388615,-7.657464302211014,0,1.697038207637453e-10,3.48360119691406e-15
734000,Body3,8138815.307986894,-282155.7609598059,0,9.13449644281164,37.36910819972712,0,1.697038207637453e-10,3.48360119691406e-15
735000,Body1,4263391.897836146,-5148098.257622647,0,12.63987778362949,7.312673672142822,0,1.696035025219004e-10,3.919051346528317e-15
735000,Body2,-4528620.70182204,5230546.724625679,0,-12.97983654218221,-7.685164510772588,0,1.696035025219004e-10,3.919051346528317e-15
735000,Body3,8147880.39859116,-244846.7003229844,0,8.995875855261088,37.24908386294611,0,1.696035025219004e-10,3.919051346528317e-15
736000,Body1,4276020.637587773,-5140771.165505577,0,12.61759284953936,7.341497856365625,0,1.695052930719261e-10,3.919051346528317e-15
736000,Body2,-4541588.711974627,5222847.740030699,0,-12.95617677318664,-7.712792673111314,0,1.695052930719261e-10,3.919051346528317e-15
736000,Body3,8156807.438687133,-207657.4525322212,0,8.858392364715939,37.12948167453812,0,1.695052930719261e-10,3.919051346528317e-15
737000,Body1,4288627.065862613,-5133415.287297194,0,12.5952548921355,7.370245871133339,0,1.6941069869373e-10,3.265876122106931e-15
737000,Body2,-4554533.041425178,5215121.163276319,0,-12.93247517029308,-7.740348837668548,0,1.6941069869373e-10,3.265876122106931e-15
737000,Body3,8165597.556259232,-170587.5979323999,0,8.7220278157472,37.01029665349,0,1.6941069869373e-10,3.265876122106931e-15
738000,Body1,4301211.129822762,-5126030.699117885,0,12.57286428146654,7.398917814560904,0,1.693185143633859e-10,2.830425972492674e-15
738000,Body2,-4567453.648436182,5207367.066336014,0,-12.90873192612294,-7.767833053084481,0,1.693185143633859e-10,2.830425972492674e-15
738000,Body3,8174251.861343745,-133636.7218327378,0,8.586764465629111,36.89152385232771,0,1.693185143633859e-10,2.830425972492674e-15
739000,Body1,4313772.776997997,-5118617.476989995,0,12.55042138279779,7.4275137846124,0,1.692282881969218e-10,2.394975822878416e-15
739000,Body2,-4580350.491462339,5199585.521134526,0,-12.88494723252748,-7.795245368194212,0,1.692282881969218e-10,2.394975822878416e-15
739000,Body3,8182771.44643584,-96804.41447272114,0,8.452584972957631,36.77315835815072,0,1.692282881969218e-10,2.394975822878416e-15
740000,Body1,4326311.955281002,-5111175.696837985,0,12.52792655672343,7.456033879087942,0,1.691436352661157e-10,2.612700897685545e-15
740000,Body2,-4593223.52914984,5191776.59954766,0,-12.86112128058989,-7.822585832023961,0,1.691436352661157e-10,2.612700897685545e-15
740000,Body3,8191157.386885326,-60090.27098705529,0,8.319472386633498,36.6551952935723,0,1.691436352661157e-10,2.612700897685545e-15
741000,Body1,4338828.612922754,-5103705.434488608,0,12.50538015927532,7.484478195611257,0,1.690589823353097e-10,1.959525673264159e-15
741000,Body2,-4606072.720335555,5183940.373402108,0,-12.83725426062742,-7.849854493787253,0,1.690589823353097e-10,1.959525673264159e-15
741000,Body3,8199410.741281617,-23493.89136971696,0,8.187410135196879,36.53762981756979,0,1.690589823353097e-10,1.959525673264159e-15
742000,Body1,4351322.698528043,-5096206.765671073,0,12.48278254202846,7.512846831618317,0,1.689785469882448e-10,1.959525673264159e-15
742000,Body2,-4618898.024046305,5176076.914475256,0,-12.81334636219359,-7.877051402881125,0,1.689785469882448e-10,1.959525673264159e-15
742000,Body3,8207532.551828167,12985.11956279906,0,8.056382016500558,36.42045712625123,0,1.689785469882448e-10,1.959525673264159e-15
743000,Body1,4363794.161051034,-5088679.76601727,0,12.46013405220308,7.54113988434665,0,1.689003710610413e-10,1.74180059845703e-15
743000,Body2,-4631699.399498077,5168186.294494991,0,-12.78939777408031,-7.904176608882373,0,1.689003710610413e-10,1.74180059845703e-15
743000,Body3,8215523.844706755,49347.15220896115,0,7.926372187709865,36.30367245354312,0,1.689003710610413e-10,1.74180059845703e-15
744000,Body1,4376242.949790982,-5081124.511061942,0,12.43743503276377,7.569357450825523,0,1.688255089496345e-10,1.959525673264159e-15
744000,Body2,-4644476.806095276,5160268.585139555,0,-12.76540868432007,-7.931230161543865,0,1.688255089496345e-10,1.959525673264159e-15
744000,Body3,8223385.63043194,85592.59222033205,0,7.79736515561722,36.18727107180395,0,1.688255089496345e-10,1.959525673264159e-15
745000,Body1,4388669.014388015,-5073541.076242914,0,12.41468582251546,7.597499627866793,0,1.687523037461261e-10,2.177250748071287e-15
745000,Body2,-4657230.203429951,5152323.858037329,0,-12.74137928018821,-7.958212110790778,0,1.687523037461261e-10,2.177250748071287e-15
745000,Body3,8231118.904195964,121721.8205402783,0,7.669345767260279,36.07124829236827,0,1.687523037461261e-10,2.177250748071287e-15
746000,Body1,4401072.304819028,-5065929.536901307,0,12.39188675619659,7.625566512056439,0,1.686818098464512e-10,1.959525673264159e-15
746000,Body2,-4669959.551281049,5144352.184766697,0,-12.71730974820506,-7.985122506717008,0,1.686818098464512e-10,1.959525673264159e-15
746000,Body3,8238724.646204427,157735.2134431914,0,7.542299200832868,35.95559946602564,0,1.686818098464512e-10,1.959525673264159e-15
747000,Body1,4413452.771393664,-5058289.968281784,0,12.36903816456934,7.65355819974677,0,1.686147803905639e-10,2.394975822878416e-15
747000,Body2,-4682664.80961367,5136353.636855864,0,-12.69320027413828,-8.011961399581454,0,1.686147803905639e-10,2.394975822878416e-15
747000,Body3,8246203.822003016,193633.1425741558,0,7.416210956878262,35.84031998343756,0,1.686147803905639e-10,2.394975822878416e-15
748000,Body1,4425810.364750367,-5050622.445532769,0,12.34614037450732,7.681474787049178,0,1.68548654702621e-10,2.612700897685545e-15
748000,Body2,-4695345.938578303,5128328.2857827,0,-12.66905104300502,-8.038728839804453,0,1.68548654702621e-10,2.612700897685545e-15
748000,Body3,8253557.382795586,229415.9749890062,0,7.291066849754888,35.72540527549746,0,1.68548654702621e-10,2.612700897685545e-15
749000,Body1,4438145.035852557,-5042927.043706691,0,12.32319370908053,7.709316369827554,0,1.684855415744934e-10,3.048151047299802e-15
749000,Body2,-4708002.898510074,5120276.202974567,0,-12.64486223907434,-8.065424877964221,0,1.684855415744934e-10,3.048151047299802e-15
749000,Body3,8260786.265753783,265084.0731947156,0,7.166852999364838,35.61085081363652,0,1.684855415744934e-10,3.048151047299802e-15
750000,Body1,4450456.735984848,-5035203.837760252,0,12.30019848763784,7.737083043692115,0,1.684242359822548e-10,2.830425972492674e-15
750000,Body2,-4720635.649928016,5112197.459808173,0,-12.62063404586936,-8.092049564793205,0,1.684242359822548e-10,2.830425972492674e-15
750000,Body3,8267891.394318595,300637.7951900658,0,7.043555823136154,35.49665211007867,0,1.684242359822548e-10,2.830425972492674e-15
751000,Body1,4462745.416749377,-5027452.902554662,0,12.27715502588705,7.764774903993866,0,1.683629303900162e-10,1.74180059845703e-15
751000,Body2,-4733244.153534306,5104092.127609419,0,-12.59636664616971,-8.118602951174623,0,1.683629303900162e-10,1.74180059845703e-15
751000,Body3,8274873.678493924,336077.4945065477,0,6.921162028249739,35.38280471804813,0,1.683629303900162e-10,1.74180059845703e-15
752000,Body1,4475011.030062204,-5019674.312855925,0,12.25406363597261,7.792392045819399,0,1.683061436375004e-10,2.394975822878416e-15
752000,Body2,-4745828.370213525,5095960.277653252,0,-12.5720602220138,-8.145085088139014,0,1.683061436375004e-10,2.394975822878416e-15
752000,Body3,8281734.015132608,371403.5202494449,0,6.799658604102833,35.26930423193264,0,1.683061436375004e-10,2.394975822878416e-15
753000,Body1,4487253.528149778,-5011868.143335084,0,12.23092462655096,7.819934563986275,0,1.682510137928829e-10,2.394975822878416e-15
753000,Body2,-4758388.261031928,5087801.98116351,0,-12.54771495470112,-8.171496026860597,0,1.682510137928829e-10,2.394975822878416e-15
753000,Body3,8288473.288214919,406616.2171390645,0,6.679032815000511,35.1561462874046,0,1.682510137928829e-10,2.394975822878416e-15
754000,Body1,4499472.863545498,-5004034.468568502,0,12.20773830286386,7.847402553038683,0,1.681957333202747e-10,1.306350448842773e-15
754000,Body2,-4770923.787236699,5079617.3093128,0,-12.52333102479469,-8.197835818653967,0,1.681957333202747e-10,1.306350448842773e-15
754000,Body3,8295092.369119931,441715.9255520623,0,6.559272193067545,35.04332656150357,0,1.681957333202747e-10,1.306350448842773e-15
755000,Body1,4511668.989086322,-4996173.363038138,0,12.18450496680951,7.874796107243639,0,1.681430135235093e-10,1.088625374035644e-15
755000,Body2,-4783434.910255222,5071406.33322233,0,-12.49890861212339,-8.224104514970692,0,1.681430135235093e-10,1.088625374035644e-15
755000,Body3,8301592.116889875,476702.9815628398,0,6.440364531373119,34.9308407726818,0,1.681430135235093e-10,1.088625374035644e-15
756000,Body1,4523841.857909461,-4988284.90113182,0,12.16122491701161,7.902115320587422,0,1.680922518906238e-10,0
756000,Body2,-4795921.591694341,5063169.12396179,0,-12.47444789578436,-8.250302167395787,0,1.680922518906238e-10,0
756000,Body3,8307973.378487745,511577.7169849613,0,6.322297877260996,34.81868468081586,0,1.680922518906238e-10,0
757000,Body1,4535991.423449149,-4980369.157143538,0,12.13789844888647,7.929360286772451,0,1.680434484216182e-10,0
757000,Body2,-4808383.793339631,5054905.752549229,0,-12.44994905414541,-8.276428827644517,0,1.680434484216182e-10,0
757000,Body3,8314236.989048313,546340.4594125737,0,6.205060525878331,34.70685408718627,0,1.680434484216182e-10,0
758000,Body1,4548117.639433449,-4972426.205273721,0,12.11452585470829,7.956531099214433,0,1.67998711908363e-10,8.70900299228515e-16
758000,Body2,-4820821.477154681,5046616.289950912,0,-12.4254122648474,-8.302484547558924,0,1.67998711908363e-10,8.70900299228515e-16
758000,Body3,8320383.772122763,580991.5322617872,0,6.08864101389625,34.59534483442716,0,1.67998711908363e-10,8.70900299228515e-16
759000,Body1,4560220.459881171,-4964456.119629513,0,12.09110742367236,7.983627851039852,0,1.679527703711818e-10,2.177250748071287e-16
759000,Body2,-4833234.605280347,5038300.807081205,0,-12.40083770480669,-8.328469379104533,0,1.679527703711818e-10,2.177250748071287e-16
759000,Body3,8326414.539917174,615531.2548119895,0,5.973028113415946,34.4841528064479,0,1.679527703711818e-10,2.177250748071287e-16
760000,Body1,4572299.839098783,-4956458.974225097,0,12.06764344195692,8.010650635083703,0,1.679095401378342e-10,4.354501496142575e-16
760000,Body2,-4845623.140034037,5029959.374802439,0,-12.37622555021764,-8.35438337436721,0,1.679095401378342e-10,4.354501496142575e-16
760000,Body3,8332330.093524957,649959.9422470747,0,5.858210826053823,34.373273928329,0,1.679095401378342e-10,4.354501496142575e-16
761000,Body1,4584355.731677467,-4948434.842981957,0,12.04413419278277,8.037599543887577,0,1.678679668123849e-10,1.088625374035644e-15
761000,Body2,-4857987.04390901,5021592.063924807,0,-12.35157597655497,-8.380226585549734,0,1.678679668123849e-10,1.088625374035644e-15
761000,Body3,8338131.22315353,684277.9056965502,0,5.744178377199925,34.26270416619374,0,1.678679668123849e-10,1.088625374035644e-15
762000,Body1,4596388.092490165,-4940383.799729192,0,12.02057995647161,8.064474669697889,0,1.678266947429172e-10,2.177250748071287e-16
762000,Body2,-4870326.279573627,5013198.945206236,0,-12.32688915857624,-8.405999064968658,0,1.678266947429172e-10,2.177250748071287e-16
762000,Body3,8343818.708345218,718485.4522765055,0,5.630920210443815,34.15243952705684,0,1.678266947429172e-10,2.177250748071287e-16
763000,Body1,4608396.876688711,-4932305.918203782,0,11.99698101050263,8.091276104464422,0,1.677876820933108e-10,4.354501496142575e-16
763000,Body2,-4882640.809870651,5004780.089352293,0,-12.30216527032445,-8.431700865051148,0,1.677876820933108e-10,4.354501496142575e-16
763000,Body3,8349393.318192803,752582.8851304192,0,5.518425982162332,34.04247605865244,0,1.677876820933108e-10,4.354501496142575e-16
764000,Body1,4620382.039701024,-4924201.272050933,0,11.9733376295675,8.118003939839101,0,1.677513807475381e-10,6.531752244213863e-16
764000,Body2,-4894930.597816535,4996335.56701605,0,-12.27740448513034,-8.457332038331739,0,1.677513807475381e-10,6.531752244213863e-16
764000,Body3,8354855.811549625,786570.5034697851,0,5.40668555626392,33.93280984924251,0,1.677513807475381e-10,6.531752244213863e-16
765000,Body1,4632343.537228341,-4916069.93482433,0,11.94965008562396,8.144658267174911,0,1.677155312857377e-10,8.70900299228515e-16
765000,Body2,-4907195.606600706,4987865.448798,0,-12.252606975615,-8.482892637449174,0,1.677155312857377e-10,8.70900299228515e-16
765000,Body3,8360206.937234578,820448.6026145369,0,5.295688999084409,33.82343702740685,0,1.677155312857377e-10,8.70900299228515e-16
766000,Body1,4644281.325242519,-4907911.979986461,0,11.92591864794786,8.171239177525047,0,1.676813387318356e-10,8.70900299228515e-16
766000,Body2,-4919435.799584853,4979369.805245945,0,-12.22777291369236,-8.50838271514341,0,1.676813387318356e-10,8.70900299228515e-16
766000,Body3,8365447.434232021,854217.4740332526,0,5.185426574429284,33.71435376181653,0,1.676813387318356e-10,8.70900299228515e-16
767000,Body1,4656195.359983358,-4899727.480908909,0,11.90214358318389,8.197746761642277,0,1.676478993178873e-10,1.088625374035644e-15
767000,Body2,-4931651.140302243,4970848.706854896,0,-12.20290247057167,-8.53380232425242,0,1.676478993178873e-10,1.088625374035644e-15
767000,Body3,8370578.031886852,887877.4053831261,0,5.075888738757625,33.60555626099173,0,1.676478993178873e-10,1.088625374035644e-15
768000,Body1,4668085.597956019,-4891516.51087266,0,11.87832515539485,8.224181109978453,0,1.676174724637542e-10,2.394975822878416e-15
768000,Body2,-4943841.592456981,4962302.224066979,0,-12.17799581676009,-8.5591515177091,0,1.676174724637542e-10,2.394975822878416e-15
768000,Body3,8375599.450094794,921428.6805496908,0,4.967066136503225,33.49704077304465,0,1.676174724637542e-10,2.394975822878416e-15
769000,Body1,4679951.99592845,-4883279.14306839,0,11.85446362610966,8.250542312684047,0,1.675855393297134e-10,1.524075523649901e-15
769000,Body2,-4956007.119923345,4953730.427271342,0,-12.15305312206515,-8.584430348538342,0,1.675855393297134e-10,1.524075523649901e-15
769000,Body3,8380512.399488095,954871.5796862758,0,4.85894959552835,33.38880358541007,0,1.675855393297134e-10,1.524075523649901e-15
770000,Body1,4691794.510928877,-4875015.450596782,0,11.83055925437011,8.276830459608172,0,1.675555643595525e-10,1.306350448842773e-15
770000,Body2,-4968147.686745057,4945133.38680406,0,-12.12807455559735,-8.609638869854011,0,1.675555643595525e-10,1.306350448842773e-15
770000,Body3,8385317.581616726,988206.3792531884,0,4.751530122705995,33.28084102456263,0,1.675555643595525e-10,1.306350448842773e-15
771000,Body1,4703613.100243353,-4866725.506468814,0,11.80661229677625,8.303045640298388,0,1.675275475532715e-10,1.088625374035644e-15
771000,Body2,-4980263.257134619,4936511.172948063,0,-12.10306028577269,-8.634777134855842,0,1.675275475532715e-10,1.088625374035644e-15
771000,Body3,8390015.689125245,1021433.35205661,0,4.644798899626389,33.17314945572326,0,1.675275475532715e-10,1.088625374035644e-15
772000,Body1,4715407.721413317,-4858409.383606073,0,11.78262300753079,8.329187944000852,0,1.67499832002972e-10,8.70900299228515e-16
772000,Body2,-4992353.795472587,4927863.855933025,0,-12.07801048031519,-8.659845196826607,0,1.67499832002972e-10,8.70900299228515e-16
772000,Body3,8394607.405925434,1054552.767287188,0,4.53874727842386,33.06572528255536,0,1.67499832002972e-10,8.70900299228515e-16
773000,Body1,4727178.332233236,-4850067.154841058,0,11.75859163848216,8.355257459660463,0,1.674752796404784e-10,1.74180059845703e-15
773000,Body2,-5004419.266306905,4919191.505935299,0,-12.05292530625955,-8.684843109129172,0,1.674752796404784e-10,1.74180059845703e-15
773000,Body3,8399093.407364761,1087564.890558327,0,4.433366777720294,32.95856494685145,0,1.674752796404784e-10,1.74180059845703e-15
774000,Body1,4738924.890748273,-4841698.892917458,0,11.73451843916653,8.381254275921226,0,1.674489197420958e-10,6.531752244213863e-16
774000,Body2,-5016459.634352201,4910494.19307784,0,-12.02780492995355,-8.709770925203511,0,1.674489197420958e-10,6.531752244213863e-16
774000,Body3,8403474.360390915,1120469.983944153,0,4.328649078681337,32.85166492821056,0,1.674489197420958e-10,6.531752244213863e-16
775000,Body1,4750647.355251975,-4833304.670490478,0,11.71040365684879,8.407178481126678,0,1.67425723031519e-10,1.306350448842773e-15
775000,Body2,-5028474.864489128,4901771.987430124,0,-12.00264951706084,-8.734628698563931,0,1.67425723031519e-10,1.306350448842773e-15
775000,Body3,8407750.923712419,1153268.306017155,0,4.22458602118199,32.74502174370854,0,1.67425723031519e-10,1.306350448842773e-15
776000,Body1,4762345.684284049,-4824884.560127118,0,11.68624753656232,8.433030163320376,0,1.674017731809885e-10,2.177250748071287e-16
776000,Body2,-5040464.921763633,4893024.959008081,0,-11.97745923256334,-8.759416482796148,0,1.674017731809885e-10,2.177250748071287e-16
776000,Body3,8411923.747955492,1185960.1118855,0,4.12116960007797,32.63863194756077,0,1.674017731809885e-10,2.177250748071287e-16
777000,Body1,4774019.83662812,-4816438.634306504,0,11.66205032114791,8.458809410246561,0,1.673800827503193e-10,2.177250748071287e-16
777000,Body2,-5052429.771386322,4884253.177774023,0,-11.95223424076393,-8.784134331554521,0,1.673800827503193e-10,2.177250748071287e-16
777000,Body3,8415993.47581717,1218545.653229995,0,4.018391961579663,32.53249213077852,0,1.673800827503193e-10,2.177250748071287e-16
778000,Body1,4785669.771309578,-4807966.96542015,0,11.6378122512916,8.484516309350807,0,1.673592960875947e-10,2.177250748071287e-16
778000,Body2,-5064369.378731763,4875456.713636563,0,-11.92697470528908,-8.808782298559168,0,1.673592960875947e-10,2.177250748071287e-16
778000,Body3,8419960.742214894,1251025.178340711,0,3.916245399725444,32.42659892081907,0,1.673592960875947e-10,2.177250748071287e-16
779000,Body1,4797295.447593451,-4799469.625772286,0,11.61353356556159,8.510150947780815,0,1.673406182167407e-10,8.70900299228515e-16
779000,Body2,-5076283.709337814,4866635.636450566,0,-11.90168078909132,-8.833360437593281,0,1.673406182167407e-10,8.70900299228515e-16
779000,Body3,8423826.174432624,1283398.932153251,0,3.814722352951226,32.32094898123123,0,1.673406182167407e-10,8.70900299228515e-16
780000,Body1,4808896.824982275,-4790946.687580118,0,11.58921450044419,8.535713412387238,0,1.673217897178959e-10,8.70900299228515e-16
780000,Body2,-5088172.728904948,4857790.016017091,0,-11.87635265445193,-8.857868802500347,0,1.673217897178959e-10,8.70900299228515e-16
780000,Body3,8427590.392263578,1315667.156284666,0,3.713815400753367,32.21553901129582,0,1.673217897178959e-10,8.70900299228515e-16
781000,Body1,4820473.863214053,-4782398.222974187,0,11.56485529037894,8.561203789724644,0,1.673050700109217e-10,1.74180059845703e-15
781000,Body2,-5100036.403295583,4848919.922083322,0,-11.85099046298358,-8.882307447181379,0,1.673050700109217e-10,1.74180059845703e-15
781000,Body3,8431254.008149635,1347830.089068999,0,3.613517260441956,32.11036574566184,0,1.673050700109217e-10,1.74180059845703e-15
782000,Body1,4832026.52226021,-4773824.303998601,0,11.54045616779278,8.586622166052411,0,1.672892540718921e-10,2.612700897685545e-15
782000,Body2,-5111874.698533427,4840025.424342509,0,-11.82559437563286,-8.906676425592316,0,1.672892540718921e-10,2.612700897685545e-15
782000,Body3,8434817.627317561,1379887.965592474,0,3.513820783981792,32.00542595397989,0,1.672892540718921e-10,2.612700897685545e-15
783000,Body1,4843554.762323623,-4765225.002611366,0,11.51601736313345,8.611968627335877,0,1.672741912728163e-10,3.048151047299802e-15
783000,Body2,-5123687.580802789,4831106.592433913,0,-11.8001645526829,-8.930975791741288,0,1.672741912728163e-10,3.048151047299802e-15
783000,Body3,8438281.847912142,1411841.017728312,0,3.414718954918319,31.90071644053132,0,1.672741912728163e-10,3.048151047299802e-15
784000,Body1,4855058.54383662,-4756600.390684661,0,11.49153910490196,8.637243259247301,0,1.672580740778052e-10,2.830425972492674e-15
784000,Body2,-5135475.01644793,4822163.495942776,0,-11.7747011537561,-8.955205599685966,0,1.672580740778052e-10,2.830425972492674e-15
784000,Body3,8441647.261126256,1443689.474171179,0,3.31620488538598,31.79623404385553,0,1.672580740778052e-10,2.830425972492674e-15
785000,Body1,4866537.827459087,-4747950.540005146,0,11.4670216196844,8.662446147167095,0,1.672422581387756e-10,2.177250748071287e-15
785000,Body2,-5147236.97197242,4813196.204400256,0,-11.74920433781662,-8.979365903530921,0,1.672422581387756e-10,2.177250748071287e-15
785000,Body3,8444914.451327963,1475433.560471249,0,3.218271813196468,31.69197563637453,0,1.672422581387756e-10,2.177250748071287e-15
786000,Body1,4877992.574076545,-4739275.522274242,0,11.44246513218284,8.68757737618493,0,1.672287016196074e-10,2.177250748071287e-15
786000,Body2,-5158973.41403845,4804204.787283382,0,-11.72367426317313,-9.003456757425159,0,1.672287016196074e-10,2.177250748071287e-15
786000,Body3,8448083.996184826,1507073.499067904,0,3.12091309900445,31.58793812401607,0,1.672287016196074e-10,2.177250748071287e-15
787000,Body1,4889422.744798282,-4730575.409108424,0,11.41786986524563,8.712637031100943,0,1.672152957284299e-10,1.74180059845703e-15
787000,Body2,-5170684.309466201,4795189.314015013,0,-11.69811108748138,-9.02747821555938,0,1.672152957284299e-10,1.74180059845703e-15
787000,Body3,8451156.466785327,1538609.509323048,0,3.024122223548474,31.4841184458349,0,1.672152957284299e-10,1.74180059845703e-15
788000,Body1,4900828.30095554,-4721850.272039518,0,11.39323603989684,8.737625196427103,0,1.672036973731415e-10,2.177250748071287e-15
788000,Body2,-5182369.625233175,4786149.85396379,0,-11.67251496774676,-9.051430332163534,0,1.672036973731415e-10,2.177250748071287e-15
788000,Body3,8454132.427757574,1570041.807554047,0,2.927892784964785,31.38051357363307,0,1.672036973731415e-10,2.177250748071287e-15
789000,Body1,4912209.204099656,-4713100.182514977,0,11.36856387536505,8.762541956388361,0,1.671925509018254e-10,2.177250748071287e-15
789000,Body2,-5194029.328473567,4777086.476444124,0,-11.64688606032703,-9.075313161504264,0,1.671925509018254e-10,2.177250748071287e-15
789000,Body3,8457012.437385445,1601370.607066281,0,2.832218496171837,31.2771205115794,0,1.671925509018254e-10,2.177250748071287e-15
790000,Body1,4923565.416000323,-4704325.211898172,0,11.3438535891115,8.787387394924037,0,1.671818563144816e-10,2.394975822878416e-15
790000,Body2,-5205663.3864776,4767999.250716127,0,-11.62122452093498,-9.099126757882416,0,1.671818563144816e-10,2.394975822878416e-15
790000,Body3,8459797.047722053,1632596.118185326,0,2.737093182323497,31.17393629582841,0,1.671818563144816e-10,2.394975822878416e-15
791000,Body1,4934896.89864383,-4695525.431468679,0,11.31910539685746,8.812161595689121,0,1.671729692630268e-10,3.48360119691406e-15
791000,Body2,-5217271.766690888,4758888.245985596,0,-11.59553050464099,-9.122871175630589,0,1.671729692630268e-10,3.48360119691406e-15
791000,Body3,8462486.804700751,1663718.548288747,0,2.642510778328807,31.07095799413907,0,1.671729692630268e-10,3.48360119691406e-15
792000,Body1,4946203.614231315,-4686700.912422555,0,11.29431951261106,8.836864642055625,0,1.671630278156368e-10,2.612700897685545e-15
792000,Body2,-5228854.436713804,4749753.53140399,0,-11.56980416587566,-9.146546469110655,0,1.671630278156368e-10,2.612700897685545e-15
792000,Body3,8465082.24824368,1694738.101837509,0,2.548465326436404,30.96818270549359,0,1.671630278156368e-10,2.612700897685545e-15
793000,Body1,4957485.525177089,-4677851.725872632,0,11.26949614869354,8.861496617114064,0,1.671521826003022e-10,1.524075523649901e-15
793000,Body2,-5240411.364300824,4740595.176068369,0,-11.54404565843257,-9.170152692711321,0,1.671521826003022e-10,1.524075523649901e-15
793000,Body3,8467583.912367893,1725654.980407014,0,2.454950973881645,30.86560755971659,0,1.671521826003022e-10,1.524075523649901e-15
794000,Body1,4968742.594106954,-4668977.942848791,0,11.24463551576461,8.886057603674795,0,1.67144199316792e-10,1.088625374035644e-15
794000,Body2,-5251942.517359903,4731413.249021416,0,-11.5182551354708,-9.193689900845834,0,1.67144199316792e-10,1.088625374035644e-15
794000,Body3,8469992.325289242,1756469.38271775,0,2.361961970594666,30.76322971709454,0,1.67144199316792e-10,1.088625374035644e-15
795000,Body1,4979974.783856535,-4660079.634298237,0,11.21973782284768,8.910547684269368,0,1.671366679172541e-10,1.306350448842773e-15
795000,Body2,-5263447.86395184,4722207.819251386,0,-11.49243274951762,-9.217158147949446,0,1.671366679172541e-10,1.306350448842773e-15
795000,Body3,8472308.009523893,1787181.504665564,0,2.269492666967556,30.6610463679964,0,1.671366679172541e-10,1.306350448842773e-15
796000,Body1,4991182.057469694,-4651156.87108579,0,11.19480327735405,8.934966941152089,0,1.671282327497717e-10,6.531752244213863e-16
796000,Body2,-5274927.372289637,4712978.955692083,0,-11.46657865247107,-9.240557488477148,0,1.671282327497717e-10,6.531752244213863e-16
796000,Body3,8474531.481987743,1817791.539351558,0,2.177537511678912,30.55905473249483,0,1.671282327497717e-10,6.531752244213863e-16
797000,Body1,5002364.378196895,-4642209.723994149,0,11.1698320851068,8.959315456301383,0,1.671214544901876e-10,2.177250748071287e-16
797000,Body2,-5286381.010737895,4703726.72722284,0,-11.44069299560277,-9.263887976901355,0,1.671214544901876e-10,2.177250748071287e-16
797000,Body3,8476663.254093636,1848299.677111597,0,2.086091049574157,30.45725205998866,0,1.671214544901876e-10,2.177250748071287e-16
798000,Body1,5013521.709493635,-4633238.263724172,0,11.14482445036415,8.983593311421238,0,1.671146762306034e-10,6.531752244213863e-16
798000,Body2,-5297808.747812169,4694451.202668522,0,-11.41477592956038,-9.287149667709597,0,1.671146762306034e-10,6.531752244213863e-16
798000,Body3,8478703.83184647,1878706.105545457,0,1.995147919600005,30.35563562882702,0,1.671146762306034e-10,6.531752244213863e-16
799000,Body1,5024654.015018916,-4624242.560895146,0,11.11978057584219,9.007800587942764,0,1.671081992270008e-10,1.74180059845703e-15
799000,Body2,-5309210.552178349,4685152.450799495,0,-11.38882760437033,-9.310342615402176,0,1.671081992270008e-10,1.74180059845703e-15
799000,Body3,8480653.715936288,1909011.009545577,0,1.904702852791461,30.25420274593444,0,1.671081992270008e-10,1.74180059845703e-15
800000,Body1,5035761.258633679,-4615222.686045074,0,11.09470066273715,9.031937367025551,0,1.671033791312966e-10,1.959525673264159e-15
800000,Body2,-5320586.392652038,4675830.54033162,0,-11.36284816944045,-9.333466874489988,0,1.671033791312966e-10,1.959525673264159e-15
800000,Body3,8482513.40182941,1939214.571325453,0,1.814750670309931,30.15295074643817,0,1.671033791312966e-10,1.959525673264159e-15
801000,Body1,5046843.404399307,-4606178.709630922,0,11.06958491074709,9.056003729559201,0,1.670970527556847e-10,3.265876122106931e-15
801000,Body2,-5331936.238197949,4666485.539926243,0,-11.3368377735626,-9.356522499492206,0,1.670970527556847e-10,3.265876122106931e-15
801000,Body3,8484283.379857577,1969316.970447657,0,1.725286281530943,30.05187699329664,0,1.670970527556847e-10,3.265876122106931e-15
802000,Body1,5057900.416576155,-4597110.702028912,0,11.04443351809333,9.07999975616481,0,1.670943414518511e-10,3.048151047299802e-15
802000,Body2,-5343260.057929266,4657117.5181902,0,-11.31079656491534,-9.379509544934162,0,1.670943414518511e-10,3.048151047299802e-15
802000,Body3,8485964.135305244,1999318.383851482,0,1.636304682180041,29.95097887693064,0,1.670943414518511e-10,3.048151047299802e-15
803000,Body1,5068932.259622062,-4588018.733534769,0,11.01924668154115,9.103925527196413,0,1.670917807760082e-10,3.048151047299802e-15
803000,Body2,-5354557.821107069,4647726.54367577,0,-11.2847246910665,-9.402428065345031,0,1.670917807760082e-10,3.048151047299802e-15
803000,Body3,8487556.148494994,2029218.985880216,0,1.547800952515566,29.85025381485591,0,1.670917807760082e-10,3.048151047299802e-15
804000,Body1,5079938.898190908,-4578902.874363999,0,10.99402459642016,9.127781122742535,0,1.670890694721746e-10,3.265876122106931e-15
804000,Body2,-5365829.497139676,4638312.684880723,0,-11.25862229897589,-9.425278115255763,0,1.670890694721746e-10,3.265876122106931e-15
804000,Body3,8489059.894871179,2059018.948308062,0,1.459770255556908,29.74969925131827,0,1.670890694721746e-10,3.265876122106931e-15
805000,Body1,5090920.297131206,-4569763.194652161,0,10.96876745664421,9.151566622627564,0,1.670877138202577e-10,2.830425972492674e-15
805000,Body2,-5377075.055582075,4628876.010248299,0,-11.23248953499795,-9.448059749196924,0,1.670877138202577e-10,2.830425972492674e-15
805000,Body3,8490475.845081862,2088718.440366681,0,1.372207835357018,29.64931265693089,0,1.670877138202577e-10,2.830425972492674e-15
806000,Body1,5101876.421484667,-4560599.764455106,0,10.94347545473091,9.175282106413313,0,1.670853037724056e-10,3.919051346528317e-15
806000,Body2,-5388294.466135304,4619416.588167194,0,-11.20632654488427,-9.470773021696525,0,1.670853037724056e-10,3.919051346528317e-15
806000,Body3,8491804.465058954,2118317.62877138,0,1.285109015317906,29.54909152831394,0,1.670853037724056e-10,3.919051346528317e-15
807000,Body1,5112807.236484843,-4551412.653749263,0,10.91814878182069,9.198927653400483,0,1.670833456085257e-10,4.354501496142575e-15
807000,Body2,-5399487.698645856,4609934.486971596,0,-11.18013347378634,-9.493417987277923,0,1.670833456085257e-10,4.354501496142575e-15
807000,Body3,8493046.216096774,2147816.677746942,0,1.198469196547951,29.44903338773684,0,1.670833456085257e-10,4.354501496142575e-15
808000,Body1,5123712.707555738,-4542201.932431892,0,10.89278762769538,9.22250334263012,0,1.670825924685719e-10,4.572226570949704e-15
808000,Body2,-5410654.72310507,4600429.774941161,0,-11.15391046625817,-9.515994700457791,0,1.670825924685719e-10,4.572226570949704e-15
808000,Body3,8494201.554928904,2177215.749053095,0,1.112283856259815,29.34913578276284,0,1.670825924685719e-10,4.572226570949704e-15
809000,Body1,5134592.800310471,-4532967.670321331,0,10.86739218079655,9.246009252885072,0,1.67083797492498e-10,3.48360119691406e-15
809000,Body2,-5421795.509648548,4590902.520301042,0,-11.12765766625881,-9.53850321574407,0,1.67083797492498e-10,3.48360119691406e-15
809000,Body3,8495270.933803564,2206515.002009627,0,1.026548546207896,29.24939628589643,0,1.67083797492498e-10,3.48360119691406e-15
810000,Body1,5145447.480549931,-4523709.937157281,0,10.84196262824326,9.269445462691449,0,1.670836468645072e-10,3.48360119691406e-15
810000,Body2,-5432910.028555552,4581352.791221877,0,-11.10137521715508,-9.560943587633819,0,1.670836468645072e-10,3.48360119691406e-15
810000,Body3,8496254.800557347,2235714.593521162,0,0.941258891164152,29.1498124942333,0,1.670836468645072e-10,3.48360119691406e-15
811000,Body1,5156276.714261489,-4514428.802601022,0,10.81649915584969,9.292812050320149,0,1.670848518884333e-10,3.265876122106931e-15
811000,Body2,-5443998.250248409,4571780.65581981,0,-11.07506326172419,-9.583315870611322,0,1.670848518884333e-10,3.265876122106931e-15
811000,Body3,8497153.5986875,2264814.678101562,0,0.8564105874313219,29.05038202911313,0,1.670848518884333e-10,3.265876122106931e-15
812000,Body1,5167080.467617668,-4505124.336235707,0,10.7910019481422,9.316109093788201,0,1.670856050283871e-10,3.919051346528317e-15
812000,Body2,-5455060.145291938,4562186.182156528,0,-11.0487219421563,-9.605620119145989,0,1.670856050283871e-10,3.919051346528317e-15
812000,Body3,8497967.76742276,2293815.407898018,0,0.7719994013924483,28.95110253577524,0,1.670856050283871e-10,3.919051346528317e-15
813000,Body1,5177858.706974888,-4495796.60756659,0,10.76547118837603,9.339336670860304,0,1.670865087963317e-10,4.136776421335446e-15
813000,Body2,-5466095.684392861,4552569.438239246,0,-11.02235140005718,-9.627856387690503,0,1.670865087963317e-10,4.136776421335446e-15
813000,Body3,8498697.741792677,2322716.932714759,0,0.6880211680957555,28.85197168301683,0,1.670865087963317e-10,4.136776421335446e-15
814000,Body1,5188611.398872196,-4486445.686021296,0,10.73990705855189,9.362494859050184,0,1.670896719841376e-10,3.48360119691406e-15
814000,Body2,-5477104.8383992,4542930.492020734,0,-10.99595177645081,-9.650024730678771,0,1.670896719841376e-10,3.48360119691406e-15
814000,Body3,8499343.952695606,2351519.40003645,0,0.6044717898738885,28.75298716285446,0,1.670896719841376e-10,3.48360119691406e-15
815000,Body1,5199338.510030011,-4477071.640950047,0,10.71430973943184,9.385583735622067,0,1.670920820319897e-10,3.48360119691406e-15
815000,Body2,-5488087.578299716,4533269.411399343,0,-10.96952321178198,-9.67212520252399,0,1.670920820319897e-10,3.48360119691406e-15
815000,Body3,8499906.826965323,2380222.955051245,0,0.5213472349965952,28.65414669018836,0,1.670920820319897e-10,3.48360119691406e-15
816000,Body1,5210040.007348917,-4467674.541625939,0,10.68867941055521,9.408603377592049,0,1.670946427078326e-10,3.48360119691406e-15
816000,Body2,-5499043.875223334,4523586.26421901,0,-10.94306584591894,-9.694157857616803,0,1.670946427078326e-10,3.48360119691406e-15
816000,Body3,8500386.787436284,2408827.740673502,0,0.438643536355948,28.55544800246966,0,1.670946427078326e-10,3.48360119691406e-15
817000,Body1,5220715.857908418,-4458254.457245168,0,10.66301625025393,9.431553861729606,0,1.670994628035369e-10,1.959525673264159e-15
817000,Body2,-5509973.700438553,4513881.118269314,0,-10.91657981815595,-9.716122750323349,0,1.670994628035369e-10,1.959525673264159e-15
817000,Body3,8500784.253007604,2437333.897566162,0,0.3563567901832205,28.45688885937052,0,1.670994628035369e-10,1.959525673264159e-15
818000,Body1,5231366.028965757,-4448811.45692728,0,10.63732043566775,9.454435264558791,0,1.671030778753151e-10,1.74180059845703e-15
818000,Body2,-5520877.025352881,4504154.041285457,0,-10.89006526721588,-9.738019934983416,0,1.671030778753151e-10,1.74180059845703e-15
818000,Body3,8501099.638705803,2465741.564162818,0,0.2744831547965672,28.35846704245769,0,1.671030778753151e-10,1.74180059845703e-15
819000,Body1,5241990.487954734,-4439345.609715423,0,10.61159214275891,9.477247662359835,0,1.671063916911118e-10,2.177250748071287e-15
819000,Body2,-5531753.821512269,4494405.100948332,0,-10.86352233125288,-9.759849465908559,0,1.671063916911118e-10,2.177250748071287e-15
819000,Body3,8501333.355746217,2494050.876689443,0,0.1930188493786903,28.26018035486862,0,1.671063916911118e-10,2.177250748071287e-15
820000,Body1,5252589.202484526,-4429856.984576588,0,10.58583154632683,9.499991131170411,0,1.671103080188715e-10,1.959525673264159e-15
820000,Body2,-5542604.06060053,4484634.364884529,0,-10.83695114785485,-9.781611397380376,0,1.671103080188715e-10,1.959525673264159e-15
820000,Body3,8501485.811593326,2522261.969185794,0,0.1119601527836844,28.16202662099105,0,1.671103080188715e-10,1.959525673264159e-15
821000,Body1,5263162.140338521,-4420345.650401847,0,10.56003882002226,9.522665746787014,0,1.671148268585942e-10,1.74180059845703e-15
821000,Body2,-5553427.714438785,4474841.900666382,0,-10.81035185404616,-9.803305783648508,0,1.671148268585942e-10,1.74180059845703e-15
821000,Body3,8501557.410019815,2550374.973526513,0,0.03130340237228441,28.06400368614547,0,1.671148268585942e-10,1.74180059845703e-15
822000,Body1,5273709.269473202,-4410811.676006599,0,10.53421413636121,9.545271584766303,0,1.671207013502338e-10,1.088625374035644e-15
822000,Body2,-5564224.754984913,4465027.775811978,0,-10.78372458629012,-9.824932678929024,0,1.671207013502338e-10,1.088625374035644e-15
822000,Body3,8501548.55116448,2578390.019441897,0,-0.04895500712523155,27.96610941627082,0,1.671207013502338e-10,1.088625374035644e-15
823000,Body1,5284230.558016994,-4401255.130130796,0,10.50835766673865,9.567808720426425,0,1.671267264698641e-10,2.177250748071287e-16
823000,Body2,-5574995.154332956,4455192.05778521,0,-10.75706948049165,-9.846492137402576,0,1.671267264698641e-10,2.177250748071287e-16
823000,Body3,8501459.63158909,2606307.234538357,0,-0.1288186247192216,27.86834169761306,0,1.671267264698641e-10,2.177250748071287e-16
824000,Body1,5294725.97426918,-4391676.081439197,0,10.48246958144198,9.590277228848411,0,1.671310946815961e-10,8.70900299228515e-16
824000,Body2,-5585738.884712592,4445334.81399581,0,-10.73038667199972,-9.867984213212608,0,1.671310946815961e-10,8.70900299228515e-16
824000,Body3,8501291.04433408,2634126.744318578,0,-0.2082909442446463,27.77069843641733,0,1.671310946815961e-10,8.70900299228515e-16
825000,Body1,5305195.486698776,-4382074.598521604,0,10.45655004966408,9.612677184877455,0,1.671366679172541e-10,6.531752244213863e-16
825000,Body2,-5596455.918488575,4435456.111799388,0,-10.70367629561009,-9.889408960463708,0,1.671366679172541e-10,6.531752244213863e-16
825000,Body3,8501043.178973202,2661848.672201363,0,-0.287375405419512,27.67317755862262,0,1.671366679172541e-10,6.531752244213863e-16
826000,Body1,5315639.063943445,-4372450.749893086,0,10.43059923951633,9.635008663124166,0,1.671426930368844e-10,0
826000,Body2,-5607146.228160175,4425556.018497474,0,-10.67693848556777,-9.910766433219784,0,1.671426930368844e-10,0
826000,Body3,8500716.421667095,2689473.139541179,0,-0.3660753948784573,27.57577700956004,0,1.671426930368844e-10,0
827000,Body1,5326056.674808421,-4362804.603994207,0,10.40461731804114,9.657271737965948,0,1.671487181565148e-10,0
827000,Body2,-5617809.786360634,4415634.601337541,0,-10.65017337556955,-9.932056685502491,0,1.671487181565148e-10,0
827000,Body3,8500311.155215895,2717000.265647385,0,-0.4443942471821334,27.47849475365406,0,1.671487181565148e-10,0
828000,Body1,5336448.288265461,-4353136.229191293,0,10.37860445122446,9.679466483548186,0,1.671554964160989e-10,2.177250748071287e-16
828000,Body2,-5628446.565856623,4405691.927513064,0,-10.62338109876667,-9.953279771289488,0,1.671554964160989e-10,2.177250748071287e-16
828000,Body3,8499827.759110803,2744430.167803197,0,-0.5223352458030027,27.38132877412669,0,1.671554964160989e-10,2.177250748071287e-16
829000,Body1,5346813.873451781,-4343445.693776618,0,10.35256080400788,9.701592973785623,0,1.671625759316645e-10,6.531752244213863e-16
829000,Body2,-5639056.539547677,4395728.06416358,0,-10.59656178776726,-9.974435744512732,0,1.671625759316645e-10,6.531752244213863e-16
829000,Body3,8499266.609584695,2771762.961284328,0,-0.5999016240881719,27.28427707270513,0,1.671625759316645e-10,6.531752244213863e-16
830000,Body1,5357153.399669017,-4333733.065968665,0,10.32648654030065,9.723651282363527,0,1.671681491673226e-10,0
830000,Body2,-5649639.680465682,4385743.078374701,0,-10.5697155746389,-9.995524659056906,0,1.671681491673226e-10,0
830000,Body3,8498628.079661764,2798998.759377345,0,-0.6770965661998489,27.18733766933206,0,1.671681491673226e-10,0
831000,Body1,5367466.83638221,-4323998.413912352,0,10.30038182299132,9.745641482738934,0,1.671744755429344e-10,6.531752244213863e-16
831000,Body2,-5660195.961774319,4375737.037178183,0,-10.54284259091123,-10.01654656875779,0,1.671744755429344e-10,6.531752244213863e-16
831000,Body3,8497912.539206253,2826137.673397755,0,-0.7539232080339946,27.09050860187956,0,1.671744755429344e-10,6.531752244213863e-16
832000,Body1,5377754.153218781,-4314241.805679241,0,10.27424681395936,9.767563648141953,0,1.671827600824261e-10,2.177250748071287e-16
832000,Body2,-5670725.356768531,4365710.007551973,0,-10.51594296757842,-10.03750152740067,0,1.671827600824261e-10,2.177250748071287e-16
832000,Body3,8497120.354970263,2853179.812707777,0,-0.8303846381177434,26.99378792586566,0,1.671827600824261e-10,2.177250748071287e-16
833000,Body1,5388015.319967528,-4304463.309267782,0,10.24808167408631,9.78941785157685,0,1.671893877140195e-10,4.354501496142575e-16
833000,Body2,-5681227.83887399,4355662.056420263,0,-10.48901683510166,-10.05838958871866,0,1.671893877140195e-10,4.354501496142575e-16
833000,Body3,8496251.890640676,2880125.284733854,0,-0.9064838984861208,26.89717371417407,0,1.671893877140195e-10,4.354501496142575e-16
834000,Body1,5398250.306577647,-4294662.992603545,0,10.22188656326697,9.811204165823384,0,1.671967684855666e-10,2.177250748071287e-16
834000,Body2,-5691703.38164655,4345593.250653528,0,-10.46206432341181,-10.07921080639122,0,1.671967684855666e-10,2.177250748071287e-16
834000,Body3,8495307.506885251,2906974.194983883,0,-0.9822239855385841,26.80066405677717,0,1.671967684855666e-10,2.177250748071287e-16
835000,Body1,5408459.083157728,-4284840.923539417,0,10.19566164042029,9.832922663437916,0,1.672062580489844e-10,2.177250748071287e-16
835000,Body2,-5702151.95877176,4335503.657068597,0,-10.43508556191176,-10.0999652340426,0,1.672062580489844e-10,2.177250748071287e-16
835000,Body3,8494287.561397798,2933726.647064161,0,-1.057607850875913,26.70425706046176,0,1.672062580489844e-10,2.177250748071287e-16
836000,Body1,5418641.619974795,-4274997.169855841,0,10.16940706349997,9.85457341675462,0,1.672151451004391e-10,1.088625374035644e-15
836000,Body2,-5712573.54406428,4325393.342428703,0,-10.40808067947903,-10.12065292524025,0,1.672151451004391e-10,1.088625374035644e-15
836000,Body3,8493192.408942603,2960382.742696068,0,-1.132638402117932,26.60795084855784,0,1.672151451004391e-10,1.088625374035644e-15
837000,Body1,5428797.887453358,-4265131.799261047,0,10.14312298950503,9.876156497886598,0,1.672225258719863e-10,0
837000,Body2,-5722968.111467401,4315262.37344354,0,-10.38104980446824,-10.14127393349335,0,1.672225258719863e-10,0
837000,Body3,8492022.401397968,2986942.581732473,0,-1.207318503702559,26.51174356067069,0,1.672225258719863e-10,0
838000,Body1,5438927.856174449,-4255244.879391248,0,10.1168095744901,9.897671978727102,0,1.672309610394687e-10,0
838000,Body2,-5733335.635052506,4305110.816769326,0,-10.35399306471367,-10.16182831225131,0,1.672309610394687e-10,0
838000,Body3,8490777.887799032,3013406.262173874,0,-1.28165097766664,26.41563335241566,0,1.672309610394687e-10,0
839000,Body1,5449031.496874683,-4245336.477810878,0,10.09046697357549,9.919119930950643,0,1.672375886710621e-10,1.306350448842773e-15
839000,Body2,-5743676.089018548,4294938.739008852,0,-10.32691058753164,-10.18231611490225,0,1.672375886710621e-10,1.306350448842773e-15
839000,Body3,8489459.21437976,3039773.88018429,0,-1.355638604409034,26.31961839515574,0,1.672375886710621e-10,1.306350448842773e-15
840000,Body1,5459108.78044534,-4235406.662012813,0,10.06409534095723,9.940500426014076,0,1.672454213265815e-10,2.177250748071287e-15
840000,Body2,-5753989.44769155,4284746.206711564,0,-10.2998024997231,-10.20273739477155,0,1.672454213265815e-10,2.177250748071287e-15
840000,Body3,8488066.724614264,3066045.530106854,0,-1.429284123436378,26.22369687574261,0,1.672454213265815e-10,2.177250748071287e-15
841000,Body1,5469159.677931431,-4225455.499418573,0,10.03769482991674,9.961813535157791,0,1.672555134019623e-10,1.524075523649901e-15
841000,Body2,-5764275.685524072,4274533.286373603,0,-10.27266892757607,-10.22309220512043,0,1.672555134019623e-10,1.524075523649901e-15
841000,Body3,8486600.759257266,3092221.304479198,0,-1.50259023409199,26.12786699626011,0,1.672555134019623e-10,1.524075523649901e-15
842000,Body1,5479184.160530794,-4215483.057378546,0,10.01126559283045,9.983059329406741,0,1.672654548493523e-10,8.70900299228515e-16
842000,Body2,-5774534.777094708,4264300.044437886,0,-10.24550999686802,-10.24338059914449,0,1.672654548493523e-10,8.70900299228515e-16
842000,Body3,8485061.656383915,3118301.294048546,0,-1.575559596268297,26.03212697377068,0,1.672654548493523e-10,8.70900299228515e-16
843000,Body1,5489182.199593199,-4205489.403172208,0,9.984807781179263,10.00423787957154,0,1.672750950407609e-10,8.70900299228515e-16
843000,Body2,-5784766.697107564,4254046.54729417,0,-10.21832583286852,-10.26360262997222,0,1.672750950407609e-10,8.70900299228515e-16
843000,Body3,8483449.751428932,3144285.587786566,0,-1.648194831103215,25.93647504006497,0,1.672750950407609e-10,8.70900299228515e-16
844000,Body1,5499153.766619451,-4195474.604008322,0,9.958321545557835,10.0253492562496,0,1.672847352321694e-10,1.088625374035644e-15
844000,Body2,-5794971.420391783,4243772.861279109,0,-10.19111656034151,-10.28375835066376,0,1.672847352321694e-10,1.088625374035644e-15
844000,Body3,8481765.377224999,3170174.272903987,0,-1.720498521660858,25.84090944141382,0,1.672847352321694e-10,1.088625374035644e-15
845000,Body1,5509098.833260514,-4185438.727025165,0,9.93180703568358,10.04639352982611,0,1.672933210276426e-10,1.74180059845703e-15
845000,Body2,-5805148.921901002,4233479.052676345,0,-10.16388230354789,-10.30384781420937,0,1.672933210276426e-10,1.74180059845703e-15
845000,Body3,8480008.864040444,3195967.434864936,0,-1.792473213596991,25.74542843832348,0,1.672933210276426e-10,1.74180059845703e-15
846000,Body1,5519017.371316626,-4175381.839290738,0,9.905264400405725,10.06737077047518,0,1.673016055671343e-10,2.394975822878416e-15
846000,Body2,-5815299.176712876,4223165.187716563,0,-10.1366231862479,-10.32387107352814,0,1.673016055671343e-10,2.394975822878416e-15
846000,Body3,8478180.53961643,3221665.157401071,0,-1.864121415809564,25.65003030529319,0,1.673016055671343e-10,2.394975822878416e-15
847000,Body1,5528909.352736455,-4165304.007802967,0,9.878693787714058,10.0882810481608,0,1.673110951305521e-10,2.830425972492674e-15
847000,Body2,-5825422.160028579,4212831.332577547,0,-10.10933933170357,-10.3438281814666,0,1.673110951305521e-10,2.830425972492674e-15
847000,Body3,8476280.729203284,3247267.52252544,0,-1.935445601074726,25.55471333057586,0,1.673110951305521e-10,2.830425972492674e-15
848000,Body1,5538774.749616233,-4155205.29948992,0,9.852095344747587,10.1091244326379,0,1.673211872059329e-10,3.048151047299802e-15
848000,Body2,-5835517.847172286,4202477.553384296,0,-10.08203086268118,-10.36371919079736,0,1.673211872059329e-10,3.048151047299802e-15
848000,Body3,8474309.755596394,3272774.610546122,0,-2.006448206668634,25.4594758159414,0,1.673211872059329e-10,3.048151047299802e-15
849000,Body1,5548613.534198898,-4145085.781210016,0,9.825469217803068,10.12990099345341,0,1.673336893291658e-10,1.959525673264159e-15
849000,Body2,-5845586.213590696,4192103.916209057,0,-10.05469790145359,-10.38354415421786,0,1.673336893291658e-10,1.959525673264159e-15
849000,Body3,8472267.939171361,3298186.500079631,0,-2.077131634975435,25.36431607644248,0,1.673336893291658e-10,1.959525673264159e-15
850000,Body1,5558425.678873271,-4134945.51975223,0,9.798815552343301,10.15061079994715,0,1.673442332885189e-10,1.306350448842773e-15
850000,Body2,-5855627.234852539,4181710.487071422,0,-10.02734056980277,-10.403303124349,0,1.673442332885189e-10,1.306350448842773e-15
850000,Body3,8470155.597918587,3323503.268064072,0,-2.14749825408174,25.26923244018337,0,1.673442332885189e-10,1.306350448842773e-15
851000,Body1,5568211.156173216,-4124784.581836294,0,9.772134493005444,10.17125392125292,0,1.67355982271798e-10,1.088625374035644e-15
851000,Body2,-5865640.886648073,4171297.331938408,0,-9.99995898902216,-10.42299615373385,0,1.67355982271798e-10,1.088625374035644e-15
851000,Body3,8467973.047477301,3348724.989772095,0,-2.217550398357899,25.17422324809109,0,1.67355982271798e-10,1.088625374035644e-15
852000,Body1,5577969.93877684,-4114603.034112921,0,9.745426183609039,10.19183042629948,0,1.673675806270864e-10,2.177250748071287e-16
852000,Body2,-5875627.144788616,4160864.516724519,0,-9.972553279919049,-10.44262329483641,0,1.673675806270864e-10,2.177250748071287e-16
852000,Body3,8465720.601168977,3373851.738823587,0,-2.287290369026443,25.07928685368931,0,1.673675806270864e-10,2.177250748071287e-16
853000,Body1,5587701.999505658,-4104400.94316399,0,9.718690767163922,10.21234038381149,0,1.673787270984025e-10,2.177250748071287e-16
853000,Body2,-5885585.985206049,4150412.107291842,0,-9.945123562817031,-10.4621846000403,0,1.673787270984025e-10,2.177250748071287e-16
853000,Body3,8463398.570030222,3398883.587198163,0,-2.356720434717915,24.98442162287482,0,1.673787270984025e-10,2.177250748071287e-16
854000,Body1,5597407.311323793,-4094178.375502753,0,9.691928385878194,10.23278386231049,0,1.673886685457925e-10,4.354501496142575e-16
854000,Body2,-5895517.383952328,4139940.169450114,0,-9.917669957558342,-10.4816801216475,0,1.673886685457925e-10,4.354501496142575e-16
854000,Body3,8461007.262845071,3423820.605247434,0,-2.425842832014495,24.88962593369645,0,1.673886685457925e-10,4.354501496142575e-16
855000,Body1,5607085.847337175,-4083935.397574049,0,9.665139181165795,10.2531609301158,0,1.673992125051456e-10,8.70900299228515e-16
855000,Body2,-5905421.317199023,4129448.768956814,0,-9.890192583506284,-10.50110991187723,0,1.673992125051456e-10,8.70900299228515e-16
855000,Body3,8458546.986176776,3448662.861707039,0,-2.49465976598162,24.79489817613672,0,1.673992125051456e-10,8.70900299228515e-16
856000,Body1,5616737.580792762,-4073672.075754498,0,9.638323293654116,10.27347165534555,0,1.674100577204802e-10,1.306350448842773e-15
856000,Body2,-5915297.76123683,4118937.97151725,0,-9.862691559547541,-10.52047402286457,0,1.674100577204802e-10,1.306350448842773e-15
856000,Body3,8456018.044399073,3473410.423708477,0,-2.563173410687923,24.70023675189571,0,1.674100577204802e-10,1.306350448842773e-15
857000,Body1,5626362.485077737,-4063388.4763527,0,9.611480863191447,10.29371610591756,0,1.674224092157223e-10,6.531752244213863e-16
857000,Body2,-5925146.69247508,4108407.842784626,0,-9.83516700409462,-10.5397725066594,0,1.674224092157223e-10,6.531752244213863e-16
857000,Body3,8453420.739726912,3498063.356790722,0,-2.631385909713767,24.60564007417758,0,1.674224092157223e-10,6.531752244213863e-16
858000,Body1,5635960.533718748,-4053084.665609434,0,9.584612028854327,10.31389434955018,0,1.674328025470847e-10,1.524075523649901e-15
858000,Body2,-5934968.087441282,4097858.448360153,0,-9.807619035088152,-10.55900541522506,0,1.674328025470847e-10,1.524075523649901e-15
858000,Body3,8450755.372246709,3522621.72491161,0,-2.699299376648639,24.51110656747938,0,1.674328025470847e-10,1.524075523649901e-15
859000,Body1,5645531.700381141,-4042760.709697865,0,9.557716928954736,10.3340064537634,0,1.674447021583546e-10,1.306350448842773e-15
859000,Body2,-5944761.922780675,4087289.853793109,0,-9.780047769999282,-10.57817280043729,0,1.674447021583546e-10,1.306350448842773e-15
859000,Body3,8448022.239946054,3547085.590459039,0,-2.766915895577627,24.41663466738249,0,1.674447021583546e-10,1.306350448842773e-15
860000,Body1,5655075.958868197,-4032416.674723736,0,9.530795701047216,10.3540524858795,0,1.674559992576614e-10,1.306350448842773e-15
860000,Body2,-5954528.175255706,4076702.124580951,0,-9.75245332583196,-10.59727471408304,0,1.674559992576614e-10,1.306350448842773e-15
860000,Body3,8445221.638743047,3571455.014261942,0,-2.834237521557313,24.32222282034586,0,1.674559992576614e-10,1.306350448842773e-15
861000,Body1,5664593.283120373,-4022052.626725561,0,9.503848481935876,10.37403251302415,0,1.67467446984959e-10,1.74180059845703e-15
861000,Body2,-5964266.821745602,4066095.326169385,0,-9.724835819125373,-10.61631120785927,0,1.67467446984959e-10,1.74180059845703e-15
861000,Body3,8442353.862515012,3595730.055601063,0,-2.901266281081255,24.22786948350241,0,1.67467446984959e-10,1.74180059845703e-15
862000,Body1,5674083.647214559,-4011668.631674832,0,9.476875407681229,10.39394660212719,0,1.674793465962289e-10,1.74180059845703e-15
862000,Body2,-5973977.839245905,4055469.523952472,0,-9.697195365956194,-10.63528233337184,0,1.674793465962289e-10,1.74180059845703e-15
862000,Body3,8439419.203126902,3619910.772219533,0,-2.96800417253533,24.133573124457,0,1.674793465962289e-10,1.74180059845703e-15
863000,Body1,5683547.025363324,-4001264.755476207,0,9.449876613607026,10.41379481992349,0,1.674913968354896e-10,1.74180059845703e-15
863000,Body2,-5983661.204868,4044824.78327271,0,-9.669532081940913,-10.65418814213445,0,1.674913968354896e-10,1.74180059845703e-15
863000,Body3,8436417.950459132,3643997.220333244,0,-3.034453166643139,24.03933222108701,0,1.674913968354896e-10,1.74180059845703e-15
864000,Body1,5692983.391914222,-3990841.063967709,0,9.422852234306902,10.43357723295386,0,1.675037483307317e-10,1.306350448842773e-15
864000,Body2,-5993316.895838653,4034161.169421135,0,-9.641846082238187,-10.67302868556739,0,1.675037483307317e-10,1.306350448842773e-15
864000,Body3,8433350.392435048,3667989.454641011,0,-3.100615206901809,23.94514526134517,0,1.675037483307317e-10,1.306350448842773e-15
865000,Body1,5702392.721349014,-3980397.622920911,0,9.395802403650913,10.45329390756585,0,1.675159491979832e-10,1.306350448842773e-15
865000,Body2,-6002944.889499575,4023478.7476374,0,-9.614137481551143,-10.69180401499657,0,1.675159491979832e-10,1.306350448842773e-15
865000,Body3,8430216.815047925,3691887.528334565,0,-3.166492210008226,23.85101074306433,0,1.675159491979832e-10,1.306350448842773e-15
866000,Body1,5711774.98828298,-3969934.49804114,0,9.368727254792072,10.47294490991466,0,1.675290538331791e-10,8.70900299228515e-16
866000,Body2,-6012545.163306937,4012777.583109891,0,-9.586406394129643,-10.71051418165239,0,1.675290538331791e-10,8.70900299228515e-16
866000,Body3,8427017.502387576,3715691.493108331,0,-3.232086066276121,23.75692717376482,0,1.675290538331791e-10,8.70900299228515e-16
867000,Body1,5721130.167464189,-3959451.75496766,0,9.341626920172727,10.4925303059639,0,1.67540350932486e-10,1.306350448842773e-15
867000,Body2,-6022117.694830938,4002057.740975803,0,-9.558652933772608,-10.72915923666863,0,1.67540350932486e-10,1.306350448842773e-15
867000,Body3,8423752.73666653,3739401.39916901,0,-3.297398640044043,23.66289307046351,0,1.67540350932486e-10,1.306350448842773e-15
868000,Body1,5730458.23377282,-3948949.459273867,0,9.314501531530722,10.51205016148651,0,1.675528530557189e-10,1.306350448842773e-15
868000,Body2,-6031662.461755372,3991319.286321251,0,-9.530877213830273,-10.74773923108145,0,1.675528530557189e-10,1.306350448842773e-15
868000,Body3,8420422.798245799,3763017.295244996,0,-3.362431770074549,23.56890695948529,0,1.675528530557189e-10,1.306350448842773e-15
869000,Body1,5739759.162220427,-3938427.676467483,0,9.287351219905689,10.53150454206546,0,1.675650539229703e-10,1.524075523649901e-15
869000,Body2,-6041179.441877123,3980562.284181361,0,-9.503079347206555,-10.7662542158283,0,1.675650539229703e-10,1.524075523649901e-15
869000,Body3,8417027.965660237,3786539.228595586,0,-3.427187269944729,23.47496737627645,0,1.675650539229703e-10,1.524075523649901e-15
870000,Body1,5749032.92794925,-3927886.471990735,0,9.260176115645129,10.55089351309465,0,1.675755978823234e-10,2.830425972492674e-15
870000,Body2,-6050668.613105782,3969786.79954037,0,-9.475259446361171,-10.78470424174693,0,1.675755978823234e-10,2.830425972492674e-15
870000,Body3,8413568.515643578,3809967.245020003,0,-3.491666928428306,23.38107286522029,0,1.675755978823234e-10,2.830425972492674e-15
871000,Body1,5758279.506231551,-3917325.911220558,0,9.232976348410396,10.57021713977969,0,1.675884012615378e-10,2.830425972492674e-15
871000,Body2,-6060129.953463182,3958992.897331731,0,-9.447417623312017,-10.80308935957433,0,1.675884012615378e-10,2.830425972492674e-15
871000,Body3,8410044.723152986,3833301.388866242,0,-3.555872509869504,23.28722197945432,0,1.675884012615378e-10,2.830425972492674e-15
872000,Body1,5767498.872468899,-3906746.059468771,0,9.205752047182571,10.58947548713869,0,1.675999996168262e-10,3.701326271721188e-15
872000,Body2,-6069563.441082932,3948180.642438209,0,-9.419553989637405,-10.8214096199457,0,1.675999996168262e-10,3.701326271721188e-15
872000,Body3,8406456.861393407,3856541.703039745,0,-3.619805754548798,23.19341328069023,0,1.675999996168262e-10,3.701326271721188e-15
873000,Body1,5776691.002191508,-3896146.981982269,0,9.178503340268351,10.60866862000306,0,1.676131042520222e-10,3.701326271721188e-15
873000,Body2,-6078969.05421002,3937350.099691985,0,-9.391668656478252,-10.83966507339352,0,1.676131042520222e-10,3.701326271721188e-15
873000,Body3,8402805.201841341,3879688.229011875,0,-3.683468379040812,23.09964533903489,0,1.676131042520222e-10,3.701326271721188e-15
874000,Body1,5785855.871057565,-3885528.74394321,0,9.151230355305726,10.62779660301823,0,1.676253051192736e-10,3.701326271721188e-15
874000,Body2,-6088346.771200353,3926501.333874761,0,-9.36376173454039,-10.85785577034648,0,1.676253051192736e-10,3.701326271721188e-15
874000,Body3,8399090.01426843,3902741.006828225,0,-3.746862076564499,23.00591673281404,0,1.676253051192736e-10,3.701326271721188e-15
875000,Body1,5794993.454852567,-3874891.410469193,0,9.123933219269706,10.6468595006445,0,1.676369034745619e-10,4.572226570949704e-15
875000,Body2,-6097696.570520318,3915634.409717858,0,-9.335833334096765,-10.87598176112859,0,1.676369034745619e-10,4.572226570949704e-15
875000,Body3,8395311.566764638,3925700.075116751,0,-3.809988517325765,22.9122260483973,0,1.676369034745619e-10,4.572226570949704e-15
876000,Body1,5804103.729488654,-3864235.046613455,0,9.096612058477854,10.66585737715779,0,1.676500081097579e-10,4.136776421335446e-15
876000,Body2,-6107018.430746376,3904749.391902332,0,-9.307883564989634,-10.89404309595816,0,1.676500081097579e-10,4.136776421335446e-15
876000,Body3,8391470.125761092,3948565.471095732,0,-3.87284934885269,22.81857188002544,0,1.676500081097579e-10,4.136776421335446e-15
877000,Body1,5813186.671003959,-3853559.717365049,0,9.06926699859576,10.68479029665036,0,1.676632633729446e-10,4.136776421335446e-15
877000,Body2,-6116312.330564597,3893846.34505907,0,-9.279912536632843,-10.91203982494686,0,1.676632633729446e-10,4.136776421335446e-15
877000,Body3,8387565.956052567,3971337.230581545,0,-3.93544619632359,22.72495282963925,0,1.676632633729446e-10,4.136776421335446e-15
878000,Body1,5822242.255561953,-3842865.487649027,0,9.041898164642525,10.70365832303158,0,1.676774224040759e-10,3.48360119691406e-15
878000,Body2,-6125578.248770265,3882925.333768899,0,-9.25192035801399,-10.92997199809878,0,1.676774224040759e-10,3.48360119691406e-15
878000,Body3,8383599.32081975,3994015.387996289,0,-3.997780662887953,22.63136750671019,0,1.676774224040759e-10,3.48360119691406e-15
879000,Body1,5831270.45945081,-3832152.422326616,0,9.014505680996052,10.72246152002871,0,1.676926358311425e-10,2.394975822878416e-15
879000,Body2,-6134816.164267433,3871986.422562698,0,-9.223907137696585,-10.94783966530954,0,1.676926358311425e-10,2.394975822878416e-15
879000,Body3,8379570.481651019,4016599.976375236,0,-4.059854329980483,22.53781452807321,0,1.676926358311425e-10,2.394975822878416e-15
880000,Body1,5840271.259082758,-3821420.586195418,0,8.987089671398294,10.74119995118757,0,1.6770604172232e-10,2.177250748071287e-15
880000,Body2,-6144026.056068505,3861029.675921512,0,-9.195872983822342,-10.96564287636526,0,1.6770604172232e-10,2.177250748071287e-15
880000,Body3,8375479.698564062,4039091.027374102,0,-4.121668757628395,22.4442925177606,0,1.6770604172232e-10,2.177250748071287e-15
881000,Body1,5849244.630993448,-3810670.043989572,0,8.95965025896051,10.75987367987336,0,1.677186944735436e-10,2.177250748071287e-15
881000,Body2,-6153207.903293831,3850055.158276645,0,-9.167818004113309,-10.9833816809418,0,1.677186944735436e-10,2.177250748071287e-15
881000,Body3,8371327.230027115,4061488.571276158,0,-4.183225484752077,22.35080010683827,0,1.677186944735436e-10,2.177250748071287e-15
882000,Body1,5858190.551841342,-3799900.860379944,0,8.932187566168322,10.77848276927132,0,1.67734661040564e-10,8.70900299228515e-16
882000,Body2,-6162361.685171257,3839062.934009785,0,-9.139742305874034,-11.00105612860381,0,1.67734661040564e-10,8.70900299228515e-16
882000,Body3,8367113.332979926,4083792.636999201,0,-4.244526029459275,22.25733593324329,0,1.67734661040564e-10,8.70900299228515e-16
883000,Body1,5867108.998407069,-3789113.099974302,0,8.904701714886802,10.79702728238744,0,1.677480669317415e-10,1.088625374035644e-15
883000,Body2,-6171487.381035727,3828053.067453111,0,-9.111645995993763,-11.01866626880374,0,1.677480669317415e-10,1.088625374035644e-15
883000,Body3,8362838.262854424,4106003.252102328,0,-4.305571889332921,22.16389864162307,0,1.677480669317415e-10,1.088625374035644e-15
884000,Body1,5875999.947592812,-3778306.827317502,0,8.877192826365389,10.81550728204928,0,1.677617740789005e-10,6.531752244213863e-16
884000,Body2,-6180584.97032888,3817025.622889406,0,-9.083529180948576,-11.03621215088113,0,1.677617740789005e-10,6.531752244213863e-16
884000,Body3,8358502.273595097,4128120.442792581,0,-4.366364541712789,22.07048688317635,0,1.677617740789005e-10,6.531752244213863e-16
885000,Body1,5884863.376421702,-3767482.106891655,0,8.849661021242945,10.8339228309066,0,1.677768368779763e-10,8.70900299228515e-16
885000,Body2,-6189654.432598617,3805980.664552171,0,-9.055391966803539,-11.05369382406162,0,1.677768368779763e-10,8.70900299228515e-16
885000,Body3,8354105.617679099,4150144.233931394,0,-4.426905443971048,21.97709931549574,0,1.677768368779763e-10,8.70900299228515e-16
886000,Body1,5893699.262037206,-3756639.003116319,0,8.822106419552373,10.85227399143201,0,1.677914477930798e-10,1.306350448842773e-15
886000,Body2,-6198695.747498698,3794918.256625738,0,-9.027234459214855,-11.0711113374562,0,1.677914477930798e-10,1.306350448842773e-15
886000,Body3,8349648.546136079,4172074.64904094,0,-4.487196033781873,21.88373460241176,0,1.677914477930798e-10,1.306350448842773e-15
887000,Body1,5902507.581702518,-3745777.58034866,0,8.794529140725606,10.8705608259218,0,1.678060587081834e-10,1.959525673264159e-15
887000,Body2,-6207708.894788332,3783838.463245385,0,-8.99905676343205,-11.08846474006026,0,1.678060587081834e-10,1.959525673264159e-15
887000,Body3,8345131.308567756,4193911.710310271,0,-4.547237729385213,21.79039141383835,0,1.678060587081834e-10,1.959525673264159e-15
888000,Body1,5911288.312799973,-3734897.902883637,0,8.766929303598156,10.88878339649654,0,1.678182595754348e-10,1.088625374035644e-15
888000,Body2,-6216693.854331783,3772741.348497451,0,-8.970858984300014,-11.10575408075283,0,1.678182595754348e-10,1.088625374035644e-15
888000,Body3,8340554.153167224,4215655.438601336,0,-4.60703192984486,21.69706842562019,0,1.678182595754348e-10,1.088625374035644e-15
889000,Body1,5920041.432830445,-3724000.03495418,0,8.739307026413897,10.90694176510183,0,1.678319667225937e-10,1.088625374035644e-15
889000,Body2,-6225650.606097963,3761626.976419462,0,-8.942641226261189,-11.12297940829574,0,1.678319667225937e-10,1.088625374035644e-15
889000,Body3,8335917.326737989,4237305.85345482,0,-4.666580015300963,21.60376431938101,0,1.678319667225937e-10,1.088625374035644e-15
890000,Body1,5928766.919412748,-3713084.040731358,0,8.711662426829514,10.92503599350897,0,1.678453726137712e-10,8.70900299228515e-16
890000,Body2,-6234579.130160014,3750495.411000232,0,-8.914403593357651,-11.14014077133281,0,1.678453726137712e-10,8.70900299228515e-16
890000,Body3,8331221.074712771,4258862.973095862,0,-4.725883347217001,21.51047778237385,0,1.678453726137712e-10,8.70900299228515e-16
891000,Body1,5937464.750283067,-3702149.984324557,0,8.683995621919117,10.94306614331561,0,1.678583266209764e-10,6.531752244213863e-16
891000,Body2,-6243479.406694934,3739346.716179995,0,-8.886146189233202,-11.15723821838903,0,1.678583266209764e-10,6.531752244213863e-16
891000,Body3,8326465.641172075,4280326.814439617,0,-4.784943268621411,21.41720750733221,0,1.678583266209764e-10,6.531752244213863e-16
892000,Body1,5946134.90329438,-3691197.929781648,0,8.656306728178711,10.96103227594647,0,1.678732387920615e-10,1.524075523649901e-15
892000,Body2,-6252351.415983155,3728180.955850518,0,-8.857869117135552,-11.17427179786979,0,1.678732387920615e-10,1.524075523649901e-15
892000,Body3,8321651.268862483,4301697.393096649,0,-4.843761104344022,21.32395219232328,0,1.678732387920615e-10,1.524075523649901e-15
893000,Body1,5954777.35641586,-3680227.941089171,0,8.628595861530508,10.97893445265394,0,1.67886644683239e-10,1.306350448842773e-15
893000,Body2,-6261195.138408157,3716998.193855223,0,-8.829572479918321,-11.19124155806007,0,1.67886644683239e-10,1.306350448842773e-15
893000,Body3,8316778.19921477,4322974.723378182,0,-4.902338161247227,21.23071054060183,0,1.67886644683239e-10,1.306350448842773e-15
894000,Body1,5963392.087732323,-3669240.082172489,0,8.600863137327378,10.9967727345189,0,1.678992974344626e-10,4.354501496142575e-16
894000,Body2,-6270010.554456093,3705798.493989312,0,-8.801256380043123,-11.20814754712365,0,1.678992974344626e-10,4.354501496142575e-16
894000,Body3,8311846.672361712,4344158.818301247,0,-4.96067572845221,21.13748126046597,0,1.678992974344626e-10,4.354501496142575e-16
895000,Body1,5971979.075443658,-3658234.416895979,0,8.573108670357076,11.01454718245123,0,1.679130045816217e-10,2.177250748071287e-16
895000,Body2,-6278797.644715364,3694581.919999877,0,-8.772920919581708,-11.22498981310246,0,1.679130045816217e-10,2.177250748071287e-16
895000,Body3,8306856.92715576,4365249.689593618,0,-5.018775077560157,21.0442630651138,0,1.679130045816217e-10,2.177250748071287e-16
896000,Body1,5980538.297864251,-3647211.009063188,0,8.545332574846444,11.03225785719056,0,1.679258079608361e-10,4.354501496142575e-16
896000,Body2,-6287556.389876261,3683348.535586036,0,-8.744566200217996,-11.24176840391566,0,1.679258079608361e-10,4.354501496142575e-16
896000,Body3,8301809.201186434,4386247.34769867,0,-5.07663746286864,20.95105467250171,0,1.679258079608361e-10,4.354501496142575e-16
897000,Body1,5989069.733422447,-3636169.922417012,0,8.517534964465693,11.04990481930689,0,1.67938912596032e-10,8.70900299228515e-16
897000,Body2,-6296286.770730572,3672098.404399047,0,-8.716192323250084,-11.258483367359,0,1.67938912596032e-10,8.70900299228515e-16
897000,Body3,8296703.73079751,4407151.801780055,0,-5.134264121583258,20.85785480520371,0,1.67938912596032e-10,8.70900299228515e-16
898000,Body1,5997573.360659984,-3625111.220639858,0,8.489715952332416,11.06748812920126,0,1.679512640912742e-10,1.959525673264159e-15
898000,Body2,-6304988.768171171,3660831.590042429,0,-8.687799389592398,-11.27513475110407,0,1.679512640912742e-10,1.959525673264159e-15
898000,Body3,8291540.751104023,4427963.05972624,0,-5.191656274024561,20.76466219027206,0,1.679512640912742e-10,1.959525673264159e-15
899000,Body1,6006049.158231433,-3614034.967353822,0,8.461875651015745,11.08500784710647,0,1.679652724944147e-10,1.74180059845703e-15
899000,Body2,-6313662.36319167,3649548.1560721,0,-8.659387499777653,-11.29172260269754,0,1.679652724944147e-10,1.74180059845703e-15
899000,Body3,8286320.496009048,4448681.128154938,0,-5.248815123830468,20.67147555909907,0,1.679652724944147e-10,1.74180059845703e-15
900000,Body1,6014497.104903677,-3602941.226120836,0,8.434014172540259,11.10246403308759,0,1.67980034037509e-10,1.306350448842773e-15
900000,Body2,-6322307.536886024,3638248.165996491,0,-8.63095675395892,-11.30824696956047,0,1.67980034037509e-10,1.306350448842773e-15
900000,Body3,8281043.198220274,4469306.012417356,0,-5.305741858154172,20.57829364728014,0,1.67980034037509e-10,1.306350448842773e-15
901000,Body1,6022917.179555331,-3591830.060442871,0,8.406131628390032,11.11985674704272,0,1.679949462085941e-10,4.354501496142575e-16
901000,Body2,-6330924.270448144,3626931.683276677,0,-8.602507251911677,-11.32470789898759,0,1.679949462085941e-10,4.354501496142575e-16
901000,Body3,8275709.089266402,4489837.716602347,0,-5.362437647857597,20.485115194478,0,1.679949462085941e-10,4.354501496142575e-16
902000,Body1,6031309.361176249,-3580701.53376207,0,8.378228129512523,11.13718604870361,0,1.680083520997716e-10,1.088625374035644e-15
902000,Body2,-6339512.545171533,3615598.771326492,0,-8.574039093035747,-11.34110543814657,0,1.680083520997716e-10,1.088625374035644e-15
902000,Body3,8270318.39951334,4510276.243540403,0,-5.418903647700622,20.39193894428773,0,1.680083520997716e-10,1.088625374035644e-15
903000,Body1,6039673.628866956,-3569555.709460928,0,8.350303786322483,11.15445199763629,0,1.680226617588936e-10,6.531752244213863e-16
903000,Body2,-6348072.3424489,3604249.493512681,0,-8.545552376357454,-11.35743963407738,0,1.680226617588936e-10,6.531752244213863e-16
903000,Body3,8264871.358180208,4530621.594807519,0,-5.475140996525996,20.29876364410342,0,1.680226617588936e-10,6.531752244213863e-16
904000,Body1,6048009.96183812,-3558392.650862458,0,8.32235870870565,11.17165465324167,0,1.68035465138108e-10,1.306350448842773e-15
904000,Body2,-6356603.643771808,3592883.913154999,0,-8.517047200531504,-11.3737105336916,0,1.68035465138108e-10,1.306350448842773e-15
904000,Body3,8259368.193355167,4550873.770728934,0,-5.531150817440138,20.20558804498547,0,1.68035465138108e-10,1.306350448842773e-15
905000,Body1,6056318.339410038,-3547212.421230364,0,8.294393006022659,11.18879407475634,0,1.680506785651746e-10,8.70900299228515e-16
905000,Body2,-6365106.430730285,3581502.093526365,0,-8.488523663843024,-11.38991818377167,0,1.680506785651746e-10,8.70900299228515e-16
905000,Body3,8253809.132011066,4571032.770382725,0,-5.586934217989836,20.11241090152919,0,1.680506785651746e-10,8.70900299228515e-16
906000,Body1,6064598.741012109,-3536015.083769178,0,8.26640678711262,11.20587032125297,0,1.680655907362597e-10,0
906000,Body2,-6373580.685012456,3570104.097852974,0,-8.459981864209546,-11.40606263097036,0,1.680655907362597e-10,0
906000,Body3,8248194.400020913,4591098.59160327,0,-5.642492290334935,20.01923097173412,0,1.680655907362597e-10,0
907000,Body1,6072851.146182309,-3524800.701624449,0,8.238400160296882,11.22288345164114,0,1.680779422315018e-10,1.306350448842773e-15
907000,Body2,-6382026.38840418,3558689.989314436,0,-8.431421899182988,-11.42214392180992,0,1.680779422315018e-10,1.306350448842773e-15
907000,Body3,8242524.222173179,4611071.230984609,0,-5.6978261114171,19.92604701687486,0,1.680779422315018e-10,1.306350448842773e-15
908000,Body1,6081075.534566679,-3513569.337882905,0,8.210373233382661,11.2398335246679,0,1.680914987506701e-10,1.306350448842773e-15
908000,Body2,-6390443.522788689,3547259.831043905,0,-8.402843865951681,-11.43816210268164,0,1.680914987506701e-10,1.306350448842773e-15
908000,Body3,8236798.822186933,4630950.683883619,0,-5.75293674312472,19.83285780137231,0,1.680914987506701e-10,1.306350448842773e-15
909000,Body1,6089271.885918815,-3502321.055572602,0,8.182326113666523,11.25672059891835,0,1.681053565258198e-10,1.959525673264159e-15
909000,Body2,-6398832.070146229,3535813.686128207,0,-8.374247861342271,-11.45411721984503,0,1.681053565258198e-10,1.959525673264159e-15
909000,Body3,8231018.422726826,4650736.944423131,0,-5.807825232454006,19.7396620926662,0,1.681053565258198e-10,1.959525673264159e-15
910000,Body1,6097440.180099349,-3491055.917663088,0,8.154258907938038,11.27354473281644,0,1.681187624169973e-10,1.959525673264159e-15
910000,Body2,-6407192.012553672,3524351.617607973,0,-8.34563398182167,-11.47000931942732,0,1.681187624169973e-10,1.959525673264159e-15
910000,Body3,8225183.245417871,4670430.00549488,0,-5.862492611666372,19.64645866108853,0,1.681187624169973e-10,1.959525673264159e-15
911000,Body1,6105580.397075452,-3479773.987065569,0,8.126171722483223,11.29030598462537,0,1.681335239600916e-10,1.524075523649901e-15
911000,Body2,-6415523.3321842,3512873.688477779,0,-8.31700232349908,-11.48583844742275,0,1.681335239600916e-10,1.524075523649901e-15
911000,Body3,8219293.510860145,4690029.858762314,0,-5.916939898442161,19.55324627973778,0,1.681335239600916e-10,1.524075523649901e-15
912000,Body1,6113692.516920335,-3468475.326633072,0,8.098064663087898,11.3070044124484,0,1.681476829912228e-10,1.524075523649901e-15
912000,Body2,-6423826.011306919,3501379.961686269,0,-8.288352982127872,-11.50160464969193,0,1.681476829912228e-10,1.524075523649901e-15
912000,Body3,8213349.438643257,4709536.49466332,0,-5.971168096030722,19.46002372435396,0,1.681476829912228e-10,1.524075523649901e-15
913000,Body1,6121776.519812744,-3457159.999160593,0,8.069937835041252,11.3236400742294,0,1.681624445343171e-10,1.306350448842773e-15
913000,Body2,-6432100.032286501,3489870.500136297,0,-8.25968605310757,-11.51730797196134,0,1.681624445343171e-10,1.306350448842773e-15
913000,Body3,8207351.247360731,4728949.902412786,0,-6.025178193397032,19.36678977319478,0,1.681624445343171e-10,1.306350448842773e-15
914000,Body1,6129832.386036459,-3445828.067385271,0,8.041791343139096,11.34021302775351,0,1.681779592173652e-10,2.177250748071287e-16
914000,Body2,-6440345.377582856,3478345.366685053,0,-8.231001631485718,-11.53294845982263,0,1.681779592173652e-10,2.177250748071287e-16
914000,Body3,8201299.154624199,4748270.070005066,0,-6.078971165364755,19.27354320691238,0,1.681779592173652e-10,2.177250748071287e-16
915000,Body1,6137860.095979825,-3434479.59398654,0,8.01362529168717,11.3567233306477,0,1.681928713884503e-10,2.177250748071287e-16
915000,Body2,-6448562.029750756,3466804.624144208,0,-8.20229981195989,-11.54852615873201,0,1.681928713884503e-10,2.177250748071287e-16
915000,Body3,8195193.377077498,4767496.984216317,0,-6.132547972755979,19.18028280843098,0,1.681928713884503e-10,2.177250748071287e-16
916000,Body1,6145859.630135244,-3423114.641586277,0,7.985439784504503,11.37317104038151,0,1.682065785356093e-10,4.354501496142575e-16
916000,Body2,-6456749.971439504,3455248.335280041,0,-8.173580688879509,-11.56404111400975,0,1.682065785356093e-10,4.354501496142575e-16
916000,Body3,8189034.130410567,4786630.630606703,0,-6.185909562527485,19.08700736282526,0,1.682065785356093e-10,4.354501496142575e-16
917000,Body1,6153830.969098686,-3411733.272748974,0,7.957234924926579,11.38955621426758,0,1.682196831708052e-10,6.531752244213863e-16
917000,Body2,-6464909.185392574,3443676.56281358,0,-8.144844356247818,-11.57949337083956,0,1.682196831708052e-10,6.531752244213863e-16
917000,Body3,8182821.629373274,4805670.993522482,0,-6.239056867903789,18.99371565719956,0,1.682196831708052e-10,6.531752244213863e-16
918000,Body1,6161774.093569228,-3400335.549981887,0,7.929010815808576,11.40587890946234,0,1.682345953418903e-10,2.177250748071287e-16
918000,Body2,-6473039.654447275,3432089.369420739,0,-8.116090907723796,-11.594882974268,0,1.682345953418903e-10,2.177250748071287e-16
918000,Body3,8176556.087789078,4824618.056097995,0,-6.291990808506914,18.9004064805677,0,1.682345953418903e-10,2.177250748071287e-16
919000,Body1,6169688.984348563,-3388921.535735196,0,7.90076755952851,11.42213918296655,0,1.682483024890493e-10,6.531752244213863e-16
919000,Body2,-6481141.361534394,3420486.817732451,0,-8.087320436623953,-11.61020996920387,0,1.682483024890493e-10,6.531752244213863e-16
919000,Body3,8170237.718568567,4843471.80025749,0,-6.344712290482936,18.80707862373376,0,1.682483024890493e-10,6.531752244213863e-16
920000,Body1,6177575.622340512,-3377491.292402155,0,7.872505257990321,11.43833709162607,0,1.682624615201806e-10,8.70900299228515e-16
920000,Body2,-6489214.289677883,3408868.970334815,0,-8.058533035924341,-11.62547440041776,0,1.682624615201806e-10,8.70900299228515e-16
920000,Body3,8163866.733722858,4862232.206716866,0,-6.397222206625407,18.71373087917321,0,1.682624615201806e-10,8.70900299228515e-16
921000,Body1,6185433.988550574,-3366044.882319251,0,7.844224012627014,11.45447269213231,0,1.682776749472471e-10,4.354501496142575e-16
921000,Body2,-6497258.421994483,3397235.889769227,0,-8.029728798262346,-11.64067631254143,0,1.682776749472471e-10,4.354501496142575e-16
921000,Body3,8157443.344376907,4880899.254985288,0,-6.449521436495664,18.62036204091494,0,1.682776749472471e-10,4.354501496142575e-16
922000,Body1,6193264.064085444,-3354582.367766352,0,7.81592392440366,11.47054604102302,0,1.682906289544523e-10,8.70900299228515e-16
922000,Body2,-6505273.741693415,3385587.638532517,0,-8.000907815938548,-11.65581575006722,0,1.682906289544523e-10,8.70900299228515e-16
922000,Body3,8150967.760782666,4899472.923366677,0,-6.501610846540097,18.52697090442389,0,1.682906289544523e-10,8.70900299228515e-16
923000,Body1,6201065.830152559,-3343103.810966874,0,7.787605093820427,11.48655719468282,0,1.683053904975466e-10,6.531752244213863e-16
923000,Body2,-6513260.232076023,3373924.279077095,0,-7.972070180918669,-11.67089275734764,0,1.683053904975466e-10,6.531752244213863e-16
923000,Body3,8144440.192332173,4917953.188961088,0,-6.553491290204402,18.43355626648417,0,1.683053904975466e-10,6.531752244213863e-16
924000,Body1,6208839.268059608,-3331609.274087916,0,7.759267620915523,11.5025062093439,0,1.68320754552604e-10,4.354501496142575e-16
924000,Body2,-6521217.876535456,3362245.873811089,0,-7.943215984835353,-11.68590737859467,0,1.68320754552604e-10,4.354501496142575e-16
924000,Body3,8137860.847570449,4936340.02766597,0,-6.605163608044892,18.34011692508313,0,1.68320754552604e-10,4.354501496142575e-16
925000,Body1,6216584.359214101,-3320098.819240422,0,7.730911605268122,11.51839314108655,0,1.68336269235652e-10,8.70900299228515e-16
925000,Body2,-6529146.658556325,3350552.485098483,0,-7.914345318990044,-11.70085965787944,0,1.68336269235652e-10,8.70900299228515e-16
925000,Body3,8131229.934208383,4954633.414177313,0,-6.656628627836851,18.24665167929542,0,1.68336269235652e-10,8.70900299228515e-16
926000,Body1,6224301.085122895,-3308572.508479336,0,7.702537146001327,11.53421804583984,0,1.683504282667833e-10,6.531752244213863e-16
926000,Body2,-6537046.561714388,3338844.175259263,0,-7.885458274354809,-11.71574963913146,0,1.683504282667833e-10,6.531752244213863e-16
926000,Body3,8124547.659135409,4972833.321990672,0,-6.707887164680074,18.15315932916812,0,1.683504282667833e-10,6.531752244213863e-16
927000,Body1,6231989.427391742,-3297030.403803744,0,7.674144341784938,11.54998097938234,0,1.683650391818869e-10,6.531752244213863e-16
927000,Body2,-6544917.5696762,3327121.006569557,0,-7.856554941574207,-11.73057736613836,0,1.683650391818869e-10,6.531752244213863e-16
927000,Body3,8117814.228432166,4990939.723402101,0,-6.758940021101515,18.05963867560626,0,1.683650391818869e-10,6.531752244213863e-16
928000,Body1,6239649.367724839,-3285472.567157034,0,7.645733290838333,11.56568199734265,0,1.683801019809627e-10,1.088625374035644e-15
928000,Body2,-6552759.666198809,3315383.041261777,0,-7.827635410967079,-11.74534288254519,0,1.683801019809627e-10,1.088625374035644e-15
928000,Body3,8111029.847383026,5008952.589508931,0,-6.809787987155195,17.96608852025879,0,1.683801019809627e-10,1.088625374035644e-15
929000,Body1,6247280.887924374,-3273899.060427031,0,7.617304090933267,11.58132115520005,0,1.683945622680754e-10,1.088625374035644e-15
929000,Body2,-6560572.835129404,3303630.341524757,0,-7.798699772528368,-11.76004623185406,0,1.683945622680754e-10,1.088625374035644e-15
929000,Body3,8104194.720488482,5026871.890210465,0,-6.86043184051931,17.87250766540487,0,1.683945622680754e-10,1.088625374035644e-15
930000,Body1,6254883.9698901,-3262309.945446162,0,7.588856839396584,11.59689850828514,0,1.684085706712159e-10,6.531752244213863e-16
930000,Body2,-6568357.060405016,3291862.969503907,0,-7.76974811593096,-11.77468745742351,0,1.684085706712159e-10,6.531752244213863e-16
930000,Body3,8097309.05147751,5044697.594208561,0,-6.910872346590647,17.7788949138411,0,1.684085706712159e-10,6.531752244213863e-16
931000,Body1,6262458.59561886,-3250705.283991596,0,7.560391633112968,11.61241411178052,0,1.684227297023472e-10,8.70900299228515e-16
931000,Body2,-6576112.326052195,3280080.987301346,0,-7.740780530527489,-11.78926660246818,0,1.684227297023472e-10,8.70900299228515e-16
931000,Body3,8090373.043319779,5062429.669008079,0,-6.961110258576333,17.68524906876865,0,1.684227297023472e-10,8.70900299228515e-16
932000,Body1,6270004.747204158,-3239085.137785393,0,7.531908568527641,11.62786802072142,0,1.684380937574046e-10,1.306350448842773e-15
932000,Body2,-6583838.616186679,3268284.456976053,0,-7.711797105352094,-11.80378371005819,0,1.684380937574046e-10,1.306350448842773e-15
932000,Body3,8083386.898237821,5080068.080917237,0,-7.011146317582911,17.59156893368118,0,1.684380937574046e-10,1.306350448842773e-15
933000,Body1,6277522.406835743,-3227449.568494651,0,7.503407741648982,11.64326028999627,0,1.684525540445173e-10,1.74180059845703e-15
933000,Body2,-6591535.915013079,3256473.440544007,0,-7.682797929122241,-11.81823882311876,0,1.684525540445173e-10,1.74180059845703e-15
933000,Body3,8076350.81771907,5097612.795047848,0,-7.060981252702825,17.4978533122531,0,1.684525540445173e-10,1.74180059845703e-15
934000,Body1,6285011.556799143,-3215798.637731652,0,7.47488924805121,11.65859097434742,0,1.684659599356948e-10,4.354501496142575e-16
934000,Body2,-6599204.206824569,3244647.999978333,0,-7.653783090240508,-11.83263198442965,0,1.684659599356948e-10,4.354501496142575e-16
934000,Body3,8069265.002527845,5115063.775315443,0,-7.110615781098337,17.40410100822798,0,1.684659599356948e-10,4.354501496142575e-16
935000,Body1,6292472.179475245,-3204132.407054009,0,7.446353182876901,11.67386012837183,0,1.684807214787891e-10,1.088625374035644e-15
935000,Body2,-6606843.476002566,3232808.197209453,0,-7.624752676796367,-11.84696323662484,0,1.684807214787891e-10,1.088625374035644e-15
935000,Body3,8062129.652717221,5132420.984439271,0,-7.160050608082874,17.31031082530773,0,1.684807214787891e-10,1.088625374035644e-15
936000,Body1,6299904.257339865,-3192450.937964813,0,7.417799640839611,11.68906780652157,0,1.684954830218834e-10,1.088625374035644e-15
936000,Body2,-6614453.707016421,3220954.094125231,0,-7.595706776567909,-11.86123262219193,0,1.684954830218834e-10,1.088625374035644e-15
936000,Body3,8054944.967640872,5149684.383942246,0,-7.209286427199852,17.21648156704156,0,1.684954830218834e-10,1.088625374035644e-15
937000,Body1,6307307.772963318,-3180754.291912775,0,7.38922871622636,11.70421406310465,0,1.685105458209592e-10,1.524075523649901e-15
937000,Body2,-6622034.884423112,3209085.752571106,0,-7.566645477023667,-11.87544018347175,0,1.685105458209592e-10,1.524075523649901e-15
937000,Body3,8047711.145964761,5166853.934150683,0,-7.258323920299094,17.12261203671574,0,1.685105458209592e-10,1.524075523649901e-15
938000,Body1,6314682.709009992,-3169042.530292362,0,7.360640502900139,11.71929895228553,0,1.685254579920443e-10,1.74180059845703e-15
938000,Body2,-6629586.992866931,3197203.234350258,0,-7.537568865324342,-11.88958596265791,0,1.685254579920443e-10,1.74180059845703e-15
938000,Body3,8040428.38567882,5183929.594194016,0,-7.307163757610697,17.02870103724355,0,1.685254579920443e-10,1.74180059845703e-15
939000,Body1,6322029.048237935,-3157315.714443953,0,7.332035094302401,11.73432252808589,0,1.685400689071478e-10,1.959525673264159e-15
939000,Body2,-6637110.017079174,3185306.601223747,0,-7.508477028324544,-11.90367000179637,0,1.685400689071478e-10,1.959525673264159e-15
939000,Body3,8033096.884108545,5200911.322004359,0,-7.355806597816525,16.9347473710553,0,1.685400689071478e-10,1.959525673264159e-15
940000,Body1,6329346.773498419,-3145573.905653978,0,7.303412583455445,11.74928484438517,0,1.685528722863623e-10,6.531752244213863e-16
940000,Body2,-6644603.94187784,3173395.914910658,0,-7.479370052574554,-11.91769234278499,0,1.685528722863623e-10,6.531752244213863e-16
940000,Body3,8025716.837926485,5217799.074315972,0,-7.404253088119267,16.84074983998879,0,1.685528722863623e-10,6.531752244213863e-16
941000,Body1,6336635.867735531,-3133817.16515506,0,7.274773062964846,11.76418595492141,0,1.685664288055305e-10,4.354501496142575e-16
941000,Body2,-6652068.752167325,3161471.237088253,0,-7.450248024322054,-11.93165302737315,0,1.685664288055305e-10,4.354501496142575e-16
941000,Body3,8018288.443163698,5234592.806664601,0,-7.452503864309155,16.7467072451799,0,1.685664288055305e-10,4.354501496142575e-16
942000,Body1,6343896.313985765,-3122045.554126152,0,7.246116625021846,11.77902591329175,0,1.685808890926433e-10,0
942000,Body2,-6659504.432938129,3149532.629392118,0,-7.421111029513849,-11.94555209716123,0,1.685808890926433e-10,0
942000,Body3,8010811.89522113,5251292.473386742,0,-7.500559550828336,16.65261838695343,0,1.685808890926433e-10,0
943000,Body1,6351128.095377588,-3110259.13369268,0,7.217443361405632,11.79380477295319,0,1.685939937278393e-10,4.354501496142575e-16
943000,Body2,-6666910.969266545,3137580.153416321,0,-7.391959153797589,-11.9593895936003,0,1.685939937278393e-10,4.354501496142575e-16
943000,Body3,8003287.388880935,5267898.027618762,0,-7.548420760832881,16.55848206471422,0,1.685939937278393e-10,4.354501496142575e-16
944000,Body1,6358331.195131039,-3098457.964926676,0,7.188753363485731,11.80852258722329,0,1.686089058989243e-10,8.70900299228515e-16
944000,Body2,-6674288.346314368,3125613.870713546,0,-7.362792482523486,-11.97316555799162,0,1.686089058989243e-10,8.70900299228515e-16
944000,Body3,7995715.118317732,5284409.421295924,0,-7.596088096252535,16.46429707683824,0,1.686089058989243e-10,8.70900299228515e-16
945000,Body1,6365505.596557341,-3086642.108846935,0,7.160046722224219,11.82317940928075,0,1.686226130460833e-10,1.524075523649901e-15
945000,Body2,-6681636.549328584,3113633.84279525,0,-7.333611100746024,-11.9868800314863,0,1.686226130460833e-10,1.524075523649901e-15
945000,Body3,7988095.2771098,5300826.605151311,0,-7.643562147848102,16.37006222056387,0,1.686226130460833e-10,1.524075523649901e-15
946000,Body1,6372651.283058454,-3074811.626419137,0,7.131323528178044,11.83777529216617,0,1.686363201932423e-10,1.524075523649901e-15
946000,Body2,-6688955.563641101,3101640.131131819,0,-7.304415093225658,-12.0005330550849,0,1.686363201932423e-10,1.524075523649901e-15
946000,Body3,7980428.058250217,5317149.528714635,0,-7.690843495266701,16.27577629188351,0,1.686363201932423e-10,1.524075523649901e-15
947000,Body1,6379768.238126709,-3062966.578555994,0,7.102583871501178,11.85231028878274,0,1.686516842482996e-10,1.524075523649901e-15
947000,Body2,-6696245.374668436,3089632.797152712,0,-7.275204544430521,-12.01412466963696,0,1.686516842482996e-10,1.524075523649901e-15
947000,Body3,7972713.654157937,5333378.140310917,0,-7.737932707094666,16.18143808543505,0,1.686516842482996e-10,1.524075523649901e-15
948000,Body1,6386856.445344384,-3051107.026117376,0,7.07382784194686,11.86678445189689,0,1.686653913954586e-10,1.74180059845703e-15
948000,Body2,-6703505.96791142,3077611.902246613,0,-7.245979538538067,-12.0276549158407,0,1.686653913954586e-10,1.74180059845703e-15
948000,Body3,7964952.256688856,5349512.387059106,0,-7.784830340908282,16.08704639439357,0,1.686653913954586e-10,1.74180059845703e-15
949000,Body1,6393915.888383304,-3039233.029910462,0,7.045055528869761,11.88119783413905,0,1.686793997985991e-10,1.959525673264159e-15
949000,Body2,-6710737.328954928,3065577.507761584,0,-7.216740159436826,-12.04112383424255,0,1.686793997985991e-10,1.959525673264159e-15
949000,Body3,7957144.057146767,5365552.214870548,0,-7.831536943322313,15.99260001036298,0,1.686793997985991e-10,1.959525673264159e-15
950000,Body1,6400946.551004475,-3027344.650689865,0,7.016267021228077,11.89555048800429,0,1.686937094577211e-10,1.959525673264159e-15
950000,Body2,-6717939.443467572,3053529.675005219,0,-7.187486490728011,-12.05453146523683,0,1.686937094577211e-10,1.959525673264159e-15
950000,Body3,7949289.246294311,5381497.568447363,0,-7.878053050036342,15.89809772326785,0,1.686937094577211e-10,1.959525673264159e-15
951000,Body1,6407948.417057637,-3015441.949157769,0,6.987462407585706,11.90984246585307,0,1.687092241407692e-10,1.524075523649901e-15
951000,Body2,-6725112.297201429,3041468.46524479,0,-7.158218615727219,-12.0678778490654,0,1.687092241407692e-10,1.524075523649901e-15
951000,Body3,7941388.01436387,5397348.3912807,0,-7.924379185878903,15.80353832124513,0,1.687092241407692e-10,1.524075523649901e-15
952000,Body1,6414921.470480912,-3003524.985964068,0,6.958641776114286,11.92407381991193,0,1.687244375678358e-10,1.088625374035644e-15
952000,Body2,-6732255.875991748,3029393.939707405,0,-7.128936617466088,-12.08116302581715,0,1.687244375678358e-10,1.088625374035644e-15
952000,Body3,7933440.551068414,5413104.62564892,0,-7.970515864849543,15.7089205905359,0,1.687244375678358e-10,1.088625374035644e-15
953000,Body1,6421865.695300393,-2991593.821706492,0,6.929805214595238,11.93824460227421,0,1.687402535068654e-10,8.70900299228515e-16
953000,Body2,-6739370.165756663,3017306.159580164,0,-7.099640578693958,-12.09438703542783,0,1.687402535068654e-10,8.70900299228515e-16
953000,Body3,7925447.045612312,5428766.212615633,0,-8.01646359015867,15.61424331537719,0,1.687402535068654e-10,8.70900299228515e-16
954000,Body1,6428781.075629751,-2979648.516930749,0,6.900952810421828,11.95235486490076,0,1.687550150499597e-10,4.354501496142575e-16
954000,Body2,-6746455.152496926,3005205.1860103,0,-7.070330581879495,-12.10754991767954,0,1.687550150499597e-10,4.354501496142575e-16
954000,Body3,7917407.686702097,5444333.092027624,0,-8.062222854265324,15.51950527789361,0,1.687550150499597e-10,4.354501496142575e-16
955000,Body1,6435667.595669883,-2967689.132130642,0,6.872084650601167,11.96640465962072,0,1.687706803609986e-10,4.354501496142575e-16
955000,Body2,-6753510.822295607,2993091.080105343,0,-7.04100670921235,-12.12065171220044,0,1.687706803609986e-10,4.354501496142575e-16
955000,Body3,7909322.662557216,5459805.202512708,0,-8.107794138912826,15.42470525798905,0,1.687706803609986e-10,4.354501496142575e-16
956000,Body1,6442525.239708474,-2955715.727748226,0,6.84320082175612,11.98039403813218,0,1.687851406481113e-10,4.354501496142575e-16
956000,Body2,-6760537.161317836,2980963.90293328,0,-7.011669042604812,-12.13369245846437,0,1.687851406481113e-10,4.354501496142575e-16
956000,Body3,7901192.160920708,5475182.481477452,0,-8.153177915162299,15.32984203323818,0,1.687851406481113e-10,4.354501496142575e-16
957000,Body1,6449353.992119662,-2943728.364173911,0,6.81430141012733,11.99432305200296,0,1.687996009352241e-10,2.177250748071287e-16
957000,Body2,-6767534.155810507,2968823.715522693,0,-6.9823176636934,-12.14667219579053,0,1.687996009352241e-10,2.177250748071287e-16
957000,Body3,7893016.369069873,5490464.865104789,0,-8.198374643424151,15.23491437877797,0,1.687996009352241e-10,2.177250748071287e-16
958000,Body1,6456153.837363614,-2931727.101746607,0,6.785386501575084,12.00819175267137,0,1.688157181302352e-10,1.088625374035644e-15
958000,Body2,-6774501.79210203,2956670.578862926,0,-6.952952653840513,-12.15959096334315,0,1.688157181302352e-10,1.088625374035644e-15
958000,Body3,7884795.473826922,5505652.288351519,0,-8.243384773487461,15.13992106719897,0,1.688157181302352e-10,1.088625374035644e-15
959000,Body1,6462924.759986184,-2919712.000753855,0,6.756456181581207,12.02200019144692,0,1.688304796733295e-10,1.306350448842773e-15
959000,Body2,-6781440.056602023,2944504.553904231,0,-6.923574094136048,-12.17244880013106,0,1.688304796733295e-10,1.306350448842773e-15
959000,Body3,7876529.661569579,5520744.684945716,0,-8.288208744547255,15.0448608684365,0,1.688304796733295e-10,1.306350448842773e-15
960000,Body1,6469666.744618508,-2907683.121431945,0,6.727510535250961,12.0357484195111,0,1.6884448807647e-10,8.70900299228515e-16
960000,Body2,-6788348.935801074,2932325.701557935,0,-6.894182065398964,-12.18524574500749,0,1.6884448807647e-10,8.70900299228515e-16
960000,Body3,7868219.118241645,5535741.98738402,0,-8.33284698522986,14.94973254966163,0,1.6884448807647e-10,8.70900299228515e-16
961000,Body1,6476379.775976661,-2895640.52396605,0,6.698549647314819,12.04943648791815,0,1.688600027595181e-10,1.306350448842773e-15
961000,Body2,-6795228.416270448,2920134.082696589,0,-6.864776648178966,-12.19798183666964,0,1.688600027595181e-10,1.306350448842773e-15
961000,Body3,7859864.02936359,5550644.126928814,0,-8.377299913616012,14.85453487517208,0,1.688600027595181e-10,1.306350448842773e-15
962000,Body1,6483063.838861234,-2883584.26849035,0,6.669573602130327,12.06306444759581,0,1.688743124186402e-10,8.70900299228515e-16
962000,Body2,-6802078.484661813,2907929.758154125,0,-6.835357922758012,-12.2106571136584,0,1.688743124186402e-10,8.70900299228515e-16
962000,Body3,7851464.58004305,5565451.033605291,0,-8.421567937262138,14.75926660628275,0,1.688743124186402e-10,8.70900299228515e-16
963000,Body1,6489718.918157005,-2871514.415088165,0,6.640582483683862,12.07663234934611,0,1.688875676818269e-10,2.177250748071287e-16
963000,Body2,-6808899.12770701,2895712.78872601,0,-6.805925969151974,-12.22327161435803,0,1.688875676818269e-10,2.177250748071287e-16
963000,Body3,7843020.954985366,5580162.636198419,0,-8.465651453219394,14.66392650121614,0,1.688875676818269e-10,2.177250748071287e-16
964000,Body1,6496344.998832557,-2859431.023792073,0,6.611576375592402,12.09014024384616,0,1.689020279689397e-10,2.177250748071287e-16
964000,Body2,-6815690.332217746,2883483.235169404,0,-6.776480867112204,-12.23582537699585,0,1.689020279689397e-10,2.177250748071287e-16
964000,Body3,7834533.33850407,5594778.862249811,0,-8.509550848050832,14.56851331499246,0,1.689020279689397e-10,2.177250748071287e-16
965000,Body1,6502942.065939897,-2847334.154584036,0,6.582555361105227,12.10358818164892,0,1.689176932799785e-10,8.70900299228515e-16
965000,Body2,-6822452.085085358,2871241.158203324,0,-6.747022696127079,-12.24831843964189,0,1.689176932799785e-10,8.70900299228515e-16
965000,Body3,7826001.914531369,5609299.638054441,0,-8.553266497846534,14.47302579931947,0,1.689176932799785e-10,8.70900299228515e-16
966000,Body1,6509510.104614097,-2835223.867395531,0,6.55351952310565,12.11697621318399,0,1.689314004271375e-10,4.354501496142575e-16
966000,Body2,-6829184.373280531,2858986.618508792,0,-6.717551535423611,-12.2607508402086,0,1.689314004271375e-10,4.354501496142575e-16
966000,Body3,7817426.866628613,5623724.88865729,0,-8.596798768236619,14.37746270248205,0,1.689314004271375e-10,4.354501496142575e-16
967000,Body1,6516049.100072934,-2823100.222107659,0,6.524468944112697,12.13030438875846,0,1.689455594582688e-10,4.354501496142575e-16
967000,Body2,-6835887.183853051,2846719.676728994,0,-6.688067463969003,-12.27312261645059,0,1.689455594582688e-10,4.354501496142575e-16
967000,Body3,7808808.377996752,5638054.537849869,0,-8.640148014402293,14.28182276923143,0,1.689455594582688e-10,4.354501496142575e-16
968000,Body1,6522559.03761653,-2810963.278551276,0,6.49540370628273,12.1435727585577,0,1.68959115977437e-10,1.088625374035644e-15
968000,Body2,-6842560.503931544,2834440.393469444,0,-6.658570560472209,-12.28543380596425,0,1.68959115977437e-10,1.088625374035644e-15
968000,Body3,7800146.631486769,5652288.508166625,0,-8.683314581084968,14.18610474067409,0,1.68959115977437e-10,1.088625374035644e-15
969000,Body1,6529039.902626975,-2798813.096507119,0,6.466323891411082,12.15678137264612,0,1.68973425636559e-10,1.524075523649901e-15
969000,Body2,-6849204.320723217,2822148.829298143,0,-6.629060903385478,-12.29768444618755,0,1.68973425636559e-10,1.524075523649901e-15
969000,Body3,7791441.809610114,5666426.720881247,0,-8.72629880259327,14.09030735416029,0,1.68973425636559e-10,1.524075523649901e-15
970000,Body1,6535491.680567975,-2786649.735705915,0,6.437229580933676,12.16993028096812,0,1.689889403196071e-10,6.531752244213863e-16
970000,Body2,-6855818.621513605,2809845.044745721,0,-6.599538570905911,-12.3098745743997,0,1.689889403196071e-10,6.531752244213863e-16
970000,Body3,7782694.09454916,5680469.096002846,0,-8.769101002808062,13.9944293431722,0,1.689889403196071e-10,6.531752244213863e-16
971000,Body1,6541914.356984491,-2774473.255828509,0,6.408120855928552,12.18301953334883,0,1.690055093985905e-10,4.354501496142575e-16
971000,Body2,-6862403.393666307,2797529.100305622,0,-6.570003640977019,-12.3220042277208,0,1.690055093985905e-10,4.354501496142575e-16
971000,Body3,7773903.668167603,5694415.552272044,0,-8.811721495185493,13.89846943721165,0,1.690055093985905e-10,4.354501496142575e-16
972000,Body1,6548307.917502383,-2762283.716505975,0,6.378997797117462,12.19604917949493,0,1.690192165457495e-10,2.177250748071287e-16
972000,Body2,-6868958.624622731,2785201.056434242,0,-6.540456191290216,-12.33407344311166,0,1.690192165457495e-10,2.177250748071287e-16
972000,Body3,7765070.712020889,5708266.007156909,0,-8.854160582757993,13.80242636168748,0,1.690192165457495e-10,2.177250748071287e-16
973000,Body1,6554672.347828058,-2750081.177319749,0,6.349860484867375,12.20901926899564,0,1.690336768328623e-10,8.70900299228515e-16
973000,Body2,-6875484.301901865,2772860.973551096,0,-6.510896299286367,-12.34608225737352,0,1.690336768328623e-10,8.70900299228515e-16
973000,Body3,7756195.40736666,5722020.376848831,0,-8.896418558133277,13.70629883780237,0,1.690336768328623e-10,8.70900299228515e-16
974000,Body1,6561007.633748116,-2737865.697801725,0,6.320708999191941,12.22192985132344,0,1.690481371199751e-10,1.088625374035644e-15
974000,Body2,-6881980.413100012,2760508.912038975,0,-6.481324042157348,-12.35803070714769,0,1.690481371199751e-10,1.088625374035644e-15
974000,Body3,7747277.935175153,5735678.57625826,0,-8.938495703491405,13.61008558243927,0,1.690481371199751e-10,1.088625374035644e-15
975000,Body1,6567313.761128993,-2725637.337434394,0,6.291543419752996,12.23478097583502,0,1.690625974070878e-10,1.088625374035644e-15
975000,Body2,-6888446.945890534,2748144.932244122,0,-6.451739496847524,-12.36991882891531,0,1.690625974070878e-10,1.088625374035644e-15
975000,Body3,7738318.476139636,5749240.519010321,0,-8.980392290579752,13.51378530804726,0,1.690625974070878e-10,1.088625374035644e-15
976000,Body1,6573590.715916609,-2713396.155650935,0,6.262363825861979,12.24757269177207,0,1.690772083221914e-10,1.524075523649901e-15
976000,Body2,-6894883.888023627,2735769.094476362,0,-6.42214274005525,-12.38174665899716,0,1.690772083221914e-10,1.524075523649901e-15
976000,Body3,7729317.210686858,5762706.117440308,0,-9.022108580705915,13.4173967225269,0,1.690772083221914e-10,1.524075523649901e-15
977000,Body1,6579838.484136021,-2701142.21183535,0,6.233170296481374,12.26030504826231,0,1.690916686093042e-10,1.306350448842773e-15
977000,Body2,-6901291.227326046,2723381.459009291,0,-6.392533848234411,-12.3935142335533,0,1.690916686093042e-10,1.306350448842773e-15
977000,Body3,7720274.31898748,5776075.282589114,0,-9.063644824728762,13.32091852911519,0,1.690916686093042e-10,1.306350448842773e-15
978000,Body1,6586057.051891084,-2688875.565322573,0,6.203962910226067,12.27297809432026,0,1.691062795244077e-10,1.74180059845703e-15
978000,Body2,-6907668.951700891,2710982.086080423,0,-6.362912897595914,-12.40522158858277,0,1.691062795244077e-10,1.74180059845703e-15
978000,Body3,7711189.980966531,5789347.924198483,0,-9.105001263047308,13.22434942626973,0,1.691062795244077e-10,1.74180059845703e-15
979000,Body1,6592246.405364071,-2676596.275398575,0,6.174741745364712,12.28559187884818,0,1.691205891835297e-10,2.612700897685545e-15
979000,Body2,-6914017.049127355,2698571.035891348,0,-6.333279964109152,-12.41686875992357,0,1.691205891835297e-10,2.612700897685545e-15
979000,Body3,7702064.37631388,5802523.950706167,0,-9.146178125587694,13.1276881075525,0,1.691205891835297e-10,2.612700897685545e-15
980000,Body1,6598406.530815378,-2664304.401300484,0,6.145506879821101,12.29814645063707,0,1.691344469586795e-10,3.265876122106931e-15
980000,Body2,-6920335.507660472,2686148.368607905,0,-6.303635123503536,-12.42845578325205,0,1.691344469586795e-10,3.265876122106931e-15
980000,Body3,7692897.684494712,5815603.269240989,0,-9.187175631787913,13.03093326151283,0,1.691344469586795e-10,3.265876122106931e-15
981000,Body1,6604537.414583138,-2652000.002216681,0,6.116258391175447,12.31064185836745,0,1.691487566178015e-10,3.701326271721188e-15
981000,Body2,-6926624.315430884,2673714.144360336,0,-6.273978451269952,-12.43998269408299,0,1.691487566178015e-10,3.701326271721188e-15
981000,Body3,7683690.08476002,5828585.785617776,0,-9.227993990580831,12.93408357156991,0,1.691487566178015e-10,3.701326271721188e-15
982000,Body1,6610639.043082891,-2639683.137286938,0,6.08699635666567,12.32307815061039,0,1.691632169049143e-10,4.136776421335446e-15
982000,Body2,-6932883.460644613,2661268.423243446,0,-6.244310022662241,-12.45144952776918,0,1.691632169049143e-10,4.136776421335446e-15
982000,Body3,7674441.756157132,5841471.404332151,0,-9.268633400374791,12.83713771589465,0,1.691632169049143e-10,4.136776421335446e-15
983000,Body1,6616711.40280726,-2627353.865602495,0,6.057720853188669,12.33545537582844,0,1.691793340999254e-10,3.48360119691406e-15
983000,Body2,-6939112.931582821,2648811.265316777,0,-6.214629912698673,-12.46285631950118,0,1.691793340999254e-10,3.48360119691406e-15
983000,Body3,7665152.877540234,5854260.028555234,0,-9.309094049032415,12.74009436729067,0,1.691793340999254e-10,3.48360119691406e-15
984000,Body1,6622754.480325582,-2615012.246206199,0,6.028431957301529,12.34777358237656,0,1.691940956430197e-10,3.48360119691406e-15
984000,Body2,-6945312.716601544,2636342.73060475,0,-6.184938196163397,-12.47420310430715,0,1.691940956430197e-10,3.48360119691406e-15
984000,Body3,7655823.627580933,5866951.560128219,0,-9.349376113847249,12.64295219307478,0,1.691940956430197e-10,3.48360119691406e-15
985000,Body1,6628768.26228358,-2602658.33809258,0,5.999129745222763,12.36003281850315,0,1.692084053021417e-10,3.701326271721188e-15
985000,Body2,-6951482.80413152,2623862.879096847,0,-6.155234947607927,-12.48548991705253,0,1.692084053021417e-10,3.701326271721188e-15
985000,Body3,7646454.184778847,5879545.899556817,0,-9.389479761518325,12.54570985495656,0,1.692084053021417e-10,3.701326271721188e-15
986000,Body1,6634752.735403033,-2590292.200207983,0,5.969814292833469,12.37223313235093,0,1.692240706131806e-10,3.265876122106931e-15
986000,Body2,-6957623.182677913,2611371.770747764,0,-6.125520241352591,-12.49671679243992,0,1.692240706131806e-10,3.265876122106931e-15
986000,Body3,7637044.72747219,5892042.946005603,0,-9.429405148122614,12.44836600891738,0,1.692240706131806e-10,3.265876122106931e-15
987000,Body1,6640707.886481432,-2577913.89145066,0,5.940485675678449,12.384374571958,0,1.692389827842657e-10,3.701326271721188e-15
987000,Body2,-6963733.840820082,2598869.465477574,0,-6.095794151487951,-12.50788376500874,0,1.692389827842657e-10,3.701326271721188e-15
987000,Body3,7627595.433848428,5904442.597292213,0,-9.469152419085438,12.35091930508852,0,1.692389827842657e-10,3.701326271721188e-15
988000,Body1,6646633.702391644,-2565523.470670874,0,5.91114396896739,12.3964571852589,0,1.692550999792768e-10,3.265876122106931e-15
988000,Body2,-6969814.767211361,2586356.023171895,0,-6.066056751876269,-12.51899086913505,0,1.692550999792768e-10,3.265876122106931e-15
988000,Body3,7618106.481954938,5916744.749881446,0,-9.508721709148746,12.25336838762848,0,1.692550999792768e-10,3.265876122106931e-15
989000,Body1,6652530.170081577,-2553120.996671003,0,5.881789247575949,12.40848102008547,0,1.692707652903156e-10,2.612700897685545e-15
989000,Body2,-6975865.950578842,2573831.503682049,0,-6.036308116152943,-12.53003813903134,0,1.692707652903156e-10,2.612700897685545e-15
989000,Body3,7608578.049709708,5928949.298879208,0,-9.548113142337209,12.15571189459943,0,1.692707652903156e-10,2.612700897685545e-15
990000,Body1,6658397.276573848,-2540706.528205655,0,5.852421586046785,12.42044612416795,0,1.692856774614007e-10,3.265876122106931e-15
990000,Body2,-6981887.379723142,2561295.966825228,0,-6.006548317727937,-12.54102560874626,0,1.692856774614007e-10,3.265876122106931e-15
990000,Body3,7599010.314912085,5941056.138026376,0,-9.587326831922237,12.05794845784298,0,1.692856774614007e-10,3.265876122106931e-15
991000,Body1,6664235.008965459,-2528280.123981747,0,5.823041058590667,12.43235254513606,0,1.693007402604765e-10,3.048151047299802e-15
991000,Body2,-6987879.043518164,2548749.47238466,0,-5.976777429787207,-12.55195331216448,0,1.693007402604765e-10,3.048151047299802e-15
991000,Body3,7589403.455253531,5953065.159692503,0,-9.626362880383791,11.9600767028549,0,1.693007402604765e-10,3.048151047299802e-15
992000,Body1,6670043.354427443,-2515841.842658622,0,5.793647739087432,12.44420033051995,0,1.693152005475893e-10,3.701326271721188e-15
992000,Body2,-6993840.930910896,2536192.080109765,0,-5.946995525294103,-12.56282128300642,0,1.693152005475893e-10,3.701326271721188e-15
992000,Body3,7579757.648328433,5964976.254869414,0,-9.665221379370093,11.86209524865891,0,1.693152005475893e-10,3.701326271721188e-15
993000,Body1,6675822.300204557,-2503391.742848139,0,5.764241701087007,12.45598952775138,0,1.693302633466651e-10,3.701326271721188e-15
993000,Body2,-6999773.030921178,2523623.849716326,0,-5.917202676990827,-12.57362955482805,0,1.693302633466651e-10,3.701326271721188e-15
993000,Body3,7570073.071644982,5976789.313164668,0,-9.703902409655056,11.76400270767972,0,1.693302633466651e-10,3.701326271721188e-15
994000,Body1,6681571.833614947,-2490929.883114774,0,5.734823017810358,12.46772018416466,0,1.693456274017224e-10,3.48360119691406e-15
994000,Body2,-7005675.332641478,2511044.840886656,0,-5.887398957399801,-12.58437816102069,0,1.693456274017224e-10,3.48360119691406e-15
994000,Body3,7560349.902636037,5988504.222794903,0,-9.74240604109356,11.66579768561495,0,1.693456274017224e-10,3.48360119691406e-15
995000,Body1,6687291.942049804,-2478456.321975722,0,5.705391762150439,12.47939234699786,0,1.693623471086966e-10,2.830425972492674e-15
995000,Body2,-7011547.825236679,2498455.11326976,0,-5.857584438825068,-12.59506713481079,0,1.693623471086966e-10,2.830425972492674e-15
995000,Body3,7550588.318670087,6000120.870579029,0,-9.780732332574493,11.56747878130607,0,1.693623471086966e-10,2.830425972492674e-15
996000,Body1,6692982.612973062,-2465971.117900978,0,5.675948006673072,12.49100606339381,0,1.693784643037077e-10,1.959525673264159e-15
996000,Body2,-7017390.497943858,2485854.726481494,0,-5.827759193353725,-12.60569650925975,0,1.693784643037077e-10,1.959525673264159e-15
996000,Body3,7540788.497062218,6011639.141931313,0,-9.81888133197152,11.46904458660849,0,1.693784643037077e-10,1.959525673264159e-15
997000,Body1,6698643.833921043,-2453474.32931345,0,5.646491823617843,12.50256138040124,0,1.693929245908205e-10,2.612700897685545e-15
997000,Body2,-7023203.340072068,2473243.740104735,0,-5.797923292857305,-12.61626631726371,0,1.693929245908205e-10,2.612700897685545e-15
997000,Body3,7530950.615085199,6023058.920854335,0,-9.856853076091642,11.37049368626035,0,1.693929245908205e-10,2.612700897685545e-15
998000,Body1,6704275.592502152,-2440966.014589041,0,5.617023284898969,12.51405834497597,0,1.694084392738686e-10,2.394975822878416e-15
998000,Body2,-7028986.341002137,2460622.213689553,0,-5.768076808993134,-12.62677659155336,0,1.694084392738686e-10,2.394975822878416e-15
998000,Body3,7521074.849980526,6034380.0899318,0,-9.894647590621361,11.27182465775053,0,1.694084392738686e-10,2.394975822878416e-15
999000,Body1,6709877.876396559,-2428446.232056743,0,5.58754246210609,12.52549700398199,0,1.694238033289259e-10,2.394975822878416e-15
999000,Body2,-7034739.490186432,2447990.20675336,0,-5.738219813205752,-12.6372273646937,0,1.694238033289259e-10,2.394975822878416e-15
999000,Body3,7511161.378969612,6045602.530321223,0,-9.932264890070709,11.17303607118523,0,1.694238033289259e-10,2.394975822878416e-15
1000000,Body1,6715450.673355839,-2415915.039998731,0,5.558049426505057,12.53687740419257,0,1.69438715500011e-10,3.265876122106931e-15
1000000,Body2,-7040462.777148667,2435347.778781093,0,-5.708352376728264,-12.64761866908397,0,1.69438715500011e-10,3.265876122106931e-15
1000000,Body3,7501210.379264951,6056726.121746469,0,-9.969704977714699,11.07412648915374,0,1.69438715500011e-10,3.265876122106931e-15
